target,source,value
0xe72eb31b59f85b19499a0f3b3260011894fa0d65,0x4897d38b0974051d8fa34364e37a5993f4a966a5,234
0x6efbaa556ba697e5736114b2ba2efac7d6576bc3,0xcb533258ea6f9238d07ce64e0389f8cf6f39333d,160
0xb630abd9a5367763b7cba316e870c4a54064cc9f,0xc665a60f22dda926b920deb8ffac0ef9d8a17460,57
0x874f50f5f9b1ede8110772463524786ff7d74877,0x3110cbaad657bab2f5c5a8dc6c5e276e5a4c6e32,50
0xfa83887a701db8ae2c25a3f79c2cae0158ab085d,0x2c0a5ed29d463f6c6180ff4dadab248158b6da5b,46
0x9634445e293a87ab77ca3cf5b43da94aabc544b6,0xeb11f192e91e2d4abff199b58222c89472584bf4,42
0x60dac39fff8e51be73e40d5003ec5dabcec0f1d5,0x22e83ce9d3ef9f5a00d4b0d6e56bc440e2de68d5,30
0xcb533258ea6f9238d07ce64e0389f8cf6f39333d,0x9634445e293a87ab77ca3cf5b43da94aabc544b6,20
0xc841b289918a1a7559263bc4c78af1ed15dd49c4,0xd417571a5c56ae01ee6e0d0fcaeb3b338e215144,12
0x1434a8eaa6d3725d44984d674e4f2dd9cc472bf4,0x268d3a8c4701000546dd0bf959bf6c8956cc3e5e,10
0x1434a8eaa6d3725d44984d674e4f2dd9cc472bf4,0x67f155474eb685aef6cd874169f25b3bded6aea6,10
0x6afdf83501af209d2455e49ed9179c209852a701,0x38a4d889a1979133fbc1d58f970f0953e3715c26,9
0x713a24fa5a811cdc1e9be72e670e8d3a6a9b89af,0x4d04eb67a2d1e01c71fad0366e0c200207a75487,9
0x5e92a45225c3925b6180b8672a3cf5dd75bcc4a1,0xe72eb31b59f85b19499a0f3b3260011894fa0d65,8
0xcb533258ea6f9238d07ce64e0389f8cf6f39333d,0x24d9be8c2589c9873bc636e24972cdb891cdbc25,8
0x1ff2875cd548eeae6d22f26bae2d72a50fd143c7,0x24d9be8c2589c9873bc636e24972cdb891cdbc25,7
0x9634445e293a87ab77ca3cf5b43da94aabc544b6,0xb2329a3c03b7c61b7b3d4016e5548c07d5c98daf,7
0x52489ad4ae5aaf6f85eefa1bb74162c4cd1b413b,0x49c3feafddaefc3bed06f4ff87ce86610c2c1076,6
0x52489ad4ae5aaf6f85eefa1bb74162c4cd1b413b,0xd2c8b22d48d83de84ce33438d17b285fb04b8e44,6
0x52489ad4ae5aaf6f85eefa1bb74162c4cd1b413b,0xec9e512fe7e90134d8ca7295329ccb0a57c91ecb,6
0x6afdf83501af209d2455e49ed9179c209852a701,0x8f10ae3ffd993bfb0a71e58e1bb606439dd5b301,6
0x713a24fa5a811cdc1e9be72e670e8d3a6a9b89af,0xb32b4350c25141e779d392c1dbe857b62b60b4c9,6
0x8f10ae3ffd993bfb0a71e58e1bb606439dd5b301,0x53ede7cae3eb6a7d11429fe589c0278c9acbe21a,6
0x8f10ae3ffd993bfb0a71e58e1bb606439dd5b301,0xc142995f05436c91bba172b7d17522a301323236,6
0xcb533258ea6f9238d07ce64e0389f8cf6f39333d,0xe72eb31b59f85b19499a0f3b3260011894fa0d65,6
0x268d3a8c4701000546dd0bf959bf6c8956cc3e5e,0xd417571a5c56ae01ee6e0d0fcaeb3b338e215144,5
0x3110cbaad657bab2f5c5a8dc6c5e276e5a4c6e32,0xd39d7690f3bc17a1fea3f07f42379d73cf8623af,5
0x49c3feafddaefc3bed06f4ff87ce86610c2c1076,0x18d53550ac185bcff1beec179bb46b4c7b4e31b1,5
0x67f155474eb685aef6cd874169f25b3bded6aea6,0x1434a8eaa6d3725d44984d674e4f2dd9cc472bf4,5
0x00f09f87a2e15c9666f37ad48c01e180e66381ed,0x24d9be8c2589c9873bc636e24972cdb891cdbc25,4
0x1434a8eaa6d3725d44984d674e4f2dd9cc472bf4,0xd417571a5c56ae01ee6e0d0fcaeb3b338e215144,4
0x1dc301854bfecb4ba03eb417579585c2b8ea12c1,0xce0d6a61503204ac128b14a293cbe87ff4eb1dc1,4
0x3110cbaad657bab2f5c5a8dc6c5e276e5a4c6e32,0xd2c8b22d48d83de84ce33438d17b285fb04b8e44,4
0x367709d9a9432f22c5de2c3bfdef58cf8e10845f,0x24d9be8c2589c9873bc636e24972cdb891cdbc25,4
0x4d4937f2e4a79e2d09461f74fd62c05b630d7618,0x18d53550ac185bcff1beec179bb46b4c7b4e31b1,4
0xcb533258ea6f9238d07ce64e0389f8cf6f39333d,0xd2c8b22d48d83de84ce33438d17b285fb04b8e44,4
0x1434a8eaa6d3725d44984d674e4f2dd9cc472bf4,0xd39d7690f3bc17a1fea3f07f42379d73cf8623af,3
0x1434a8eaa6d3725d44984d674e4f2dd9cc472bf4,0xe72eb31b59f85b19499a0f3b3260011894fa0d65,3
0x18d53550ac185bcff1beec179bb46b4c7b4e31b1,0xc142995f05436c91bba172b7d17522a301323236,3
0x18d53550ac185bcff1beec179bb46b4c7b4e31b1,0xca48c615ff3b0a966227651596707cc2927ab22d,3
0x1fefbbc536e4d6d22e63c7128226569bc9d50b9e,0xcf6165e56c3383978f6eaaf58b314af41569c0f0,3
0x367709d9a9432f22c5de2c3bfdef58cf8e10845f,0x46ecb3f576c31290e1a4b359fd993e36e86ef9e1,3
0x38a4d889a1979133fbc1d58f970f0953e3715c26,0x4d4937f2e4a79e2d09461f74fd62c05b630d7618,3
0x3ba53cea97bfff5a303ffc66dc4f390383bcd62e,0x6bdac4f8dfda978b26df826ae4ef57f6d3b4f6b7,3
0x49c3feafddaefc3bed06f4ff87ce86610c2c1076,0xcf6165e56c3383978f6eaaf58b314af41569c0f0,3
0x4d4937f2e4a79e2d09461f74fd62c05b630d7618,0x6afdf83501af209d2455e49ed9179c209852a701,3
0x52489ad4ae5aaf6f85eefa1bb74162c4cd1b413b,0x9634445e293a87ab77ca3cf5b43da94aabc544b6,3
0x6b4331048c411795a89d54484e3653107d58a64e,0x713a24fa5a811cdc1e9be72e670e8d3a6a9b89af,3
0x6eb534ed1329e991842b55be375abc63fe7c0e2b,0xd417571a5c56ae01ee6e0d0fcaeb3b338e215144,3
0x74e84bc24f6b3bf48f525763a184efbaef3efde1,0x4d04eb67a2d1e01c71fad0366e0c200207a75487,3
0x79804382f29aad0e3f43f3b50ba9d9bb55ad4cab,0x24d9be8c2589c9873bc636e24972cdb891cdbc25,3
0x83c8f28c26bf6aaca652df1dbbe0e1b56f8baba2,0x4d04eb67a2d1e01c71fad0366e0c200207a75487,3
0x86f58ad823e50e34190b597290a547301dba994e,0x4d04eb67a2d1e01c71fad0366e0c200207a75487,3
0x86f58ad823e50e34190b597290a547301dba994e,0xeb11f192e91e2d4abff199b58222c89472584bf4,3
0x87375c43c6e95d2b1974662dc97e3ca25c3cd9a7,0xd2c8b22d48d83de84ce33438d17b285fb04b8e44,3
0x9634445e293a87ab77ca3cf5b43da94aabc544b6,0x1ff2875cd548eeae6d22f26bae2d72a50fd143c7,3
0xb2329a3c03b7c61b7b3d4016e5548c07d5c98daf,0xc142995f05436c91bba172b7d17522a301323236,3
0xb7dc1c26f1b893d4183d8014e341d1c6feb0b257,0xd2c8b22d48d83de84ce33438d17b285fb04b8e44,3
0xb7dc1c26f1b893d4183d8014e341d1c6feb0b257,0xd39d7690f3bc17a1fea3f07f42379d73cf8623af,3
0xcb533258ea6f9238d07ce64e0389f8cf6f39333d,0x60dac39fff8e51be73e40d5003ec5dabcec0f1d5,3
0xcb533258ea6f9238d07ce64e0389f8cf6f39333d,0xd417571a5c56ae01ee6e0d0fcaeb3b338e215144,3
0xead6605b9e105e28bd35e9f494131c10c1281ce9,0xe487ed5ec80cca6e8a44f6d6f3f712088df8ad4f,3
0xec9e512fe7e90134d8ca7295329ccb0a57c91ecb,0xc142995f05436c91bba172b7d17522a301323236,3
0x061600d3515b387d562504eed5a1a485f9ae0ee4,0x113d754ff2e6ca9fd6ab51932493e4f9dabdf596,2
0x061600d3515b387d562504eed5a1a485f9ae0ee4,0x3ba53cea97bfff5a303ffc66dc4f390383bcd62e,2
0x061600d3515b387d562504eed5a1a485f9ae0ee4,0xc44eaf9cf5c54ded3111e595d66b98d6f595f0a7,2
0x061600d3515b387d562504eed5a1a485f9ae0ee4,0xe72eb31b59f85b19499a0f3b3260011894fa0d65,2
0x0c1bd9c2019e206963a886a2c1e7a0f11a0b634e,0x113d754ff2e6ca9fd6ab51932493e4f9dabdf596,2
0x0c1bd9c2019e206963a886a2c1e7a0f11a0b634e,0x24d9be8c2589c9873bc636e24972cdb891cdbc25,2
0x1434a8eaa6d3725d44984d674e4f2dd9cc472bf4,0x00f09f87a2e15c9666f37ad48c01e180e66381ed,2
0x1434a8eaa6d3725d44984d674e4f2dd9cc472bf4,0x46ecb3f576c31290e1a4b359fd993e36e86ef9e1,2
0x18d53550ac185bcff1beec179bb46b4c7b4e31b1,0xb32b4350c25141e779d392c1dbe857b62b60b4c9,2
0x18d53550ac185bcff1beec179bb46b4c7b4e31b1,0xcfb098c1d44eb12f93f9aaece5d6054e2a2240ab,2
0x1fefbbc536e4d6d22e63c7128226569bc9d50b9e,0x47d5aec8eb4b3aaf21d12823bb2d74e97011dab0,2
0x1fefbbc536e4d6d22e63c7128226569bc9d50b9e,0x6afdf83501af209d2455e49ed9179c209852a701,2
0x1ff2875cd548eeae6d22f26bae2d72a50fd143c7,0x01503dc708ce3c55017194847a07acb679d49f47,2
0x1ff2875cd548eeae6d22f26bae2d72a50fd143c7,0x391c8f2d68c38d1fc60869800e65e8bcdf21cfc8,2
0x1ff2875cd548eeae6d22f26bae2d72a50fd143c7,0xc142995f05436c91bba172b7d17522a301323236,2
0x224f590a8b58f83bd2673348d6ac75a7b27f9b54,0xec9e512fe7e90134d8ca7295329ccb0a57c91ecb,2
0x228f9fd74f35080771a9e858f9575451d3ccf7ed,0xd39d7690f3bc17a1fea3f07f42379d73cf8623af,2
0x22e83ce9d3ef9f5a00d4b0d6e56bc440e2de68d5,0xcf6165e56c3383978f6eaaf58b314af41569c0f0,2
0x24d9be8c2589c9873bc636e24972cdb891cdbc25,0x6bdac4f8dfda978b26df826ae4ef57f6d3b4f6b7,2
0x3110cbaad657bab2f5c5a8dc6c5e276e5a4c6e32,0x24d9be8c2589c9873bc636e24972cdb891cdbc25,2
0x3110cbaad657bab2f5c5a8dc6c5e276e5a4c6e32,0x46ecb3f576c31290e1a4b359fd993e36e86ef9e1,2
0x367709d9a9432f22c5de2c3bfdef58cf8e10845f,0x01503dc708ce3c55017194847a07acb679d49f47,2
0x367709d9a9432f22c5de2c3bfdef58cf8e10845f,0x391c8f2d68c38d1fc60869800e65e8bcdf21cfc8,2
0x367709d9a9432f22c5de2c3bfdef58cf8e10845f,0x47d5aec8eb4b3aaf21d12823bb2d74e97011dab0,2
0x367709d9a9432f22c5de2c3bfdef58cf8e10845f,0xc142995f05436c91bba172b7d17522a301323236,2
0x38a4d889a1979133fbc1d58f970f0953e3715c26,0x391c8f2d68c38d1fc60869800e65e8bcdf21cfc8,2
0x38a4d889a1979133fbc1d58f970f0953e3715c26,0xd39d7690f3bc17a1fea3f07f42379d73cf8623af,2
0x38a4d889a1979133fbc1d58f970f0953e3715c26,0xec9e512fe7e90134d8ca7295329ccb0a57c91ecb,2
0x391c8f2d68c38d1fc60869800e65e8bcdf21cfc8,0x113d754ff2e6ca9fd6ab51932493e4f9dabdf596,2
0x391c8f2d68c38d1fc60869800e65e8bcdf21cfc8,0x338699008f8a12422ab0d69361f7f83741d3ceca,2
0x391c8f2d68c38d1fc60869800e65e8bcdf21cfc8,0x46ecb3f576c31290e1a4b359fd993e36e86ef9e1,2
0x391c8f2d68c38d1fc60869800e65e8bcdf21cfc8,0x7ea43f8d17907525c144617c8b04594774c024ab,2
0x492191d35ee2040e7733e7d18e405314a31aba85,0x24d9be8c2589c9873bc636e24972cdb891cdbc25,2
0x49c3feafddaefc3bed06f4ff87ce86610c2c1076,0x0c1bd9c2019e206963a886a2c1e7a0f11a0b634e,2
0x49c3feafddaefc3bed06f4ff87ce86610c2c1076,0x53ede7cae3eb6a7d11429fe589c0278c9acbe21a,2
0x49c3feafddaefc3bed06f4ff87ce86610c2c1076,0x6afdf83501af209d2455e49ed9179c209852a701,2
0x4d4937f2e4a79e2d09461f74fd62c05b630d7618,0xcf6165e56c3383978f6eaaf58b314af41569c0f0,2
0x52489ad4ae5aaf6f85eefa1bb74162c4cd1b413b,0x0c1bd9c2019e206963a886a2c1e7a0f11a0b634e,2
0x52489ad4ae5aaf6f85eefa1bb74162c4cd1b413b,0x47d5aec8eb4b3aaf21d12823bb2d74e97011dab0,2
0x52489ad4ae5aaf6f85eefa1bb74162c4cd1b413b,0xfa83887a701db8ae2c25a3f79c2cae0158ab085d,2
0x6afdf83501af209d2455e49ed9179c209852a701,0x113d754ff2e6ca9fd6ab51932493e4f9dabdf596,2
0x6afdf83501af209d2455e49ed9179c209852a701,0x4d04eb67a2d1e01c71fad0366e0c200207a75487,2
0x6afdf83501af209d2455e49ed9179c209852a701,0x6b4331048c411795a89d54484e3653107d58a64e,2
0x713a24fa5a811cdc1e9be72e670e8d3a6a9b89af,0x6eb534ed1329e991842b55be375abc63fe7c0e2b,2
0x74e84bc24f6b3bf48f525763a184efbaef3efde1,0x24d9be8c2589c9873bc636e24972cdb891cdbc25,2
0x7a70536c4d695b1ec9df972e91461e834bfb00e8,0x228f9fd74f35080771a9e858f9575451d3ccf7ed,2
0x7a70536c4d695b1ec9df972e91461e834bfb00e8,0xc142995f05436c91bba172b7d17522a301323236,2
0x7ea43f8d17907525c144617c8b04594774c024ab,0x74e84bc24f6b3bf48f525763a184efbaef3efde1,2
0x8513fafe1813b6ec3bbd9fc4baf5340bda8d670b,0xc142995f05436c91bba172b7d17522a301323236,2
0x87375c43c6e95d2b1974662dc97e3ca25c3cd9a7,0x1dc301854bfecb4ba03eb417579585c2b8ea12c1,2
0x87375c43c6e95d2b1974662dc97e3ca25c3cd9a7,0x713a24fa5a811cdc1e9be72e670e8d3a6a9b89af,2
0x87375c43c6e95d2b1974662dc97e3ca25c3cd9a7,0x8f10ae3ffd993bfb0a71e58e1bb606439dd5b301,2
0x87375c43c6e95d2b1974662dc97e3ca25c3cd9a7,0xd39d7690f3bc17a1fea3f07f42379d73cf8623af,2
0x8f10ae3ffd993bfb0a71e58e1bb606439dd5b301,0x113d754ff2e6ca9fd6ab51932493e4f9dabdf596,2
0x8f10ae3ffd993bfb0a71e58e1bb606439dd5b301,0x86f58ad823e50e34190b597290a547301dba994e,2
0x95c2937f0565e259b5afd4269a0fa221d2d3c5ec,0x9f0e04480bd5e90fc47dcc043132e4be95bd3315,2
0x9634445e293a87ab77ca3cf5b43da94aabc544b6,0xcfb098c1d44eb12f93f9aaece5d6054e2a2240ab,2
0xb2329a3c03b7c61b7b3d4016e5548c07d5c98daf,0x113d754ff2e6ca9fd6ab51932493e4f9dabdf596,2
0xb2329a3c03b7c61b7b3d4016e5548c07d5c98daf,0xcfb098c1d44eb12f93f9aaece5d6054e2a2240ab,2
0xb7dc1c26f1b893d4183d8014e341d1c6feb0b257,0x6bdac4f8dfda978b26df826ae4ef57f6d3b4f6b7,2
0xb7dc1c26f1b893d4183d8014e341d1c6feb0b257,0xf49f263806a1defa546f6d388615bbc487e53ab1,2
0xb84f6da1b9accee009bdaba61573179b666b0d1a,0x01503dc708ce3c55017194847a07acb679d49f47,2
0xb84f6da1b9accee009bdaba61573179b666b0d1a,0x4d04eb67a2d1e01c71fad0366e0c200207a75487,2
0xb84f6da1b9accee009bdaba61573179b666b0d1a,0xb2329a3c03b7c61b7b3d4016e5548c07d5c98daf,2
0xb84f6da1b9accee009bdaba61573179b666b0d1a,0xcf6165e56c3383978f6eaaf58b314af41569c0f0,2
0xc841b289918a1a7559263bc4c78af1ed15dd49c4,0x391c8f2d68c38d1fc60869800e65e8bcdf21cfc8,2
0xc841b289918a1a7559263bc4c78af1ed15dd49c4,0xb2329a3c03b7c61b7b3d4016e5548c07d5c98daf,2
0xcb533258ea6f9238d07ce64e0389f8cf6f39333d,0x113d754ff2e6ca9fd6ab51932493e4f9dabdf596,2
0xcb533258ea6f9238d07ce64e0389f8cf6f39333d,0x391c8f2d68c38d1fc60869800e65e8bcdf21cfc8,2
0xcb533258ea6f9238d07ce64e0389f8cf6f39333d,0x67f155474eb685aef6cd874169f25b3bded6aea6,2
0xe4446d52e2bdb3e31470643ab1753a4c2aeee3ea,0xd39d7690f3bc17a1fea3f07f42379d73cf8623af,2
0xe54cf30a3f31f3076e9ab5bd122379545a137b4c,0x74e84bc24f6b3bf48f525763a184efbaef3efde1,2
0xead6605b9e105e28bd35e9f494131c10c1281ce9,0xb59825afbba29d5257f877a8a64265c3a10fc2ab,2
0x00f09f87a2e15c9666f37ad48c01e180e66381ed,0xcfb098c1d44eb12f93f9aaece5d6054e2a2240ab,1
0x00f09f87a2e15c9666f37ad48c01e180e66381ed,0xf49f263806a1defa546f6d388615bbc487e53ab1,1
0x01503dc708ce3c55017194847a07acb679d49f47,0xb2329a3c03b7c61b7b3d4016e5548c07d5c98daf,1
0x01503dc708ce3c55017194847a07acb679d49f47,0xd2c8b22d48d83de84ce33438d17b285fb04b8e44,1
0x01503dc708ce3c55017194847a07acb679d49f47,0xd39d7690f3bc17a1fea3f07f42379d73cf8623af,1
0x01503dc708ce3c55017194847a07acb679d49f47,0xfa83887a701db8ae2c25a3f79c2cae0158ab085d,1
0x061600d3515b387d562504eed5a1a485f9ae0ee4,0x9634445e293a87ab77ca3cf5b43da94aabc544b6,1
0x061600d3515b387d562504eed5a1a485f9ae0ee4,0xb2329a3c03b7c61b7b3d4016e5548c07d5c98daf,1
0x061600d3515b387d562504eed5a1a485f9ae0ee4,0xbb4f506d1258665b8955f86d9ab16047d935d995,1
0x061600d3515b387d562504eed5a1a485f9ae0ee4,0xd39d7690f3bc17a1fea3f07f42379d73cf8623af,1
0x0c1bd9c2019e206963a886a2c1e7a0f11a0b634e,0x86f58ad823e50e34190b597290a547301dba994e,1
0x0c1bd9c2019e206963a886a2c1e7a0f11a0b634e,0xb32b4350c25141e779d392c1dbe857b62b60b4c9,1
0x1120af84ddaaadefd794b7c145cdc20a415fc3d3,0x0f3f0ce37f087e38b83f6de6f013e3bfdd888160,1
0x1120af84ddaaadefd794b7c145cdc20a415fc3d3,0x113d754ff2e6ca9fd6ab51932493e4f9dabdf596,1
0x1120af84ddaaadefd794b7c145cdc20a415fc3d3,0x7ea43f8d17907525c144617c8b04594774c024ab,1
0x1120af84ddaaadefd794b7c145cdc20a415fc3d3,0xb630abd9a5367763b7cba316e870c4a54064cc9f,1
0x1120af84ddaaadefd794b7c145cdc20a415fc3d3,0xcfb098c1d44eb12f93f9aaece5d6054e2a2240ab,1
0x113d754ff2e6ca9fd6ab51932493e4f9dabdf596,0x4897d38b0974051d8fa34364e37a5993f4a966a5,1
0x1434a8eaa6d3725d44984d674e4f2dd9cc472bf4,0x1ff2875cd548eeae6d22f26bae2d72a50fd143c7,1
0x1434a8eaa6d3725d44984d674e4f2dd9cc472bf4,0x3ff8141782b6d3073251e99a7392fde3bf72871e,1
0x1434a8eaa6d3725d44984d674e4f2dd9cc472bf4,0x60dac39fff8e51be73e40d5003ec5dabcec0f1d5,1
0x1434a8eaa6d3725d44984d674e4f2dd9cc472bf4,0xc142995f05436c91bba172b7d17522a301323236,1
0x1434a8eaa6d3725d44984d674e4f2dd9cc472bf4,0xc44eaf9cf5c54ded3111e595d66b98d6f595f0a7,1
0x1434a8eaa6d3725d44984d674e4f2dd9cc472bf4,0xd2c8b22d48d83de84ce33438d17b285fb04b8e44,1
0x1434a8eaa6d3725d44984d674e4f2dd9cc472bf4,0xfa83887a701db8ae2c25a3f79c2cae0158ab085d,1
0x18d53550ac185bcff1beec179bb46b4c7b4e31b1,0x113d754ff2e6ca9fd6ab51932493e4f9dabdf596,1
0x18d53550ac185bcff1beec179bb46b4c7b4e31b1,0x86f58ad823e50e34190b597290a547301dba994e,1
0x18d53550ac185bcff1beec179bb46b4c7b4e31b1,0xb2329a3c03b7c61b7b3d4016e5548c07d5c98daf,1
0x1dc301854bfecb4ba03eb417579585c2b8ea12c1,0x1fefbbc536e4d6d22e63c7128226569bc9d50b9e,1
0x1dc301854bfecb4ba03eb417579585c2b8ea12c1,0x74e84bc24f6b3bf48f525763a184efbaef3efde1,1
0x1dc301854bfecb4ba03eb417579585c2b8ea12c1,0x8f10ae3ffd993bfb0a71e58e1bb606439dd5b301,1
0x1fefbbc536e4d6d22e63c7128226569bc9d50b9e,0x24d9be8c2589c9873bc636e24972cdb891cdbc25,1
0x1fefbbc536e4d6d22e63c7128226569bc9d50b9e,0xe72eb31b59f85b19499a0f3b3260011894fa0d65,1
0x1ff2875cd548eeae6d22f26bae2d72a50fd143c7,0x0f3f0ce37f087e38b83f6de6f013e3bfdd888160,1
0x1ff2875cd548eeae6d22f26bae2d72a50fd143c7,0x713a24fa5a811cdc1e9be72e670e8d3a6a9b89af,1
0x1ff2875cd548eeae6d22f26bae2d72a50fd143c7,0x79804382f29aad0e3f43f3b50ba9d9bb55ad4cab,1
0x1ff2875cd548eeae6d22f26bae2d72a50fd143c7,0x8513fafe1813b6ec3bbd9fc4baf5340bda8d670b,1
0x1ff2875cd548eeae6d22f26bae2d72a50fd143c7,0x8f10ae3ffd993bfb0a71e58e1bb606439dd5b301,1
0x1ff2875cd548eeae6d22f26bae2d72a50fd143c7,0xd39d7690f3bc17a1fea3f07f42379d73cf8623af,1
0x224f590a8b58f83bd2673348d6ac75a7b27f9b54,0x9634445e293a87ab77ca3cf5b43da94aabc544b6,1
0x228f9fd74f35080771a9e858f9575451d3ccf7ed,0x1fefbbc536e4d6d22e63c7128226569bc9d50b9e,1
0x228f9fd74f35080771a9e858f9575451d3ccf7ed,0x24d9be8c2589c9873bc636e24972cdb891cdbc25,1
0x228f9fd74f35080771a9e858f9575451d3ccf7ed,0x9634445e293a87ab77ca3cf5b43da94aabc544b6,1
0x228f9fd74f35080771a9e858f9575451d3ccf7ed,0xcc5ddc8ccd5b1e90bc42f998ec864ead0090a12b,1
0x22e83ce9d3ef9f5a00d4b0d6e56bc440e2de68d5,0x7ea43f8d17907525c144617c8b04594774c024ab,1
0x22e83ce9d3ef9f5a00d4b0d6e56bc440e2de68d5,0xe72eb31b59f85b19499a0f3b3260011894fa0d65,1
0x24d9be8c2589c9873bc636e24972cdb891cdbc25,0x1ff2875cd548eeae6d22f26bae2d72a50fd143c7,1
0x268d3a8c4701000546dd0bf959bf6c8956cc3e5e,0x113d754ff2e6ca9fd6ab51932493e4f9dabdf596,1
0x268d3a8c4701000546dd0bf959bf6c8956cc3e5e,0x1fefbbc536e4d6d22e63c7128226569bc9d50b9e,1
0x268d3a8c4701000546dd0bf959bf6c8956cc3e5e,0x3ba53cea97bfff5a303ffc66dc4f390383bcd62e,1
0x268d3a8c4701000546dd0bf959bf6c8956cc3e5e,0x49c3feafddaefc3bed06f4ff87ce86610c2c1076,1
0x268d3a8c4701000546dd0bf959bf6c8956cc3e5e,0x60dac39fff8e51be73e40d5003ec5dabcec0f1d5,1
0x268d3a8c4701000546dd0bf959bf6c8956cc3e5e,0x7310e238f2260ff111a941059b023b3ebcf2d54e,1
0x268d3a8c4701000546dd0bf959bf6c8956cc3e5e,0x8513fafe1813b6ec3bbd9fc4baf5340bda8d670b,1
0x268d3a8c4701000546dd0bf959bf6c8956cc3e5e,0x882ff1134f17017fe2c1f4b464eee7d4f0b0d476,1
0x268d3a8c4701000546dd0bf959bf6c8956cc3e5e,0xca05da65c7f83a30556ffffb035e58bada4d9ccf,1
0x268d3a8c4701000546dd0bf959bf6c8956cc3e5e,0xd39d7690f3bc17a1fea3f07f42379d73cf8623af,1
0x268d3a8c4701000546dd0bf959bf6c8956cc3e5e,0xe72eb31b59f85b19499a0f3b3260011894fa0d65,1
0x2ae33728de40aab880d70b5007a626d6aae6a0a9,0x0f3f0ce37f087e38b83f6de6f013e3bfdd888160,1
0x2ae33728de40aab880d70b5007a626d6aae6a0a9,0x1dc301854bfecb4ba03eb417579585c2b8ea12c1,1
0x2ae33728de40aab880d70b5007a626d6aae6a0a9,0x46ecb3f576c31290e1a4b359fd993e36e86ef9e1,1
0x2ae33728de40aab880d70b5007a626d6aae6a0a9,0xc142995f05436c91bba172b7d17522a301323236,1
0x2ae33728de40aab880d70b5007a626d6aae6a0a9,0xcfb098c1d44eb12f93f9aaece5d6054e2a2240ab,1
0x2ae33728de40aab880d70b5007a626d6aae6a0a9,0xd387a6e4e84a6c86bd90c158c6028a58cc8ac459,1
0x2ae33728de40aab880d70b5007a626d6aae6a0a9,0xd39d7690f3bc17a1fea3f07f42379d73cf8623af,1
0x2ae33728de40aab880d70b5007a626d6aae6a0a9,0xe487ed5ec80cca6e8a44f6d6f3f712088df8ad4f,1
0x2ae33728de40aab880d70b5007a626d6aae6a0a9,0xe72eb31b59f85b19499a0f3b3260011894fa0d65,1
0x3110cbaad657bab2f5c5a8dc6c5e276e5a4c6e32,0x113d754ff2e6ca9fd6ab51932493e4f9dabdf596,1
0x3110cbaad657bab2f5c5a8dc6c5e276e5a4c6e32,0x18d53550ac185bcff1beec179bb46b4c7b4e31b1,1
0x3110cbaad657bab2f5c5a8dc6c5e276e5a4c6e32,0x338699008f8a12422ab0d69361f7f83741d3ceca,1
0x3110cbaad657bab2f5c5a8dc6c5e276e5a4c6e32,0x4955d905336c9751734c62ac56ac4aec0f3053b3,1
0x3110cbaad657bab2f5c5a8dc6c5e276e5a4c6e32,0x713a24fa5a811cdc1e9be72e670e8d3a6a9b89af,1
0x3110cbaad657bab2f5c5a8dc6c5e276e5a4c6e32,0x8a5a244b08678a7de0605494fe4e76c552935d38,1
0x3110cbaad657bab2f5c5a8dc6c5e276e5a4c6e32,0x8f10ae3ffd993bfb0a71e58e1bb606439dd5b301,1
0x3110cbaad657bab2f5c5a8dc6c5e276e5a4c6e32,0xb7dc1c26f1b893d4183d8014e341d1c6feb0b257,1
0x3110cbaad657bab2f5c5a8dc6c5e276e5a4c6e32,0xc142995f05436c91bba172b7d17522a301323236,1
0x3110cbaad657bab2f5c5a8dc6c5e276e5a4c6e32,0xe72eb31b59f85b19499a0f3b3260011894fa0d65,1
0x338699008f8a12422ab0d69361f7f83741d3ceca,0x391c8f2d68c38d1fc60869800e65e8bcdf21cfc8,1
0x367709d9a9432f22c5de2c3bfdef58cf8e10845f,0x0f3f0ce37f087e38b83f6de6f013e3bfdd888160,1
0x367709d9a9432f22c5de2c3bfdef58cf8e10845f,0x1434a8eaa6d3725d44984d674e4f2dd9cc472bf4,1
0x367709d9a9432f22c5de2c3bfdef58cf8e10845f,0x1fefbbc536e4d6d22e63c7128226569bc9d50b9e,1
0x367709d9a9432f22c5de2c3bfdef58cf8e10845f,0x4955d905336c9751734c62ac56ac4aec0f3053b3,1
0x367709d9a9432f22c5de2c3bfdef58cf8e10845f,0x6bdac4f8dfda978b26df826ae4ef57f6d3b4f6b7,1
0x367709d9a9432f22c5de2c3bfdef58cf8e10845f,0xcd981d4402a3d88fff43afdc5926514bdb5824bd,1
0x367709d9a9432f22c5de2c3bfdef58cf8e10845f,0xcfb098c1d44eb12f93f9aaece5d6054e2a2240ab,1
0x367709d9a9432f22c5de2c3bfdef58cf8e10845f,0xf49f263806a1defa546f6d388615bbc487e53ab1,1
0x38a4d889a1979133fbc1d58f970f0953e3715c26,0x00f09f87a2e15c9666f37ad48c01e180e66381ed,1
0x38a4d889a1979133fbc1d58f970f0953e3715c26,0x113d754ff2e6ca9fd6ab51932493e4f9dabdf596,1
0x38a4d889a1979133fbc1d58f970f0953e3715c26,0x1dc301854bfecb4ba03eb417579585c2b8ea12c1,1
0x38a4d889a1979133fbc1d58f970f0953e3715c26,0x1ff2875cd548eeae6d22f26bae2d72a50fd143c7,1
0x38a4d889a1979133fbc1d58f970f0953e3715c26,0x6bdac4f8dfda978b26df826ae4ef57f6d3b4f6b7,1
0x38a4d889a1979133fbc1d58f970f0953e3715c26,0x713a24fa5a811cdc1e9be72e670e8d3a6a9b89af,1
0x38a4d889a1979133fbc1d58f970f0953e3715c26,0x7ea43f8d17907525c144617c8b04594774c024ab,1
0x38a4d889a1979133fbc1d58f970f0953e3715c26,0x8513fafe1813b6ec3bbd9fc4baf5340bda8d670b,1
0x38a4d889a1979133fbc1d58f970f0953e3715c26,0x8a5a244b08678a7de0605494fe4e76c552935d38,1
0x38a4d889a1979133fbc1d58f970f0953e3715c26,0x8f10ae3ffd993bfb0a71e58e1bb606439dd5b301,1
0x38a4d889a1979133fbc1d58f970f0953e3715c26,0x9f0e04480bd5e90fc47dcc043132e4be95bd3315,1
0x38a4d889a1979133fbc1d58f970f0953e3715c26,0xd2c8b22d48d83de84ce33438d17b285fb04b8e44,1
0x391c8f2d68c38d1fc60869800e65e8bcdf21cfc8,0x24d9be8c2589c9873bc636e24972cdb891cdbc25,1
0x391c8f2d68c38d1fc60869800e65e8bcdf21cfc8,0x8513fafe1813b6ec3bbd9fc4baf5340bda8d670b,1
0x391c8f2d68c38d1fc60869800e65e8bcdf21cfc8,0x8f10ae3ffd993bfb0a71e58e1bb606439dd5b301,1
0x391c8f2d68c38d1fc60869800e65e8bcdf21cfc8,0xe72eb31b59f85b19499a0f3b3260011894fa0d65,1
0x3ba53cea97bfff5a303ffc66dc4f390383bcd62e,0x1fefbbc536e4d6d22e63c7128226569bc9d50b9e,1
0x3ba53cea97bfff5a303ffc66dc4f390383bcd62e,0x47d5aec8eb4b3aaf21d12823bb2d74e97011dab0,1
0x3ba53cea97bfff5a303ffc66dc4f390383bcd62e,0x713a24fa5a811cdc1e9be72e670e8d3a6a9b89af,1
0x3ba53cea97bfff5a303ffc66dc4f390383bcd62e,0xb2329a3c03b7c61b7b3d4016e5548c07d5c98daf,1
0x3ba53cea97bfff5a303ffc66dc4f390383bcd62e,0xb32b4350c25141e779d392c1dbe857b62b60b4c9,1
0x3ba53cea97bfff5a303ffc66dc4f390383bcd62e,0xcc5ddc8ccd5b1e90bc42f998ec864ead0090a12b,1
0x3ba53cea97bfff5a303ffc66dc4f390383bcd62e,0xcf6165e56c3383978f6eaaf58b314af41569c0f0,1
0x47d5aec8eb4b3aaf21d12823bb2d74e97011dab0,0x338699008f8a12422ab0d69361f7f83741d3ceca,1
0x492191d35ee2040e7733e7d18e405314a31aba85,0x113d754ff2e6ca9fd6ab51932493e4f9dabdf596,1
0x492191d35ee2040e7733e7d18e405314a31aba85,0x3ff8141782b6d3073251e99a7392fde3bf72871e,1
0x492191d35ee2040e7733e7d18e405314a31aba85,0x8513fafe1813b6ec3bbd9fc4baf5340bda8d670b,1
0x492191d35ee2040e7733e7d18e405314a31aba85,0xcf6165e56c3383978f6eaaf58b314af41569c0f0,1
0x492191d35ee2040e7733e7d18e405314a31aba85,0xcfb098c1d44eb12f93f9aaece5d6054e2a2240ab,1
0x492191d35ee2040e7733e7d18e405314a31aba85,0xe72eb31b59f85b19499a0f3b3260011894fa0d65,1
0x4955d905336c9751734c62ac56ac4aec0f3053b3,0x6bdac4f8dfda978b26df826ae4ef57f6d3b4f6b7,1
0x49c3feafddaefc3bed06f4ff87ce86610c2c1076,0x24d9be8c2589c9873bc636e24972cdb891cdbc25,1
0x49c3feafddaefc3bed06f4ff87ce86610c2c1076,0x74e84bc24f6b3bf48f525763a184efbaef3efde1,1
0x49c3feafddaefc3bed06f4ff87ce86610c2c1076,0xec9e512fe7e90134d8ca7295329ccb0a57c91ecb,1
0x4d4937f2e4a79e2d09461f74fd62c05b630d7618,0x86f58ad823e50e34190b597290a547301dba994e,1
0x4d4937f2e4a79e2d09461f74fd62c05b630d7618,0x9634445e293a87ab77ca3cf5b43da94aabc544b6,1
0x4d4937f2e4a79e2d09461f74fd62c05b630d7618,0xe72eb31b59f85b19499a0f3b3260011894fa0d65,1
0x4f6580083b3395c8d7ba49dbb2aaf03c9b3b8e79,0x1ff2875cd548eeae6d22f26bae2d72a50fd143c7,1
0x4f6580083b3395c8d7ba49dbb2aaf03c9b3b8e79,0x38a4d889a1979133fbc1d58f970f0953e3715c26,1
0x4f6580083b3395c8d7ba49dbb2aaf03c9b3b8e79,0x46ecb3f576c31290e1a4b359fd993e36e86ef9e1,1
0x4f6580083b3395c8d7ba49dbb2aaf03c9b3b8e79,0x9634445e293a87ab77ca3cf5b43da94aabc544b6,1
0x4f6580083b3395c8d7ba49dbb2aaf03c9b3b8e79,0xc665a60f22dda926b920deb8ffac0ef9d8a17460,1
0x4f6580083b3395c8d7ba49dbb2aaf03c9b3b8e79,0xcfb098c1d44eb12f93f9aaece5d6054e2a2240ab,1
0x4f6580083b3395c8d7ba49dbb2aaf03c9b3b8e79,0xd39d7690f3bc17a1fea3f07f42379d73cf8623af,1
0x4f6580083b3395c8d7ba49dbb2aaf03c9b3b8e79,0xe72eb31b59f85b19499a0f3b3260011894fa0d65,1
0x52489ad4ae5aaf6f85eefa1bb74162c4cd1b413b,0x1fefbbc536e4d6d22e63c7128226569bc9d50b9e,1
0x52489ad4ae5aaf6f85eefa1bb74162c4cd1b413b,0x1ff2875cd548eeae6d22f26bae2d72a50fd143c7,1
0x52489ad4ae5aaf6f85eefa1bb74162c4cd1b413b,0x228f9fd74f35080771a9e858f9575451d3ccf7ed,1
0x52489ad4ae5aaf6f85eefa1bb74162c4cd1b413b,0x6afdf83501af209d2455e49ed9179c209852a701,1
0x52489ad4ae5aaf6f85eefa1bb74162c4cd1b413b,0x7310e238f2260ff111a941059b023b3ebcf2d54e,1
0x52489ad4ae5aaf6f85eefa1bb74162c4cd1b413b,0x8513fafe1813b6ec3bbd9fc4baf5340bda8d670b,1
0x52489ad4ae5aaf6f85eefa1bb74162c4cd1b413b,0x86f58ad823e50e34190b597290a547301dba994e,1
0x52489ad4ae5aaf6f85eefa1bb74162c4cd1b413b,0x9f0e04480bd5e90fc47dcc043132e4be95bd3315,1
0x52489ad4ae5aaf6f85eefa1bb74162c4cd1b413b,0xb2329a3c03b7c61b7b3d4016e5548c07d5c98daf,1
0x52489ad4ae5aaf6f85eefa1bb74162c4cd1b413b,0xca05da65c7f83a30556ffffb035e58bada4d9ccf,1
0x5e92a45225c3925b6180b8672a3cf5dd75bcc4a1,0x49c3feafddaefc3bed06f4ff87ce86610c2c1076,1
0x5e92a45225c3925b6180b8672a3cf5dd75bcc4a1,0x6bdac4f8dfda978b26df826ae4ef57f6d3b4f6b7,1
0x5e92a45225c3925b6180b8672a3cf5dd75bcc4a1,0x9f0e04480bd5e90fc47dcc043132e4be95bd3315,1
0x60dac39fff8e51be73e40d5003ec5dabcec0f1d5,0x24d9be8c2589c9873bc636e24972cdb891cdbc25,1
0x60dac39fff8e51be73e40d5003ec5dabcec0f1d5,0xbb4f506d1258665b8955f86d9ab16047d935d995,1
0x67f155474eb685aef6cd874169f25b3bded6aea6,0x113d754ff2e6ca9fd6ab51932493e4f9dabdf596,1
0x67f155474eb685aef6cd874169f25b3bded6aea6,0x3ff8141782b6d3073251e99a7392fde3bf72871e,1
0x67f155474eb685aef6cd874169f25b3bded6aea6,0x6afdf83501af209d2455e49ed9179c209852a701,1
0x67f155474eb685aef6cd874169f25b3bded6aea6,0x6eb534ed1329e991842b55be375abc63fe7c0e2b,1
0x67f155474eb685aef6cd874169f25b3bded6aea6,0x7ea43f8d17907525c144617c8b04594774c024ab,1
0x67f155474eb685aef6cd874169f25b3bded6aea6,0xb2329a3c03b7c61b7b3d4016e5548c07d5c98daf,1
0x67f155474eb685aef6cd874169f25b3bded6aea6,0xca48c615ff3b0a966227651596707cc2927ab22d,1
0x6afdf83501af209d2455e49ed9179c209852a701,0x4955d905336c9751734c62ac56ac4aec0f3053b3,1
0x6afdf83501af209d2455e49ed9179c209852a701,0x74e84bc24f6b3bf48f525763a184efbaef3efde1,1
0x6b4331048c411795a89d54484e3653107d58a64e,0x47d5aec8eb4b3aaf21d12823bb2d74e97011dab0,1
0x6b4331048c411795a89d54484e3653107d58a64e,0x60dac39fff8e51be73e40d5003ec5dabcec0f1d5,1
0x6b4331048c411795a89d54484e3653107d58a64e,0x74e84bc24f6b3bf48f525763a184efbaef3efde1,1
0x6b4331048c411795a89d54484e3653107d58a64e,0xc142995f05436c91bba172b7d17522a301323236,1
0x6bdac4f8dfda978b26df826ae4ef57f6d3b4f6b7,0x113d754ff2e6ca9fd6ab51932493e4f9dabdf596,1
0x6bdac4f8dfda978b26df826ae4ef57f6d3b4f6b7,0x38a4d889a1979133fbc1d58f970f0953e3715c26,1
0x6bdac4f8dfda978b26df826ae4ef57f6d3b4f6b7,0x4955d905336c9751734c62ac56ac4aec0f3053b3,1
0x6bdac4f8dfda978b26df826ae4ef57f6d3b4f6b7,0x8f10ae3ffd993bfb0a71e58e1bb606439dd5b301,1
0x6bdac4f8dfda978b26df826ae4ef57f6d3b4f6b7,0xbb4f506d1258665b8955f86d9ab16047d935d995,1
0x6eb534ed1329e991842b55be375abc63fe7c0e2b,0x6afdf83501af209d2455e49ed9179c209852a701,1
0x6eb534ed1329e991842b55be375abc63fe7c0e2b,0x713a24fa5a811cdc1e9be72e670e8d3a6a9b89af,1
0x6eb534ed1329e991842b55be375abc63fe7c0e2b,0xb59825afbba29d5257f877a8a64265c3a10fc2ab,1
0x6eb534ed1329e991842b55be375abc63fe7c0e2b,0xd2c8b22d48d83de84ce33438d17b285fb04b8e44,1
0x6eb534ed1329e991842b55be375abc63fe7c0e2b,0xe72eb31b59f85b19499a0f3b3260011894fa0d65,1
0x713a24fa5a811cdc1e9be72e670e8d3a6a9b89af,0x4955d905336c9751734c62ac56ac4aec0f3053b3,1
0x713a24fa5a811cdc1e9be72e670e8d3a6a9b89af,0x74e84bc24f6b3bf48f525763a184efbaef3efde1,1
0x7310e238f2260ff111a941059b023b3ebcf2d54e,0x01503dc708ce3c55017194847a07acb679d49f47,1
0x7310e238f2260ff111a941059b023b3ebcf2d54e,0x6bdac4f8dfda978b26df826ae4ef57f6d3b4f6b7,1
0x7310e238f2260ff111a941059b023b3ebcf2d54e,0x86f58ad823e50e34190b597290a547301dba994e,1
0x74e84bc24f6b3bf48f525763a184efbaef3efde1,0x18d53550ac185bcff1beec179bb46b4c7b4e31b1,1
0x74e84bc24f6b3bf48f525763a184efbaef3efde1,0x53ede7cae3eb6a7d11429fe589c0278c9acbe21a,1
0x74e84bc24f6b3bf48f525763a184efbaef3efde1,0x6eb534ed1329e991842b55be375abc63fe7c0e2b,1
0x74e84bc24f6b3bf48f525763a184efbaef3efde1,0xb32b4350c25141e779d392c1dbe857b62b60b4c9,1
0x74e84bc24f6b3bf48f525763a184efbaef3efde1,0xcc5ddc8ccd5b1e90bc42f998ec864ead0090a12b,1
0x79804382f29aad0e3f43f3b50ba9d9bb55ad4cab,0xd387a6e4e84a6c86bd90c158c6028a58cc8ac459,1
0x79c7ade5b44ca217380c75e9bd2e8fbea3e83157,0x00f09f87a2e15c9666f37ad48c01e180e66381ed,1
0x79c7ade5b44ca217380c75e9bd2e8fbea3e83157,0xe72eb31b59f85b19499a0f3b3260011894fa0d65,1
0x7a70536c4d695b1ec9df972e91461e834bfb00e8,0x113d754ff2e6ca9fd6ab51932493e4f9dabdf596,1
0x7a70536c4d695b1ec9df972e91461e834bfb00e8,0x338699008f8a12422ab0d69361f7f83741d3ceca,1
0x7a70536c4d695b1ec9df972e91461e834bfb00e8,0x38a4d889a1979133fbc1d58f970f0953e3715c26,1
0x7a70536c4d695b1ec9df972e91461e834bfb00e8,0x49c3feafddaefc3bed06f4ff87ce86610c2c1076,1
0x7a70536c4d695b1ec9df972e91461e834bfb00e8,0x67f155474eb685aef6cd874169f25b3bded6aea6,1
0x7a70536c4d695b1ec9df972e91461e834bfb00e8,0x6b4331048c411795a89d54484e3653107d58a64e,1
0x7a70536c4d695b1ec9df972e91461e834bfb00e8,0x8a5a244b08678a7de0605494fe4e76c552935d38,1
0x7a70536c4d695b1ec9df972e91461e834bfb00e8,0x8f10ae3ffd993bfb0a71e58e1bb606439dd5b301,1
0x7a70536c4d695b1ec9df972e91461e834bfb00e8,0xb7dc1c26f1b893d4183d8014e341d1c6feb0b257,1
0x7a70536c4d695b1ec9df972e91461e834bfb00e8,0xe4446d52e2bdb3e31470643ab1753a4c2aeee3ea,1
0x7a70536c4d695b1ec9df972e91461e834bfb00e8,0xe487ed5ec80cca6e8a44f6d6f3f712088df8ad4f,1
0x7a70536c4d695b1ec9df972e91461e834bfb00e8,0xe72eb31b59f85b19499a0f3b3260011894fa0d65,1
0x7a70536c4d695b1ec9df972e91461e834bfb00e8,0xfa83887a701db8ae2c25a3f79c2cae0158ab085d,1
0x7ea43f8d17907525c144617c8b04594774c024ab,0x24d9be8c2589c9873bc636e24972cdb891cdbc25,1
0x7ea43f8d17907525c144617c8b04594774c024ab,0xb32b4350c25141e779d392c1dbe857b62b60b4c9,1
0x7ea43f8d17907525c144617c8b04594774c024ab,0xc142995f05436c91bba172b7d17522a301323236,1
0x83c8f28c26bf6aaca652df1dbbe0e1b56f8baba2,0xc142995f05436c91bba172b7d17522a301323236,1
0x83c8f28c26bf6aaca652df1dbbe0e1b56f8baba2,0xeb11f192e91e2d4abff199b58222c89472584bf4,1
0x8513fafe1813b6ec3bbd9fc4baf5340bda8d670b,0x113d754ff2e6ca9fd6ab51932493e4f9dabdf596,1
0x8513fafe1813b6ec3bbd9fc4baf5340bda8d670b,0x7310e238f2260ff111a941059b023b3ebcf2d54e,1
0x86f58ad823e50e34190b597290a547301dba994e,0xc142995f05436c91bba172b7d17522a301323236,1
0x87375c43c6e95d2b1974662dc97e3ca25c3cd9a7,0x00f09f87a2e15c9666f37ad48c01e180e66381ed,1
0x87375c43c6e95d2b1974662dc97e3ca25c3cd9a7,0x47d5aec8eb4b3aaf21d12823bb2d74e97011dab0,1
0x87375c43c6e95d2b1974662dc97e3ca25c3cd9a7,0x53ede7cae3eb6a7d11429fe589c0278c9acbe21a,1
0x87375c43c6e95d2b1974662dc97e3ca25c3cd9a7,0xb2329a3c03b7c61b7b3d4016e5548c07d5c98daf,1
0x87375c43c6e95d2b1974662dc97e3ca25c3cd9a7,0xb32b4350c25141e779d392c1dbe857b62b60b4c9,1
0x87375c43c6e95d2b1974662dc97e3ca25c3cd9a7,0xce0d6a61503204ac128b14a293cbe87ff4eb1dc1,1
0x87375c43c6e95d2b1974662dc97e3ca25c3cd9a7,0xcfb098c1d44eb12f93f9aaece5d6054e2a2240ab,1
0x87375c43c6e95d2b1974662dc97e3ca25c3cd9a7,0xe487ed5ec80cca6e8a44f6d6f3f712088df8ad4f,1
0x882ff1134f17017fe2c1f4b464eee7d4f0b0d476,0x113d754ff2e6ca9fd6ab51932493e4f9dabdf596,1
0x882ff1134f17017fe2c1f4b464eee7d4f0b0d476,0x79c7ade5b44ca217380c75e9bd2e8fbea3e83157,1
0x882ff1134f17017fe2c1f4b464eee7d4f0b0d476,0x9634445e293a87ab77ca3cf5b43da94aabc544b6,1
0x882ff1134f17017fe2c1f4b464eee7d4f0b0d476,0xca05da65c7f83a30556ffffb035e58bada4d9ccf,1
0x8bea67d814ffb834dcd2fe4b1b1f35c70bcda420,0x00f09f87a2e15c9666f37ad48c01e180e66381ed,1
0x8bea67d814ffb834dcd2fe4b1b1f35c70bcda420,0x3ba53cea97bfff5a303ffc66dc4f390383bcd62e,1
0x8bea67d814ffb834dcd2fe4b1b1f35c70bcda420,0x49c3feafddaefc3bed06f4ff87ce86610c2c1076,1
0x8bea67d814ffb834dcd2fe4b1b1f35c70bcda420,0xe72eb31b59f85b19499a0f3b3260011894fa0d65,1
0x8f10ae3ffd993bfb0a71e58e1bb606439dd5b301,0x1fefbbc536e4d6d22e63c7128226569bc9d50b9e,1
0x8f10ae3ffd993bfb0a71e58e1bb606439dd5b301,0x1ff2875cd548eeae6d22f26bae2d72a50fd143c7,1
0x8f10ae3ffd993bfb0a71e58e1bb606439dd5b301,0x24d9be8c2589c9873bc636e24972cdb891cdbc25,1
0x8f10ae3ffd993bfb0a71e58e1bb606439dd5b301,0x391c8f2d68c38d1fc60869800e65e8bcdf21cfc8,1
0x8f10ae3ffd993bfb0a71e58e1bb606439dd5b301,0x4d04eb67a2d1e01c71fad0366e0c200207a75487,1
0x8f10ae3ffd993bfb0a71e58e1bb606439dd5b301,0xcc5ddc8ccd5b1e90bc42f998ec864ead0090a12b,1
0x8f10ae3ffd993bfb0a71e58e1bb606439dd5b301,0xcf6165e56c3383978f6eaaf58b314af41569c0f0,1
0x8f10ae3ffd993bfb0a71e58e1bb606439dd5b301,0xd39d7690f3bc17a1fea3f07f42379d73cf8623af,1
0x8f10ae3ffd993bfb0a71e58e1bb606439dd5b301,0xdc715c2012d6aea0a7d7ef29602f3b7a641209a8,1
0x8f10ae3ffd993bfb0a71e58e1bb606439dd5b301,0xfa83887a701db8ae2c25a3f79c2cae0158ab085d,1
0x9499054d02a725316d61fa896c29d58550ee4a5b,0x01503dc708ce3c55017194847a07acb679d49f47,1
0x9499054d02a725316d61fa896c29d58550ee4a5b,0x113d754ff2e6ca9fd6ab51932493e4f9dabdf596,1
0x9499054d02a725316d61fa896c29d58550ee4a5b,0x4955d905336c9751734c62ac56ac4aec0f3053b3,1
0x9499054d02a725316d61fa896c29d58550ee4a5b,0x6bdac4f8dfda978b26df826ae4ef57f6d3b4f6b7,1
0x9499054d02a725316d61fa896c29d58550ee4a5b,0x882ff1134f17017fe2c1f4b464eee7d4f0b0d476,1
0x9499054d02a725316d61fa896c29d58550ee4a5b,0xa87bac952868726052dcce756c864f3bb2bbf4ff,1
0x9499054d02a725316d61fa896c29d58550ee4a5b,0xd2c8b22d48d83de84ce33438d17b285fb04b8e44,1
0x9499054d02a725316d61fa896c29d58550ee4a5b,0xfa83887a701db8ae2c25a3f79c2cae0158ab085d,1
0x95c2937f0565e259b5afd4269a0fa221d2d3c5ec,0x113d754ff2e6ca9fd6ab51932493e4f9dabdf596,1
0x95c2937f0565e259b5afd4269a0fa221d2d3c5ec,0x1dc301854bfecb4ba03eb417579585c2b8ea12c1,1
0x95c2937f0565e259b5afd4269a0fa221d2d3c5ec,0x24d9be8c2589c9873bc636e24972cdb891cdbc25,1
0x95c2937f0565e259b5afd4269a0fa221d2d3c5ec,0x7ea43f8d17907525c144617c8b04594774c024ab,1
0x95c2937f0565e259b5afd4269a0fa221d2d3c5ec,0xb2329a3c03b7c61b7b3d4016e5548c07d5c98daf,1
0x9634445e293a87ab77ca3cf5b43da94aabc544b6,0x1fefbbc536e4d6d22e63c7128226569bc9d50b9e,1
0x9634445e293a87ab77ca3cf5b43da94aabc544b6,0x338699008f8a12422ab0d69361f7f83741d3ceca,1
0x9634445e293a87ab77ca3cf5b43da94aabc544b6,0x6eb534ed1329e991842b55be375abc63fe7c0e2b,1
0x9634445e293a87ab77ca3cf5b43da94aabc544b6,0x8f10ae3ffd993bfb0a71e58e1bb606439dd5b301,1
0x9f0e04480bd5e90fc47dcc043132e4be95bd3315,0x1ff2875cd548eeae6d22f26bae2d72a50fd143c7,1
0x9f0e04480bd5e90fc47dcc043132e4be95bd3315,0xc142995f05436c91bba172b7d17522a301323236,1
0x9f0e04480bd5e90fc47dcc043132e4be95bd3315,0xe487ed5ec80cca6e8a44f6d6f3f712088df8ad4f,1
0xa87bac952868726052dcce756c864f3bb2bbf4ff,0x113d754ff2e6ca9fd6ab51932493e4f9dabdf596,1
0xa87bac952868726052dcce756c864f3bb2bbf4ff,0x1fefbbc536e4d6d22e63c7128226569bc9d50b9e,1
0xb2329a3c03b7c61b7b3d4016e5548c07d5c98daf,0x0f3f0ce37f087e38b83f6de6f013e3bfdd888160,1
0xb2329a3c03b7c61b7b3d4016e5548c07d5c98daf,0x4d04eb67a2d1e01c71fad0366e0c200207a75487,1
0xb2329a3c03b7c61b7b3d4016e5548c07d5c98daf,0x52489ad4ae5aaf6f85eefa1bb74162c4cd1b413b,1
0xb2329a3c03b7c61b7b3d4016e5548c07d5c98daf,0x8f10ae3ffd993bfb0a71e58e1bb606439dd5b301,1
0xb2329a3c03b7c61b7b3d4016e5548c07d5c98daf,0xd39d7690f3bc17a1fea3f07f42379d73cf8623af,1
0xb2329a3c03b7c61b7b3d4016e5548c07d5c98daf,0xdc715c2012d6aea0a7d7ef29602f3b7a641209a8,1
0xb7dc1c26f1b893d4183d8014e341d1c6feb0b257,0x1fefbbc536e4d6d22e63c7128226569bc9d50b9e,1
0xb7dc1c26f1b893d4183d8014e341d1c6feb0b257,0x4d04eb67a2d1e01c71fad0366e0c200207a75487,1
0xb84f6da1b9accee009bdaba61573179b666b0d1a,0x113d754ff2e6ca9fd6ab51932493e4f9dabdf596,1
0xb84f6da1b9accee009bdaba61573179b666b0d1a,0x24d9be8c2589c9873bc636e24972cdb891cdbc25,1
0xb84f6da1b9accee009bdaba61573179b666b0d1a,0x391c8f2d68c38d1fc60869800e65e8bcdf21cfc8,1
0xb84f6da1b9accee009bdaba61573179b666b0d1a,0x53ede7cae3eb6a7d11429fe589c0278c9acbe21a,1
0xb84f6da1b9accee009bdaba61573179b666b0d1a,0x60dac39fff8e51be73e40d5003ec5dabcec0f1d5,1
0xb84f6da1b9accee009bdaba61573179b666b0d1a,0x74e84bc24f6b3bf48f525763a184efbaef3efde1,1
0xb84f6da1b9accee009bdaba61573179b666b0d1a,0xb32b4350c25141e779d392c1dbe857b62b60b4c9,1
0xb84f6da1b9accee009bdaba61573179b666b0d1a,0xcfb098c1d44eb12f93f9aaece5d6054e2a2240ab,1
0xc841b289918a1a7559263bc4c78af1ed15dd49c4,0x1dc301854bfecb4ba03eb417579585c2b8ea12c1,1
0xc841b289918a1a7559263bc4c78af1ed15dd49c4,0x338699008f8a12422ab0d69361f7f83741d3ceca,1
0xc841b289918a1a7559263bc4c78af1ed15dd49c4,0x9f0e04480bd5e90fc47dcc043132e4be95bd3315,1
0xc841b289918a1a7559263bc4c78af1ed15dd49c4,0xb59825afbba29d5257f877a8a64265c3a10fc2ab,1
0xc841b289918a1a7559263bc4c78af1ed15dd49c4,0xc44eaf9cf5c54ded3111e595d66b98d6f595f0a7,1
0xc841b289918a1a7559263bc4c78af1ed15dd49c4,0xce0d6a61503204ac128b14a293cbe87ff4eb1dc1,1
0xc841b289918a1a7559263bc4c78af1ed15dd49c4,0xcfb098c1d44eb12f93f9aaece5d6054e2a2240ab,1
0xc841b289918a1a7559263bc4c78af1ed15dd49c4,0xd2c8b22d48d83de84ce33438d17b285fb04b8e44,1
0xc841b289918a1a7559263bc4c78af1ed15dd49c4,0xd39d7690f3bc17a1fea3f07f42379d73cf8623af,1
0xc841b289918a1a7559263bc4c78af1ed15dd49c4,0xe72eb31b59f85b19499a0f3b3260011894fa0d65,1
0xc841b289918a1a7559263bc4c78af1ed15dd49c4,0xfa83887a701db8ae2c25a3f79c2cae0158ab085d,1
0xca05da65c7f83a30556ffffb035e58bada4d9ccf,0x1fefbbc536e4d6d22e63c7128226569bc9d50b9e,1
0xca05da65c7f83a30556ffffb035e58bada4d9ccf,0x22e83ce9d3ef9f5a00d4b0d6e56bc440e2de68d5,1
0xca05da65c7f83a30556ffffb035e58bada4d9ccf,0x7ea43f8d17907525c144617c8b04594774c024ab,1
0xca05da65c7f83a30556ffffb035e58bada4d9ccf,0x9f0e04480bd5e90fc47dcc043132e4be95bd3315,1
0xca05da65c7f83a30556ffffb035e58bada4d9ccf,0xcc5ddc8ccd5b1e90bc42f998ec864ead0090a12b,1
0xca05da65c7f83a30556ffffb035e58bada4d9ccf,0xd417571a5c56ae01ee6e0d0fcaeb3b338e215144,1
0xcb533258ea6f9238d07ce64e0389f8cf6f39333d,0x228f9fd74f35080771a9e858f9575451d3ccf7ed,1
0xcb533258ea6f9238d07ce64e0389f8cf6f39333d,0x74e84bc24f6b3bf48f525763a184efbaef3efde1,1
0xcb533258ea6f9238d07ce64e0389f8cf6f39333d,0x8f10ae3ffd993bfb0a71e58e1bb606439dd5b301,1
0xcb533258ea6f9238d07ce64e0389f8cf6f39333d,0xc142995f05436c91bba172b7d17522a301323236,1
0xcb533258ea6f9238d07ce64e0389f8cf6f39333d,0xc665a60f22dda926b920deb8ffac0ef9d8a17460,1
0xcb533258ea6f9238d07ce64e0389f8cf6f39333d,0xcc5ddc8ccd5b1e90bc42f998ec864ead0090a12b,1
0xcb533258ea6f9238d07ce64e0389f8cf6f39333d,0xcfb098c1d44eb12f93f9aaece5d6054e2a2240ab,1
0xcb533258ea6f9238d07ce64e0389f8cf6f39333d,0xdc715c2012d6aea0a7d7ef29602f3b7a641209a8,1
0xcb533258ea6f9238d07ce64e0389f8cf6f39333d,0xe487ed5ec80cca6e8a44f6d6f3f712088df8ad4f,1
0xcb533258ea6f9238d07ce64e0389f8cf6f39333d,0xfa83887a701db8ae2c25a3f79c2cae0158ab085d,1
0xce0d6a61503204ac128b14a293cbe87ff4eb1dc1,0x01503dc708ce3c55017194847a07acb679d49f47,1
0xce0d6a61503204ac128b14a293cbe87ff4eb1dc1,0x4955d905336c9751734c62ac56ac4aec0f3053b3,1
0xce0d6a61503204ac128b14a293cbe87ff4eb1dc1,0x6bdac4f8dfda978b26df826ae4ef57f6d3b4f6b7,1
0xce0d6a61503204ac128b14a293cbe87ff4eb1dc1,0xb32b4350c25141e779d392c1dbe857b62b60b4c9,1
0xce0d6a61503204ac128b14a293cbe87ff4eb1dc1,0xcfb098c1d44eb12f93f9aaece5d6054e2a2240ab,1
0xce0d6a61503204ac128b14a293cbe87ff4eb1dc1,0xe72eb31b59f85b19499a0f3b3260011894fa0d65,1
0xce0d6a61503204ac128b14a293cbe87ff4eb1dc1,0xf49f263806a1defa546f6d388615bbc487e53ab1,1
0xcfb098c1d44eb12f93f9aaece5d6054e2a2240ab,0x6afdf83501af209d2455e49ed9179c209852a701,1
0xcfb098c1d44eb12f93f9aaece5d6054e2a2240ab,0xd39d7690f3bc17a1fea3f07f42379d73cf8623af,1
0xcfb098c1d44eb12f93f9aaece5d6054e2a2240ab,0xdc715c2012d6aea0a7d7ef29602f3b7a641209a8,1
0xe4446d52e2bdb3e31470643ab1753a4c2aeee3ea,0x0f3f0ce37f087e38b83f6de6f013e3bfdd888160,1
0xe4446d52e2bdb3e31470643ab1753a4c2aeee3ea,0x24d9be8c2589c9873bc636e24972cdb891cdbc25,1
0xe4446d52e2bdb3e31470643ab1753a4c2aeee3ea,0x338699008f8a12422ab0d69361f7f83741d3ceca,1
0xe4446d52e2bdb3e31470643ab1753a4c2aeee3ea,0x60dac39fff8e51be73e40d5003ec5dabcec0f1d5,1
0xe4446d52e2bdb3e31470643ab1753a4c2aeee3ea,0x6bdac4f8dfda978b26df826ae4ef57f6d3b4f6b7,1
0xe4446d52e2bdb3e31470643ab1753a4c2aeee3ea,0x74e84bc24f6b3bf48f525763a184efbaef3efde1,1
0xe4446d52e2bdb3e31470643ab1753a4c2aeee3ea,0xd2c8b22d48d83de84ce33438d17b285fb04b8e44,1
0xe4446d52e2bdb3e31470643ab1753a4c2aeee3ea,0xe72eb31b59f85b19499a0f3b3260011894fa0d65,1
0xe487ed5ec80cca6e8a44f6d6f3f712088df8ad4f,0xfa83887a701db8ae2c25a3f79c2cae0158ab085d,1
0xe54cf30a3f31f3076e9ab5bd122379545a137b4c,0x24d9be8c2589c9873bc636e24972cdb891cdbc25,1
0xe54cf30a3f31f3076e9ab5bd122379545a137b4c,0x4d4937f2e4a79e2d09461f74fd62c05b630d7618,1
0xe54cf30a3f31f3076e9ab5bd122379545a137b4c,0x8a5a244b08678a7de0605494fe4e76c552935d38,1
0xe54cf30a3f31f3076e9ab5bd122379545a137b4c,0xca05da65c7f83a30556ffffb035e58bada4d9ccf,1
0xe54cf30a3f31f3076e9ab5bd122379545a137b4c,0xcd981d4402a3d88fff43afdc5926514bdb5824bd,1
0xe54cf30a3f31f3076e9ab5bd122379545a137b4c,0xd2c8b22d48d83de84ce33438d17b285fb04b8e44,1
0xead6605b9e105e28bd35e9f494131c10c1281ce9,0x1ff2875cd548eeae6d22f26bae2d72a50fd143c7,1
0xead6605b9e105e28bd35e9f494131c10c1281ce9,0x228f9fd74f35080771a9e858f9575451d3ccf7ed,1
0xead6605b9e105e28bd35e9f494131c10c1281ce9,0x49c3feafddaefc3bed06f4ff87ce86610c2c1076,1
0xead6605b9e105e28bd35e9f494131c10c1281ce9,0x6eb534ed1329e991842b55be375abc63fe7c0e2b,1
0xead6605b9e105e28bd35e9f494131c10c1281ce9,0xb2329a3c03b7c61b7b3d4016e5548c07d5c98daf,1
0xead6605b9e105e28bd35e9f494131c10c1281ce9,0xd387a6e4e84a6c86bd90c158c6028a58cc8ac459,1
0xec9e512fe7e90134d8ca7295329ccb0a57c91ecb,0x4955d905336c9751734c62ac56ac4aec0f3053b3,1
0xec9e512fe7e90134d8ca7295329ccb0a57c91ecb,0x60dac39fff8e51be73e40d5003ec5dabcec0f1d5,1
0xf8d0a4542b1277d8a330e69cc56bdc109029c623,0x60dac39fff8e51be73e40d5003ec5dabcec0f1d5,1
0xf8d0a4542b1277d8a330e69cc56bdc109029c623,0x7310e238f2260ff111a941059b023b3ebcf2d54e,1
0xf8d0a4542b1277d8a330e69cc56bdc109029c623,0x8bea67d814ffb834dcd2fe4b1b1f35c70bcda420,1
0xf8d0a4542b1277d8a330e69cc56bdc109029c623,0x9634445e293a87ab77ca3cf5b43da94aabc544b6,1
0xfa83887a701db8ae2c25a3f79c2cae0158ab085d,0x01503dc708ce3c55017194847a07acb679d49f47,1
0xfa83887a701db8ae2c25a3f79c2cae0158ab085d,0x79c7ade5b44ca217380c75e9bd2e8fbea3e83157,1
0xfa83887a701db8ae2c25a3f79c2cae0158ab085d,0xe487ed5ec80cca6e8a44f6d6f3f712088df8ad4f,1
