target,source,value
0x71e3bccc654c58783700d996195105b309d9aaf7,0x01470541e5af1144d0570cc9bd71c766ffb13524,106
0x61e0841d103d77325e7743d1ff7117efe7c2c9f6,0xb3f3658bf332ba6c9c0cc5bc1201caba7ada819b,85
0x31468523e226b9212e12688b7bff7d8b6d3b94bf,0x7d81ebcc3234125c1ebd5ceb82b1ba53c3a26887,76
0x63f6c58be0c97b5cb19c4c92bc73a66eceb738b3,0x2b4daa89077190512488d5feba0c02b05141932c,63
0x2b4daa89077190512488d5feba0c02b05141932c,0x63f6c58be0c97b5cb19c4c92bc73a66eceb738b3,62
0x6341ce65a3171bec75bf6eba33eeea4a9ba59737,0x84abb6c94713d77970b7dcc3143412585ba6c4d9,17
0x84abb6c94713d77970b7dcc3143412585ba6c4d9,0x6341ce65a3171bec75bf6eba33eeea4a9ba59737,17
0x10fe160dae09a8d2fce9d19767f0e888237cdae1,0xb2218bc679868bbaac432ec58fb4050870894e18,15
0x186ebace2d904249ad7a5421f06c2d8c1b61181b,0x896463c65b70da9bbe267c2feb97ab59fc715506,12
0x4146bf6509a74ed4e06fb705910339fd5633312f,0x3df77d2e34891de95898999df3e934a7e7037c4d,10
0x93e54a08a3bbc14afafd72d247b3fdc163a3e953,0x98ec77e2e8f663bc93fddb58a4b157e64b6d3c42,8
0xb3f3658bf332ba6c9c0cc5bc1201caba7ada819b,0x49c3feafddaefc3bed06f4ff87ce86610c2c1076,5
0xbdd95abe8a7694ccd77143376b0fbea183e6a740,0x31468523e226b9212e12688b7bff7d8b6d3b94bf,5
0x5338035c008ea8c4b850052bc8dad6a33dc2206c,0x31468523e226b9212e12688b7bff7d8b6d3b94bf,4
0x93e54a08a3bbc14afafd72d247b3fdc163a3e953,0x8f79a9da9032d6ff29dcf185043ad28e0761d2b0,4
0xae31fa1969f2c8188ec939d2ec1547b82f00a13c,0xaa9772d31476e85fedd1099e40dd2ff5dee214ff,4
0xb32b4350c25141e779d392c1dbe857b62b60b4c9,0xaa9772d31476e85fedd1099e40dd2ff5dee214ff,4
0xb3f3658bf332ba6c9c0cc5bc1201caba7ada819b,0xaa9772d31476e85fedd1099e40dd2ff5dee214ff,4
0xb84580a14e42c74efa1213ab2fb9f98da33452ee,0x3c8cbd613857965267bcd4bdec7b794dd53969a0,4
0x070dcb7ba170091f84783b224489aa8b280c1a30,0x5e09ec2fb41de5eafdec27a34f55d5ec064661e2,3
0x5adc37748db2248e3874bd34b2223d68f7dc8a01,0xd42d52b709829926531c64a32f2713b4dc8ea6f6,3
0xadcc57a64dfe3f67800644711bea6d2572da32da,0x6202bceaf9694a3c3d7f10659d5c4f4d86cb75a0,3
0xcaabd2a0cfbed20de41f49ca25a69f37a1b8c21b,0xae31fa1969f2c8188ec939d2ec1547b82f00a13c,3
0xd1a35946076518216030280f9732e5b0907f1f61,0x98ec77e2e8f663bc93fddb58a4b157e64b6d3c42,3
0x112e10b6d0713987e7d5e215f377c32ca109e739,0x49c3feafddaefc3bed06f4ff87ce86610c2c1076,2
0x112e10b6d0713987e7d5e215f377c32ca109e739,0xae31fa1969f2c8188ec939d2ec1547b82f00a13c,2
0x14e67228b9c4c4ce5c539aa78776378524818453,0x40c839b831c90173dc7fbce49a25274a4688ddd9,2
0x3df77d2e34891de95898999df3e934a7e7037c4d,0x7768fbc67afecf2b4caee9d1841ad14637d13652,2
0x42ae4d226019a8e99afa4b4e4e416983568ead54,0x98ec77e2e8f663bc93fddb58a4b157e64b6d3c42,2
0x43949405198b10a385959b3f53749f9267b3e3e6,0x7b505d4ac6ab4cdf3ff86c48ebf4b3645377817f,2
0x61e0841d103d77325e7743d1ff7117efe7c2c9f6,0x7b505d4ac6ab4cdf3ff86c48ebf4b3645377817f,2
0x6d3cd864271864f2f32a9a58631f22b384bf9a17,0x96c56c717cb874eeba508e6958f80590b6785132,2
0x6d3cd864271864f2f32a9a58631f22b384bf9a17,0xae31fa1969f2c8188ec939d2ec1547b82f00a13c,2
0x80d50ad51fa01044ada9bea7e3cad20af839cb3c,0x7768fbc67afecf2b4caee9d1841ad14637d13652,2
0x93e54a08a3bbc14afafd72d247b3fdc163a3e953,0x8514b324c54150ddfe6b12c7f38a4b5e01e4ab14,2
0xa36d8079fec0eb1921731ae6214ba6c267fd9b82,0x054dad3032f173b1618ab046e7956da87d114011,2
0xb3f3658bf332ba6c9c0cc5bc1201caba7ada819b,0x40c839b831c90173dc7fbce49a25274a4688ddd9,2
0xb597b202294dd5a4a616fcc2f178588bfc6d2c16,0x96c56c717cb874eeba508e6958f80590b6785132,2
0xbad2e065edc215cb54a0e78391fb2abcb173f77d,0x1060413ca70a627965f7bf2091c9c4525c962dd0,2
0xbad2e065edc215cb54a0e78391fb2abcb173f77d,0x31468523e226b9212e12688b7bff7d8b6d3b94bf,2
0xbdd95abe8a7694ccd77143376b0fbea183e6a740,0xae31fa1969f2c8188ec939d2ec1547b82f00a13c,2
0xc31440748bc461217e19eda76aaf8145bf9a45bd,0x31468523e226b9212e12688b7bff7d8b6d3b94bf,2
0xe2885515bae1cf170daa4e9e3d84878b782e2137,0x14e67228b9c4c4ce5c539aa78776378524818453,2
0xfd7c976e351b15cdbd5e2b24063ad3d024113e0e,0x6202bceaf9694a3c3d7f10659d5c4f4d86cb75a0,2
0xfd7c976e351b15cdbd5e2b24063ad3d024113e0e,0x7768fbc67afecf2b4caee9d1841ad14637d13652,2
0x01470541e5af1144d0570cc9bd71c766ffb13524,0x8514b324c54150ddfe6b12c7f38a4b5e01e4ab14,1
0x070dcb7ba170091f84783b224489aa8b280c1a30,0x1060413ca70a627965f7bf2091c9c4525c962dd0,1
0x070dcb7ba170091f84783b224489aa8b280c1a30,0x14e67228b9c4c4ce5c539aa78776378524818453,1
0x070dcb7ba170091f84783b224489aa8b280c1a30,0x8d7a5fedf55b68625b2e5953f8203b029cb9c44e,1
0x1060413ca70a627965f7bf2091c9c4525c962dd0,0x8693c54edfdf54f6885e65395d57f010d9cf2840,1
0x112e10b6d0713987e7d5e215f377c32ca109e739,0x14e67228b9c4c4ce5c539aa78776378524818453,1
0x112e10b6d0713987e7d5e215f377c32ca109e739,0x5e09ec2fb41de5eafdec27a34f55d5ec064661e2,1
0x13a9518a451edad79079753c89cc7197ff3f570a,0x5e09ec2fb41de5eafdec27a34f55d5ec064661e2,1
0x13a9518a451edad79079753c89cc7197ff3f570a,0x80d50ad51fa01044ada9bea7e3cad20af839cb3c,1
0x13a9518a451edad79079753c89cc7197ff3f570a,0x8f79a9da9032d6ff29dcf185043ad28e0761d2b0,1
0x14e67228b9c4c4ce5c539aa78776378524818453,0x5e09ec2fb41de5eafdec27a34f55d5ec064661e2,1
0x14e67228b9c4c4ce5c539aa78776378524818453,0x896463c65b70da9bbe267c2feb97ab59fc715506,1
0x18582523300a9ec25282de4850cf2d4b52aad74b,0x14e67228b9c4c4ce5c539aa78776378524818453,1
0x186ebace2d904249ad7a5421f06c2d8c1b61181b,0x8514b324c54150ddfe6b12c7f38a4b5e01e4ab14,1
0x1e37d6aa68508a80fe5baa730723e40e07d75320,0xae31fa1969f2c8188ec939d2ec1547b82f00a13c,1
0x1e37d6aa68508a80fe5baa730723e40e07d75320,0xae4d837caa0c53579f8a156633355df5058b02f3,1
0x1e37d6aa68508a80fe5baa730723e40e07d75320,0xbd9c944dcfb31cd24c81ebf1c974d950f44e42b8,1
0x2329a3412ba3e49be47274a72383839bbf1cde88,0x31468523e226b9212e12688b7bff7d8b6d3b94bf,1
0x265cdd11b3abb0432a35300f6afb214777280817,0x42ae4d226019a8e99afa4b4e4e416983568ead54,1
0x293655d202d06eb5d015d93b03c4c570bb8fb21c,0x1060413ca70a627965f7bf2091c9c4525c962dd0,1
0x293655d202d06eb5d015d93b03c4c570bb8fb21c,0x5bb4fdbc9dd62ff5317fbd0c17a07cbddf82db14,1
0x2dd534dd4949ccdbb301d29b15d8b86111ee4ae1,0x4fb2f8f917362911670e9afe6d25307b9048c345,1
0x2dd534dd4949ccdbb301d29b15d8b86111ee4ae1,0x6202bceaf9694a3c3d7f10659d5c4f4d86cb75a0,1
0x3df77d2e34891de95898999df3e934a7e7037c4d,0x31468523e226b9212e12688b7bff7d8b6d3b94bf,1
0x3df77d2e34891de95898999df3e934a7e7037c4d,0xaa9ef3940f260701bc12373a48d30356bc1ecb1b,1
0x3e8a6726f43e6a7470ff2c99db5b73a2f81afb3d,0xaa9772d31476e85fedd1099e40dd2ff5dee214ff,1
0x43949405198b10a385959b3f53749f9267b3e3e6,0x7768fbc67afecf2b4caee9d1841ad14637d13652,1
0x43949405198b10a385959b3f53749f9267b3e3e6,0xdab34a1b004a687f9b70e8db73b10a0db6a2705f,1
0x460eebde20336aa615370f4b7b7a916e5656d4e6,0x14e67228b9c4c4ce5c539aa78776378524818453,1
0x46ecb3f576c31290e1a4b359fd993e36e86ef9e1,0x293655d202d06eb5d015d93b03c4c570bb8fb21c,1
0x47ba9f86c3fa6e6741bb7c25e88f123644fb75cd,0x460eebde20336aa615370f4b7b7a916e5656d4e6,1
0x47ba9f86c3fa6e6741bb7c25e88f123644fb75cd,0x60aaf07f644c0c6345a3a62f4618a66aa385ee4b,1
0x47ba9f86c3fa6e6741bb7c25e88f123644fb75cd,0x6202bceaf9694a3c3d7f10659d5c4f4d86cb75a0,1
0x47ba9f86c3fa6e6741bb7c25e88f123644fb75cd,0x80d50ad51fa01044ada9bea7e3cad20af839cb3c,1
0x49c3feafddaefc3bed06f4ff87ce86610c2c1076,0x8f79a9da9032d6ff29dcf185043ad28e0761d2b0,1
0x49c3feafddaefc3bed06f4ff87ce86610c2c1076,0x98ec77e2e8f663bc93fddb58a4b157e64b6d3c42,1
0x49c3feafddaefc3bed06f4ff87ce86610c2c1076,0xd5629923412275e37ea0a28e3efb2f9a701e83be,1
0x4cadfe63af96404bcb3fbef877dc7aaf2593156d,0x31468523e226b9212e12688b7bff7d8b6d3b94bf,1
0x4cadfe63af96404bcb3fbef877dc7aaf2593156d,0x8d7a5fedf55b68625b2e5953f8203b029cb9c44e,1
0x4cadfe63af96404bcb3fbef877dc7aaf2593156d,0x8f79a9da9032d6ff29dcf185043ad28e0761d2b0,1
0x5338035c008ea8c4b850052bc8dad6a33dc2206c,0xa2b584e5f442f73038320f9e95a490b86ec27d62,1
0x56d6f5cd1d83cc76305e626a3c724b0bf5cb3f7d,0x8514b324c54150ddfe6b12c7f38a4b5e01e4ab14,1
0x58aa50c29bba417ae2384805ae7fbae1381f68d8,0x31468523e226b9212e12688b7bff7d8b6d3b94bf,1
0x58aa50c29bba417ae2384805ae7fbae1381f68d8,0x6aedb3ffd3930b5662a09bbaeb25ee9040b8cf06,1
0x58aa50c29bba417ae2384805ae7fbae1381f68d8,0x8d7a5fedf55b68625b2e5953f8203b029cb9c44e,1
0x5bb4fdbc9dd62ff5317fbd0c17a07cbddf82db14,0x31468523e226b9212e12688b7bff7d8b6d3b94bf,1
0x61e0841d103d77325e7743d1ff7117efe7c2c9f6,0xae31fa1969f2c8188ec939d2ec1547b82f00a13c,1
0x6202bceaf9694a3c3d7f10659d5c4f4d86cb75a0,0x1060413ca70a627965f7bf2091c9c4525c962dd0,1
0x6202bceaf9694a3c3d7f10659d5c4f4d86cb75a0,0x96c56c717cb874eeba508e6958f80590b6785132,1
0x6202bceaf9694a3c3d7f10659d5c4f4d86cb75a0,0xae31fa1969f2c8188ec939d2ec1547b82f00a13c,1
0x6d3cd864271864f2f32a9a58631f22b384bf9a17,0x6aedb3ffd3930b5662a09bbaeb25ee9040b8cf06,1
0x6d3cd864271864f2f32a9a58631f22b384bf9a17,0x7768fbc67afecf2b4caee9d1841ad14637d13652,1
0x7768fbc67afecf2b4caee9d1841ad14637d13652,0xae31fa1969f2c8188ec939d2ec1547b82f00a13c,1
0x80d50ad51fa01044ada9bea7e3cad20af839cb3c,0xa2b584e5f442f73038320f9e95a490b86ec27d62,1
0x80d50ad51fa01044ada9bea7e3cad20af839cb3c,0xae31fa1969f2c8188ec939d2ec1547b82f00a13c,1
0x879765ffd7f2fe105ed3aa42b15b5f5ad241f0bd,0xae31fa1969f2c8188ec939d2ec1547b82f00a13c,1
0x8f79a9da9032d6ff29dcf185043ad28e0761d2b0,0x3c8cbd613857965267bcd4bdec7b794dd53969a0,1
0x8f79a9da9032d6ff29dcf185043ad28e0761d2b0,0x6341ce65a3171bec75bf6eba33eeea4a9ba59737,1
0x8fe4c6f7d6f71d39338da5f368584bc3577bbfb5,0x63f6c58be0c97b5cb19c4c92bc73a66eceb738b3,1
0x96c56c717cb874eeba508e6958f80590b6785132,0xdab34a1b004a687f9b70e8db73b10a0db6a2705f,1
0x98ec77e2e8f663bc93fddb58a4b157e64b6d3c42,0x8514b324c54150ddfe6b12c7f38a4b5e01e4ab14,1
0x99993a4a953811ca8da5728d05d9b7cf5e0b9595,0x8514b324c54150ddfe6b12c7f38a4b5e01e4ab14,1
0xa1c7fe6876ca40d7da948e895ad58c3663c457e4,0x460eebde20336aa615370f4b7b7a916e5656d4e6,1
0xa1c7fe6876ca40d7da948e895ad58c3663c457e4,0x80d50ad51fa01044ada9bea7e3cad20af839cb3c,1
0xa20fa8fda4dcfab1fe27d8a5771129bc636482d8,0x31468523e226b9212e12688b7bff7d8b6d3b94bf,1
0xa20fa8fda4dcfab1fe27d8a5771129bc636482d8,0x5e09ec2fb41de5eafdec27a34f55d5ec064661e2,1
0xa2b584e5f442f73038320f9e95a490b86ec27d62,0xe2885515bae1cf170daa4e9e3d84878b782e2137,1
0xa36d8079fec0eb1921731ae6214ba6c267fd9b82,0x31468523e226b9212e12688b7bff7d8b6d3b94bf,1
0xa36d8079fec0eb1921731ae6214ba6c267fd9b82,0xaa9ef3940f260701bc12373a48d30356bc1ecb1b,1
0xa6f95ffa23ca53d33390f3ad6d1da06f8a456ccf,0x31468523e226b9212e12688b7bff7d8b6d3b94bf,1
0xa6f95ffa23ca53d33390f3ad6d1da06f8a456ccf,0x7768fbc67afecf2b4caee9d1841ad14637d13652,1
0xaa9772d31476e85fedd1099e40dd2ff5dee214ff,0x14e67228b9c4c4ce5c539aa78776378524818453,1
0xaa9ef3940f260701bc12373a48d30356bc1ecb1b,0xaa9772d31476e85fedd1099e40dd2ff5dee214ff,1
0xab43df219baa59afcaa3e1bacc9541e3690f4841,0x98ec77e2e8f663bc93fddb58a4b157e64b6d3c42,1
0xadcc57a64dfe3f67800644711bea6d2572da32da,0x31468523e226b9212e12688b7bff7d8b6d3b94bf,1
0xadcc57a64dfe3f67800644711bea6d2572da32da,0x8d7a5fedf55b68625b2e5953f8203b029cb9c44e,1
0xae31fa1969f2c8188ec939d2ec1547b82f00a13c,0x3e8a6726f43e6a7470ff2c99db5b73a2f81afb3d,1
0xae31fa1969f2c8188ec939d2ec1547b82f00a13c,0x98ec77e2e8f663bc93fddb58a4b157e64b6d3c42,1
0xb2218bc679868bbaac432ec58fb4050870894e18,0x5338035c008ea8c4b850052bc8dad6a33dc2206c,1
0xb2218bc679868bbaac432ec58fb4050870894e18,0xaa9ef3940f260701bc12373a48d30356bc1ecb1b,1
0xb32b4350c25141e779d392c1dbe857b62b60b4c9,0x49c3feafddaefc3bed06f4ff87ce86610c2c1076,1
0xb32b4350c25141e779d392c1dbe857b62b60b4c9,0xd42d52b709829926531c64a32f2713b4dc8ea6f6,1
0xb597b202294dd5a4a616fcc2f178588bfc6d2c16,0xaa9ef3940f260701bc12373a48d30356bc1ecb1b,1
0xb597b202294dd5a4a616fcc2f178588bfc6d2c16,0xc31440748bc461217e19eda76aaf8145bf9a45bd,1
0xb5af12b837aaf602298b3385640f61a0ff0f4e0d,0x14e67228b9c4c4ce5c539aa78776378524818453,1
0xb5af12b837aaf602298b3385640f61a0ff0f4e0d,0x5bb4fdbc9dd62ff5317fbd0c17a07cbddf82db14,1
0xbad2e065edc215cb54a0e78391fb2abcb173f77d,0xbe12d70e356fb484bad8213f0d51b462ad658faa,1
0xbd9c944dcfb31cd24c81ebf1c974d950f44e42b8,0x31468523e226b9212e12688b7bff7d8b6d3b94bf,1
0xbd9c944dcfb31cd24c81ebf1c974d950f44e42b8,0x6341ce65a3171bec75bf6eba33eeea4a9ba59737,1
0xbd9c944dcfb31cd24c81ebf1c974d950f44e42b8,0x7b505d4ac6ab4cdf3ff86c48ebf4b3645377817f,1
0xbd9c944dcfb31cd24c81ebf1c974d950f44e42b8,0x84abb6c94713d77970b7dcc3143412585ba6c4d9,1
0xbdd95abe8a7694ccd77143376b0fbea183e6a740,0x293655d202d06eb5d015d93b03c4c570bb8fb21c,1
0xbdd95abe8a7694ccd77143376b0fbea183e6a740,0x4fb2f8f917362911670e9afe6d25307b9048c345,1
0xbdd95abe8a7694ccd77143376b0fbea183e6a740,0xdab34a1b004a687f9b70e8db73b10a0db6a2705f,1
0xc31440748bc461217e19eda76aaf8145bf9a45bd,0x293655d202d06eb5d015d93b03c4c570bb8fb21c,1
0xc31440748bc461217e19eda76aaf8145bf9a45bd,0x4fb2f8f917362911670e9afe6d25307b9048c345,1
0xc31440748bc461217e19eda76aaf8145bf9a45bd,0x7768fbc67afecf2b4caee9d1841ad14637d13652,1
0xc31440748bc461217e19eda76aaf8145bf9a45bd,0x7b505d4ac6ab4cdf3ff86c48ebf4b3645377817f,1
0xc457749236328d6e27fc7441cc32f273d6ad05ad,0x5e09ec2fb41de5eafdec27a34f55d5ec064661e2,1
0xc77fa6c05b4e472feee7c0f9b20e70c5bf33a99b,0xaa9ef3940f260701bc12373a48d30356bc1ecb1b,1
0xc77fa6c05b4e472feee7c0f9b20e70c5bf33a99b,0xc457749236328d6e27fc7441cc32f273d6ad05ad,1
0xcaabd2a0cfbed20de41f49ca25a69f37a1b8c21b,0xbe12d70e356fb484bad8213f0d51b462ad658faa,1
0xd1a35946076518216030280f9732e5b0907f1f61,0x3c8cbd613857965267bcd4bdec7b794dd53969a0,1
0xd42d52b709829926531c64a32f2713b4dc8ea6f6,0x84abb6c94713d77970b7dcc3143412585ba6c4d9,1
0xd5629923412275e37ea0a28e3efb2f9a701e83be,0x5e09ec2fb41de5eafdec27a34f55d5ec064661e2,1
0xd5629923412275e37ea0a28e3efb2f9a701e83be,0x98ec77e2e8f663bc93fddb58a4b157e64b6d3c42,1
0xd5629923412275e37ea0a28e3efb2f9a701e83be,0xaa9772d31476e85fedd1099e40dd2ff5dee214ff,1
0xd5a9c4a92dde274e126f82b215fccb511147cd8e,0x31468523e226b9212e12688b7bff7d8b6d3b94bf,1
0xd5a9c4a92dde274e126f82b215fccb511147cd8e,0x42ae4d226019a8e99afa4b4e4e416983568ead54,1
0xd5a9c4a92dde274e126f82b215fccb511147cd8e,0xbe12d70e356fb484bad8213f0d51b462ad658faa,1
0xd6a49e83d27f19c24a82bdb808439dd84146bfac,0x5bb4fdbc9dd62ff5317fbd0c17a07cbddf82db14,1
0xdab34a1b004a687f9b70e8db73b10a0db6a2705f,0xaa9ef3940f260701bc12373a48d30356bc1ecb1b,1
0xe2885515bae1cf170daa4e9e3d84878b782e2137,0xb32b4350c25141e779d392c1dbe857b62b60b4c9,1
0xf916719c7251e109cf3d1a977b6cad198b630c32,0x293655d202d06eb5d015d93b03c4c570bb8fb21c,1
0xf916719c7251e109cf3d1a977b6cad198b630c32,0x6202bceaf9694a3c3d7f10659d5c4f4d86cb75a0,1
0xf916719c7251e109cf3d1a977b6cad198b630c32,0xae31fa1969f2c8188ec939d2ec1547b82f00a13c,1
0xf916719c7251e109cf3d1a977b6cad198b630c32,0xbd9c944dcfb31cd24c81ebf1c974d950f44e42b8,1
0xfd7c976e351b15cdbd5e2b24063ad3d024113e0e,0x28d037512fb11a46fc871bf1852580d8e084c34e,1
0xfd7c976e351b15cdbd5e2b24063ad3d024113e0e,0xae4d837caa0c53579f8a156633355df5058b02f3,1
0xfd7c976e351b15cdbd5e2b24063ad3d024113e0e,0xbd9c944dcfb31cd24c81ebf1c974d950f44e42b8,1
