target,source,value
0x0abb75f676d0c131c04324dd98150a39213edd41,0xcb450c8e269b8b96c944bc5b19c51100bdb4139b,66
0x92d79ccace3fc606845f3a66c9aed75d8e5487a9,0xcefd0e73cc48b0b9d4c8683e52b7d7396600abb2,60
0xfc86a64a8de22cf25410f7601acbd8d6630da93d,0x98bb3a3921200017ebd0af803aeddd464e70e791,57
0x114f1388fab456c4ba31b1850b244eedcd024136,0xe76091f84ddf27f9e773ca8bd2090830943f615c,47
0x08d816526bdc9d077dd685bd9fa49f58a5ab8e48,0x114f1388fab456c4ba31b1850b244eedcd024136,45
0xf0ae2ca261d5e6436f7fed9ca76b97719c07f81a,0x1cbc9af7b19c13d492f4375dfb5e65a8bd04b03d,43
0x4265de963cdd60629d03fee2cd3285e6d5ff6015,0xcbee390e62853b80aaae7181b205f6cf368cff7d,42
0x4265de963cdd60629d03fee2cd3285e6d5ff6015,0x1c70d3a0a945a5146cb852c47c9f93ca0b59afb1,40
0xd28e0016b917f0a2159adae4225a6b5ebe747884,0x46e449a3f88d0e35b4520bc36e8dfda195c896b0,40
0x46e449a3f88d0e35b4520bc36e8dfda195c896b0,0xc310e760778ecbca4c65b6c559874757a4c4ece0,39
0x2206168cde2b3652e2488d9a1283531a4d200aea,0x08d147c4b4a75f0db3ce5b2623ee615b41520ed5,35
0xd9d1c2623fbb4377d9bf29075e610a9b8b4805b4,0x2dab4ce3490bb50b2ea4c07ab1b6a9cfe29d89b3,33
0x701f373df763308d96d8537822e8f9b2bae4e847,0x114f1388fab456c4ba31b1850b244eedcd024136,26
0xf51d05c6477f23647c0d4c9832e6a800e77621ed,0x2dab4ce3490bb50b2ea4c07ab1b6a9cfe29d89b3,25
0x4265de963cdd60629d03fee2cd3285e6d5ff6015,0x4dc6750a016db9a96fef40d852e1faee11733db6,24
0x6d1f97038f6537410ed50456c4a1a9a174f19282,0xc4c6c27b2259794a1dd35d438e703281c0e4a004,22
0x8c72dc9bd9af2921db19bc950e3c65a15f7e9dc3,0x114f1388fab456c4ba31b1850b244eedcd024136,21
0x2dab4ce3490bb50b2ea4c07ab1b6a9cfe29d89b3,0xe76091f84ddf27f9e773ca8bd2090830943f615c,20
0x114f1388fab456c4ba31b1850b244eedcd024136,0x1cbc9af7b19c13d492f4375dfb5e65a8bd04b03d,16
0x114f1388fab456c4ba31b1850b244eedcd024136,0x08d816526bdc9d077dd685bd9fa49f58a5ab8e48,14
0x114f1388fab456c4ba31b1850b244eedcd024136,0x576b410d17d0cd216f6d87498b12ed1d4642563a,14
0x2dab4ce3490bb50b2ea4c07ab1b6a9cfe29d89b3,0x1cbc9af7b19c13d492f4375dfb5e65a8bd04b03d,14
0x8249b4417d752cda7022554b111a2f7c3323da06,0x2dab4ce3490bb50b2ea4c07ab1b6a9cfe29d89b3,14
0x504c11bdbe6e29b46e23e9a15d9c8d2e2e795709,0x53fed1eb683745352886a363cc0b6e3415824ec8,13
0x1c70d3a0a945a5146cb852c47c9f93ca0b59afb1,0xa958e6e90f570ca0293a01cdbbb6997de5848850,12
0x2d1194e75b408c9395a8bbbedc0079322b62c0a4,0xc310e760778ecbca4c65b6c559874757a4c4ece0,12
0x4dc6750a016db9a96fef40d852e1faee11733db6,0x114f1388fab456c4ba31b1850b244eedcd024136,12
0x0985fbcb517b2889eb2340a3c2747e133a825cd2,0x114f1388fab456c4ba31b1850b244eedcd024136,11
0x114f1388fab456c4ba31b1850b244eedcd024136,0x4dc6750a016db9a96fef40d852e1faee11733db6,11
0x342c6bfa287ce37b8b53eee0e5b6e6bcbea98c76,0xe1d29d0a39962a9a8d2a297ebe82e166f8b8ec18,11
0x616ed054e0e0fdbfcad3fa2f42daed3d7d4ee448,0x114f1388fab456c4ba31b1850b244eedcd024136,11
0x114f1388fab456c4ba31b1850b244eedcd024136,0x8c72dc9bd9af2921db19bc950e3c65a15f7e9dc3,10
0x4265de963cdd60629d03fee2cd3285e6d5ff6015,0xb67d58cffae63a95fb380b952e65b1a8eac44d0b,10
0x8c72dc9bd9af2921db19bc950e3c65a15f7e9dc3,0x2dab4ce3490bb50b2ea4c07ab1b6a9cfe29d89b3,10
0x9acb8ed0c0d1f585c1e2c5cb2ba383aa1f71d5bf,0xa958e6e90f570ca0293a01cdbbb6997de5848850,10
0xd9d1c2623fbb4377d9bf29075e610a9b8b4805b4,0x114f1388fab456c4ba31b1850b244eedcd024136,10
0xe76091f84ddf27f9e773ca8bd2090830943f615c,0x2dab4ce3490bb50b2ea4c07ab1b6a9cfe29d89b3,10
0x1c70d3a0a945a5146cb852c47c9f93ca0b59afb1,0xc310e760778ecbca4c65b6c559874757a4c4ece0,9
0x2dab4ce3490bb50b2ea4c07ab1b6a9cfe29d89b3,0x8c72dc9bd9af2921db19bc950e3c65a15f7e9dc3,9
0xc16414ac1fedfdac4f8a09674d994e1bbb9d7113,0xa1cbb86803090bb85a45321d4eb9848ab755363a,9
0xc310e760778ecbca4c65b6c559874757a4c4ece0,0x46e449a3f88d0e35b4520bc36e8dfda195c896b0,9
0xdfa5782cf29b302083925108a19205cb86c716a5,0xd9d1c2623fbb4377d9bf29075e610a9b8b4805b4,9
0xe76091f84ddf27f9e773ca8bd2090830943f615c,0x114f1388fab456c4ba31b1850b244eedcd024136,9
0xf266ec07bced0c64514dc0f7ab1bbc56dc2aff9c,0xd9d1c2623fbb4377d9bf29075e610a9b8b4805b4,9
0x1cbc9af7b19c13d492f4375dfb5e65a8bd04b03d,0x114f1388fab456c4ba31b1850b244eedcd024136,8
0x235cc1815f11cdeb941ddb342ba57f8bed806841,0xd9d1c2623fbb4377d9bf29075e610a9b8b4805b4,8
0x2dab4ce3490bb50b2ea4c07ab1b6a9cfe29d89b3,0xf51d05c6477f23647c0d4c9832e6a800e77621ed,8
0x2f5170deea823099d75f200ae0524b30c3701881,0xc310e760778ecbca4c65b6c559874757a4c4ece0,8
0xb53349160e38739b37e4bbfcf950ed26e26fcb41,0xdc95b1b1b21a104fa2899386f13a2ddf407f466d,8
0xf266ec07bced0c64514dc0f7ab1bbc56dc2aff9c,0xc16414ac1fedfdac4f8a09674d994e1bbb9d7113,8
0x2dab4ce3490bb50b2ea4c07ab1b6a9cfe29d89b3,0xd9d1c2623fbb4377d9bf29075e610a9b8b4805b4,7
0xdfa5782cf29b302083925108a19205cb86c716a5,0xa958e6e90f570ca0293a01cdbbb6997de5848850,7
0xdfa5782cf29b302083925108a19205cb86c716a5,0xc16414ac1fedfdac4f8a09674d994e1bbb9d7113,7
0x09ba0d8c6e10147660714388d4857260d9bd7958,0xa958e6e90f570ca0293a01cdbbb6997de5848850,6
0x114f1388fab456c4ba31b1850b244eedcd024136,0x81be7f475e335693fda594abc8b42bb0d873f9a0,6
0x1cbc9af7b19c13d492f4375dfb5e65a8bd04b03d,0x2dab4ce3490bb50b2ea4c07ab1b6a9cfe29d89b3,6
0x2dab4ce3490bb50b2ea4c07ab1b6a9cfe29d89b3,0x08d816526bdc9d077dd685bd9fa49f58a5ab8e48,6
0x4e7e1c73c116649c1c684acb6ec98bac4fbb4ef6,0x8249b4417d752cda7022554b111a2f7c3323da06,6
0x735ed02655bca15ec46491c0de4946591135459b,0xa958e6e90f570ca0293a01cdbbb6997de5848850,6
0x81be7f475e335693fda594abc8b42bb0d873f9a0,0x576b410d17d0cd216f6d87498b12ed1d4642563a,6
0xc16414ac1fedfdac4f8a09674d994e1bbb9d7113,0x53fed1eb683745352886a363cc0b6e3415824ec8,6
0xc16414ac1fedfdac4f8a09674d994e1bbb9d7113,0xdc95b1b1b21a104fa2899386f13a2ddf407f466d,6
0xc310e760778ecbca4c65b6c559874757a4c4ece0,0x2f5170deea823099d75f200ae0524b30c3701881,6
0xf266ec07bced0c64514dc0f7ab1bbc56dc2aff9c,0xf05155f792819710da259c103d30e4b70178ea9f,6
0xfc86a64a8de22cf25410f7601acbd8d6630da93d,0xf05155f792819710da259c103d30e4b70178ea9f,6
0x0985fbcb517b2889eb2340a3c2747e133a825cd2,0x4dc6750a016db9a96fef40d852e1faee11733db6,5
0x4e7e1c73c116649c1c684acb6ec98bac4fbb4ef6,0x576b410d17d0cd216f6d87498b12ed1d4642563a,5
0x504c11bdbe6e29b46e23e9a15d9c8d2e2e795709,0xa1cbb86803090bb85a45321d4eb9848ab755363a,5
0x505920cf689dc11bc0fb6013c4d0ec5c59ebb7c1,0x8249b4417d752cda7022554b111a2f7c3323da06,5
0x576b410d17d0cd216f6d87498b12ed1d4642563a,0x342c6bfa287ce37b8b53eee0e5b6e6bcbea98c76,5
0x81be7f475e335693fda594abc8b42bb0d873f9a0,0x114f1388fab456c4ba31b1850b244eedcd024136,5
0xc16414ac1fedfdac4f8a09674d994e1bbb9d7113,0xf0ae2ca261d5e6436f7fed9ca76b97719c07f81a,5
0xcbedb07f3df22e9ee0c801917563050ecea2b27b,0x2dab4ce3490bb50b2ea4c07ab1b6a9cfe29d89b3,5
0xf05155f792819710da259c103d30e4b70178ea9f,0x08d816526bdc9d077dd685bd9fa49f58a5ab8e48,5
0xf47588a5a54a0a2a1de1863a88a120bbc0b4b777,0x576b410d17d0cd216f6d87498b12ed1d4642563a,5
0x178442bb4d0d479b63136b27ef92495381244a70,0xdc95b1b1b21a104fa2899386f13a2ddf407f466d,4
0x2dab4ce3490bb50b2ea4c07ab1b6a9cfe29d89b3,0xcbedb07f3df22e9ee0c801917563050ecea2b27b,4
0x2f5170deea823099d75f200ae0524b30c3701881,0x46e449a3f88d0e35b4520bc36e8dfda195c896b0,4
0x4897d38b0974051d8fa34364e37a5993f4a966a5,0x2dab4ce3490bb50b2ea4c07ab1b6a9cfe29d89b3,4
0xa1cbb86803090bb85a45321d4eb9848ab755363a,0x46e449a3f88d0e35b4520bc36e8dfda195c896b0,4
0xa958e6e90f570ca0293a01cdbbb6997de5848850,0xc310e760778ecbca4c65b6c559874757a4c4ece0,4
0xc310e760778ecbca4c65b6c559874757a4c4ece0,0x618db72edfaecb3cdd09024a2c9f63fa055582ff,4
0xf6695d73a5518b0859bd0621e94ff0dea9f2b0ab,0x576b410d17d0cd216f6d87498b12ed1d4642563a,4
0x0985fbcb517b2889eb2340a3c2747e133a825cd2,0x00668bd79ede077b99bbe1c4db59418bc333d4cf,3
0x09ba0d8c6e10147660714388d4857260d9bd7958,0x81be7f475e335693fda594abc8b42bb0d873f9a0,3
0x0abb75f676d0c131c04324dd98150a39213edd41,0x6d1f97038f6537410ed50456c4a1a9a174f19282,3
0x114f1388fab456c4ba31b1850b244eedcd024136,0x3b3fc1f418bef741a954403e5c6cce50df4349e9,3
0x114f1388fab456c4ba31b1850b244eedcd024136,0xcefd0e73cc48b0b9d4c8683e52b7d7396600abb2,3
0x178442bb4d0d479b63136b27ef92495381244a70,0x81be7f475e335693fda594abc8b42bb0d873f9a0,3
0x1c70d3a0a945a5146cb852c47c9f93ca0b59afb1,0xf6695d73a5518b0859bd0621e94ff0dea9f2b0ab,3
0x2592552707b9575afb566178134118a69d97fe29,0x46e449a3f88d0e35b4520bc36e8dfda195c896b0,3
0x38a4d889a1979133fbc1d58f970f0953e3715c26,0x46e449a3f88d0e35b4520bc36e8dfda195c896b0,3
0x433c8a73bec1273561e4e2201649de12f20b7d58,0x114f1388fab456c4ba31b1850b244eedcd024136,3
0x504c11bdbe6e29b46e23e9a15d9c8d2e2e795709,0xf0ae2ca261d5e6436f7fed9ca76b97719c07f81a,3
0x576b410d17d0cd216f6d87498b12ed1d4642563a,0xb697b9455eeee9574ec5c5350cb10c8a5b752a39,3
0x6d1f97038f6537410ed50456c4a1a9a174f19282,0x08d816526bdc9d077dd685bd9fa49f58a5ab8e48,3
0x98bb3a3921200017ebd0af803aeddd464e70e791,0x08d816526bdc9d077dd685bd9fa49f58a5ab8e48,3
0x9acb8ed0c0d1f585c1e2c5cb2ba383aa1f71d5bf,0x38a4d889a1979133fbc1d58f970f0953e3715c26,3
0x9acb8ed0c0d1f585c1e2c5cb2ba383aa1f71d5bf,0x6d1f97038f6537410ed50456c4a1a9a174f19282,3
0x9cb15c0ed7548a2b6ed8233d82712daf52e8714e,0xb697b9455eeee9574ec5c5350cb10c8a5b752a39,3
0xa1cbb86803090bb85a45321d4eb9848ab755363a,0xa958e6e90f570ca0293a01cdbbb6997de5848850,3
0xa958e6e90f570ca0293a01cdbbb6997de5848850,0x235cc1815f11cdeb941ddb342ba57f8bed806841,3
0xa958e6e90f570ca0293a01cdbbb6997de5848850,0x3a6372b2013f9876a84761187d933dee0653e377,3
0xb2a2a6a69e7a0ad66943f4c2869d45a9919cf740,0x2dab4ce3490bb50b2ea4c07ab1b6a9cfe29d89b3,3
0xc16414ac1fedfdac4f8a09674d994e1bbb9d7113,0x9cb15c0ed7548a2b6ed8233d82712daf52e8714e,3
0xc310e760778ecbca4c65b6c559874757a4c4ece0,0x38a4d889a1979133fbc1d58f970f0953e3715c26,3
0xcb0a0107419f9aca86e793f0808afc2e4ff490ef,0xf224837e13b1a745574ef68a73427b0063f266f1,3
0xcd10e794a20f32056707ded51483124d912913a1,0x576b410d17d0cd216f6d87498b12ed1d4642563a,3
0xdc95b1b1b21a104fa2899386f13a2ddf407f466d,0x114f1388fab456c4ba31b1850b244eedcd024136,3
0xeb311c71459d04fa75f0be04015b7dcb46bfd9db,0xc16414ac1fedfdac4f8a09674d994e1bbb9d7113,3
0xf05155f792819710da259c103d30e4b70178ea9f,0x576b410d17d0cd216f6d87498b12ed1d4642563a,3
0xf05155f792819710da259c103d30e4b70178ea9f,0x6d1f97038f6537410ed50456c4a1a9a174f19282,3
0xf05155f792819710da259c103d30e4b70178ea9f,0xcbedb07f3df22e9ee0c801917563050ecea2b27b,3
0xf266ec07bced0c64514dc0f7ab1bbc56dc2aff9c,0xa958e6e90f570ca0293a01cdbbb6997de5848850,3
0xf266ec07bced0c64514dc0f7ab1bbc56dc2aff9c,0xb53349160e38739b37e4bbfcf950ed26e26fcb41,3
0xf47588a5a54a0a2a1de1863a88a120bbc0b4b777,0x00668bd79ede077b99bbe1c4db59418bc333d4cf,3
0x00668bd79ede077b99bbe1c4db59418bc333d4cf,0xb697b9455eeee9574ec5c5350cb10c8a5b752a39,2
0x00668bd79ede077b99bbe1c4db59418bc333d4cf,0xdc95b1b1b21a104fa2899386f13a2ddf407f466d,2
0x09ba0d8c6e10147660714388d4857260d9bd7958,0x1565e23abe9c15c714b662b77c87ed9a61ee19d2,2
0x0abb75f676d0c131c04324dd98150a39213edd41,0xaa12d5adb330a23dbd6c4b52b5e9aab2c6c57372,2
0x114f1388fab456c4ba31b1850b244eedcd024136,0x616ed054e0e0fdbfcad3fa2f42daed3d7d4ee448,2
0x114f1388fab456c4ba31b1850b244eedcd024136,0x92e9b91aa2171694d740e7066f787739ca1af9de,2
0x114f1388fab456c4ba31b1850b244eedcd024136,0xb2a2a6a69e7a0ad66943f4c2869d45a9919cf740,2
0x235cc1815f11cdeb941ddb342ba57f8bed806841,0x178442bb4d0d479b63136b27ef92495381244a70,2
0x235cc1815f11cdeb941ddb342ba57f8bed806841,0x2dab4ce3490bb50b2ea4c07ab1b6a9cfe29d89b3,2
0x235cc1815f11cdeb941ddb342ba57f8bed806841,0x88341d1a8f672d2780c8dc725902aae72f143b0c,2
0x2d1194e75b408c9395a8bbbedc0079322b62c0a4,0x46e449a3f88d0e35b4520bc36e8dfda195c896b0,2
0x2dab4ce3490bb50b2ea4c07ab1b6a9cfe29d89b3,0x235cc1815f11cdeb941ddb342ba57f8bed806841,2
0x2dab4ce3490bb50b2ea4c07ab1b6a9cfe29d89b3,0x81be7f475e335693fda594abc8b42bb0d873f9a0,2
0x2dab4ce3490bb50b2ea4c07ab1b6a9cfe29d89b3,0xbfe2a4c010dd3b352b77a18a58b654524aa456f2,2
0x2dab4ce3490bb50b2ea4c07ab1b6a9cfe29d89b3,0xcefd0e73cc48b0b9d4c8683e52b7d7396600abb2,2
0x30e3e8de3732793cb7c8b67acca6b2bcadc58186,0x81be7f475e335693fda594abc8b42bb0d873f9a0,2
0x4c4a5490deefefa16f49a1a48c9acdc60f4117d0,0x46e449a3f88d0e35b4520bc36e8dfda195c896b0,2
0x4c4a5490deefefa16f49a1a48c9acdc60f4117d0,0xa958e6e90f570ca0293a01cdbbb6997de5848850,2
0x4fafd7503973d841548024d60025b3e7b4d73a00,0xa958e6e90f570ca0293a01cdbbb6997de5848850,2
0x504c11bdbe6e29b46e23e9a15d9c8d2e2e795709,0x9cb15c0ed7548a2b6ed8233d82712daf52e8714e,2
0x504c11bdbe6e29b46e23e9a15d9c8d2e2e795709,0xdc95b1b1b21a104fa2899386f13a2ddf407f466d,2
0x505920cf689dc11bc0fb6013c4d0ec5c59ebb7c1,0x88a72b209091f4a4ffa3514e520adbe124ca269a,2
0x552b6ad871f27a9729162c18d769050363f2d57e,0xc310e760778ecbca4c65b6c559874757a4c4ece0,2
0x576b410d17d0cd216f6d87498b12ed1d4642563a,0x38a4d889a1979133fbc1d58f970f0953e3715c26,2
0x618db72edfaecb3cdd09024a2c9f63fa055582ff,0x114f1388fab456c4ba31b1850b244eedcd024136,2
0x618db72edfaecb3cdd09024a2c9f63fa055582ff,0xa958e6e90f570ca0293a01cdbbb6997de5848850,2
0x6d1f97038f6537410ed50456c4a1a9a174f19282,0x11360f0c5552443b33720a44408aba01a809905e,2
0x735ed02655bca15ec46491c0de4946591135459b,0x28c2abb1a94648bcf3f478d1aa32d5585e7fc96b,2
0x735ed02655bca15ec46491c0de4946591135459b,0x6d1f97038f6537410ed50456c4a1a9a174f19282,2
0x735ed02655bca15ec46491c0de4946591135459b,0xbfe2a4c010dd3b352b77a18a58b654524aa456f2,2
0x81be7f475e335693fda594abc8b42bb0d873f9a0,0x3a6372b2013f9876a84761187d933dee0653e377,2
0x81be7f475e335693fda594abc8b42bb0d873f9a0,0xc16414ac1fedfdac4f8a09674d994e1bbb9d7113,2
0x88a72b209091f4a4ffa3514e520adbe124ca269a,0xc16414ac1fedfdac4f8a09674d994e1bbb9d7113,2
0x92d79ccace3fc606845f3a66c9aed75d8e5487a9,0x11360f0c5552443b33720a44408aba01a809905e,2
0x92d79ccace3fc606845f3a66c9aed75d8e5487a9,0xbfe2a4c010dd3b352b77a18a58b654524aa456f2,2
0x98bb3a3921200017ebd0af803aeddd464e70e791,0xa958e6e90f570ca0293a01cdbbb6997de5848850,2
0x98bb3a3921200017ebd0af803aeddd464e70e791,0xcefd0e73cc48b0b9d4c8683e52b7d7396600abb2,2
0x9acb8ed0c0d1f585c1e2c5cb2ba383aa1f71d5bf,0x433c8a73bec1273561e4e2201649de12f20b7d58,2
0x9acb8ed0c0d1f585c1e2c5cb2ba383aa1f71d5bf,0xb53349160e38739b37e4bbfcf950ed26e26fcb41,2
0x9cb15c0ed7548a2b6ed8233d82712daf52e8714e,0x46e449a3f88d0e35b4520bc36e8dfda195c896b0,2
0x9cb15c0ed7548a2b6ed8233d82712daf52e8714e,0x576b410d17d0cd216f6d87498b12ed1d4642563a,2
0x9cb15c0ed7548a2b6ed8233d82712daf52e8714e,0xc310e760778ecbca4c65b6c559874757a4c4ece0,2
0xa958e6e90f570ca0293a01cdbbb6997de5848850,0x08d816526bdc9d077dd685bd9fa49f58a5ab8e48,2
0xa958e6e90f570ca0293a01cdbbb6997de5848850,0x3b3fc1f418bef741a954403e5c6cce50df4349e9,2
0xa958e6e90f570ca0293a01cdbbb6997de5848850,0xb53349160e38739b37e4bbfcf950ed26e26fcb41,2
0xa958e6e90f570ca0293a01cdbbb6997de5848850,0xc16414ac1fedfdac4f8a09674d994e1bbb9d7113,2
0xa958e6e90f570ca0293a01cdbbb6997de5848850,0xd4091d661a44648d61bd3bb51e129d0d60892056,2
0xb2a2a6a69e7a0ad66943f4c2869d45a9919cf740,0x28c2abb1a94648bcf3f478d1aa32d5585e7fc96b,2
0xb2a2a6a69e7a0ad66943f4c2869d45a9919cf740,0x46e449a3f88d0e35b4520bc36e8dfda195c896b0,2
0xb2a2a6a69e7a0ad66943f4c2869d45a9919cf740,0xa958e6e90f570ca0293a01cdbbb6997de5848850,2
0xb53349160e38739b37e4bbfcf950ed26e26fcb41,0x9cb15c0ed7548a2b6ed8233d82712daf52e8714e,2
0xb67d58cffae63a95fb380b952e65b1a8eac44d0b,0xf05155f792819710da259c103d30e4b70178ea9f,2
0xbfe2a4c010dd3b352b77a18a58b654524aa456f2,0xd9d1c2623fbb4377d9bf29075e610a9b8b4805b4,2
0xc16414ac1fedfdac4f8a09674d994e1bbb9d7113,0x2d1194e75b408c9395a8bbbedc0079322b62c0a4,2
0xc310e760778ecbca4c65b6c559874757a4c4ece0,0x235cc1815f11cdeb941ddb342ba57f8bed806841,2
0xc310e760778ecbca4c65b6c559874757a4c4ece0,0x552b6ad871f27a9729162c18d769050363f2d57e,2
0xc310e760778ecbca4c65b6c559874757a4c4ece0,0x8ab83d869f2bc250b781d26f6584fd5c562fdd9d,2
0xc310e760778ecbca4c65b6c559874757a4c4ece0,0xea2c15b73e07bdd59caec75c08f675fd4cb04229,2
0xcbee390e62853b80aaae7181b205f6cf368cff7d,0x00668bd79ede077b99bbe1c4db59418bc333d4cf,2
0xcd10e794a20f32056707ded51483124d912913a1,0x81be7f475e335693fda594abc8b42bb0d873f9a0,2
0xcefd0e73cc48b0b9d4c8683e52b7d7396600abb2,0x00668bd79ede077b99bbe1c4db59418bc333d4cf,2
0xcefd0e73cc48b0b9d4c8683e52b7d7396600abb2,0x114f1388fab456c4ba31b1850b244eedcd024136,2
0xcefd0e73cc48b0b9d4c8683e52b7d7396600abb2,0x98bb3a3921200017ebd0af803aeddd464e70e791,2
0xcefd0e73cc48b0b9d4c8683e52b7d7396600abb2,0xf05155f792819710da259c103d30e4b70178ea9f,2
0xd28e0016b917f0a2159adae4225a6b5ebe747884,0x2dab4ce3490bb50b2ea4c07ab1b6a9cfe29d89b3,2
0xd9d1c2623fbb4377d9bf29075e610a9b8b4805b4,0x9cb15c0ed7548a2b6ed8233d82712daf52e8714e,2
0xdfa5782cf29b302083925108a19205cb86c716a5,0x08d816526bdc9d077dd685bd9fa49f58a5ab8e48,2
0xdfa5782cf29b302083925108a19205cb86c716a5,0x09ba0d8c6e10147660714388d4857260d9bd7958,2
0xdfa5782cf29b302083925108a19205cb86c716a5,0x4fafd7503973d841548024d60025b3e7b4d73a00,2
0xdfa5782cf29b302083925108a19205cb86c716a5,0x6d1f97038f6537410ed50456c4a1a9a174f19282,2
0xe76091f84ddf27f9e773ca8bd2090830943f615c,0x81be7f475e335693fda594abc8b42bb0d873f9a0,2
0xeb311c71459d04fa75f0be04015b7dcb46bfd9db,0xb53349160e38739b37e4bbfcf950ed26e26fcb41,2
0xf05155f792819710da259c103d30e4b70178ea9f,0x235cc1815f11cdeb941ddb342ba57f8bed806841,2
0xf05155f792819710da259c103d30e4b70178ea9f,0xaa12d5adb330a23dbd6c4b52b5e9aab2c6c57372,2
0xf266ec07bced0c64514dc0f7ab1bbc56dc2aff9c,0x38a4d889a1979133fbc1d58f970f0953e3715c26,2
0xf266ec07bced0c64514dc0f7ab1bbc56dc2aff9c,0xcb0a0107419f9aca86e793f0808afc2e4ff490ef,2
0xf51d05c6477f23647c0d4c9832e6a800e77621ed,0xc310e760778ecbca4c65b6c559874757a4c4ece0,2
0xfc86a64a8de22cf25410f7601acbd8d6630da93d,0xfe5573c66273313034f7ff6050c54b5402553716,2
0xfe5573c66273313034f7ff6050c54b5402553716,0x00668bd79ede077b99bbe1c4db59418bc333d4cf,2
0x00668bd79ede077b99bbe1c4db59418bc333d4cf,0x9cb15c0ed7548a2b6ed8233d82712daf52e8714e,1
0x08d816526bdc9d077dd685bd9fa49f58a5ab8e48,0x11360f0c5552443b33720a44408aba01a809905e,1
0x08d816526bdc9d077dd685bd9fa49f58a5ab8e48,0x2d1194e75b408c9395a8bbbedc0079322b62c0a4,1
0x08d816526bdc9d077dd685bd9fa49f58a5ab8e48,0x2dab4ce3490bb50b2ea4c07ab1b6a9cfe29d89b3,1
0x08d816526bdc9d077dd685bd9fa49f58a5ab8e48,0x98bb3a3921200017ebd0af803aeddd464e70e791,1
0x08d816526bdc9d077dd685bd9fa49f58a5ab8e48,0xe1d29d0a39962a9a8d2a297ebe82e166f8b8ec18,1
0x0985fbcb517b2889eb2340a3c2747e133a825cd2,0x0f4bc970e348a061b69d05b7e2e5c13eb687e5e3,1
0x0985fbcb517b2889eb2340a3c2747e133a825cd2,0x28c2abb1a94648bcf3f478d1aa32d5585e7fc96b,1
0x0985fbcb517b2889eb2340a3c2747e133a825cd2,0x46c32003a2cb1b8c42bd4780cc1a48c20e756162,1
0x0985fbcb517b2889eb2340a3c2747e133a825cd2,0x53fed1eb683745352886a363cc0b6e3415824ec8,1
0x0985fbcb517b2889eb2340a3c2747e133a825cd2,0x8249b4417d752cda7022554b111a2f7c3323da06,1
0x0985fbcb517b2889eb2340a3c2747e133a825cd2,0xa1cbb86803090bb85a45321d4eb9848ab755363a,1
0x0985fbcb517b2889eb2340a3c2747e133a825cd2,0xc4c6c27b2259794a1dd35d438e703281c0e4a004,1
0x0985fbcb517b2889eb2340a3c2747e133a825cd2,0xf6695d73a5518b0859bd0621e94ff0dea9f2b0ab,1
0x09ba0d8c6e10147660714388d4857260d9bd7958,0x28c2abb1a94648bcf3f478d1aa32d5585e7fc96b,1
0x09ba0d8c6e10147660714388d4857260d9bd7958,0x46e449a3f88d0e35b4520bc36e8dfda195c896b0,1
0x09ba0d8c6e10147660714388d4857260d9bd7958,0xcbedb07f3df22e9ee0c801917563050ecea2b27b,1
0x09ba0d8c6e10147660714388d4857260d9bd7958,0xd4091d661a44648d61bd3bb51e129d0d60892056,1
0x09ba0d8c6e10147660714388d4857260d9bd7958,0xdc95b1b1b21a104fa2899386f13a2ddf407f466d,1
0x0a0871c2ea6f24149758dc5bd1136d337b7f47b8,0x00668bd79ede077b99bbe1c4db59418bc333d4cf,1
0x0a0871c2ea6f24149758dc5bd1136d337b7f47b8,0x576b410d17d0cd216f6d87498b12ed1d4642563a,1
0x0a0871c2ea6f24149758dc5bd1136d337b7f47b8,0xa958e6e90f570ca0293a01cdbbb6997de5848850,1
0x0a0871c2ea6f24149758dc5bd1136d337b7f47b8,0xdc95b1b1b21a104fa2899386f13a2ddf407f466d,1
0x0a0871c2ea6f24149758dc5bd1136d337b7f47b8,0xf0ae2ca261d5e6436f7fed9ca76b97719c07f81a,1
0x0abb75f676d0c131c04324dd98150a39213edd41,0x00668bd79ede077b99bbe1c4db59418bc333d4cf,1
0x0abb75f676d0c131c04324dd98150a39213edd41,0x28c2abb1a94648bcf3f478d1aa32d5585e7fc96b,1
0x0abb75f676d0c131c04324dd98150a39213edd41,0x30e3e8de3732793cb7c8b67acca6b2bcadc58186,1
0x0abb75f676d0c131c04324dd98150a39213edd41,0x4fafd7503973d841548024d60025b3e7b4d73a00,1
0x0abb75f676d0c131c04324dd98150a39213edd41,0x81be7f475e335693fda594abc8b42bb0d873f9a0,1
0x0abb75f676d0c131c04324dd98150a39213edd41,0xa958e6e90f570ca0293a01cdbbb6997de5848850,1
0x0abb75f676d0c131c04324dd98150a39213edd41,0xb53349160e38739b37e4bbfcf950ed26e26fcb41,1
0x0abb75f676d0c131c04324dd98150a39213edd41,0xb697b9455eeee9574ec5c5350cb10c8a5b752a39,1
0x0abb75f676d0c131c04324dd98150a39213edd41,0xc16414ac1fedfdac4f8a09674d994e1bbb9d7113,1
0x0abb75f676d0c131c04324dd98150a39213edd41,0xe76091f84ddf27f9e773ca8bd2090830943f615c,1
0x0f4bc970e348a061b69d05b7e2e5c13eb687e5e3,0x2206168cde2b3652e2488d9a1283531a4d200aea,1
0x0f4bc970e348a061b69d05b7e2e5c13eb687e5e3,0x38a4d889a1979133fbc1d58f970f0953e3715c26,1
0x0f4bc970e348a061b69d05b7e2e5c13eb687e5e3,0x46e449a3f88d0e35b4520bc36e8dfda195c896b0,1
0x0f4bc970e348a061b69d05b7e2e5c13eb687e5e3,0xb697b9455eeee9574ec5c5350cb10c8a5b752a39,1
0x0f4bc970e348a061b69d05b7e2e5c13eb687e5e3,0xcefd0e73cc48b0b9d4c8683e52b7d7396600abb2,1
0x11360f0c5552443b33720a44408aba01a809905e,0x0f4bc970e348a061b69d05b7e2e5c13eb687e5e3,1
0x11360f0c5552443b33720a44408aba01a809905e,0x30e3e8de3732793cb7c8b67acca6b2bcadc58186,1
0x11360f0c5552443b33720a44408aba01a809905e,0x98bb3a3921200017ebd0af803aeddd464e70e791,1
0x11360f0c5552443b33720a44408aba01a809905e,0xa1cbb86803090bb85a45321d4eb9848ab755363a,1
0x11360f0c5552443b33720a44408aba01a809905e,0xf6695d73a5518b0859bd0621e94ff0dea9f2b0ab,1
0x114f1388fab456c4ba31b1850b244eedcd024136,0x235cc1815f11cdeb941ddb342ba57f8bed806841,1
0x1565e23abe9c15c714b662b77c87ed9a61ee19d2,0x6d1f97038f6537410ed50456c4a1a9a174f19282,1
0x1565e23abe9c15c714b662b77c87ed9a61ee19d2,0xc310e760778ecbca4c65b6c559874757a4c4ece0,1
0x178442bb4d0d479b63136b27ef92495381244a70,0x2206168cde2b3652e2488d9a1283531a4d200aea,1
0x178442bb4d0d479b63136b27ef92495381244a70,0x46c32003a2cb1b8c42bd4780cc1a48c20e756162,1
0x178442bb4d0d479b63136b27ef92495381244a70,0x904778b44bd12a1f7c3f1b95ff3381a952296cd1,1
0x178442bb4d0d479b63136b27ef92495381244a70,0xc16414ac1fedfdac4f8a09674d994e1bbb9d7113,1
0x178442bb4d0d479b63136b27ef92495381244a70,0xc310e760778ecbca4c65b6c559874757a4c4ece0,1
0x1c70d3a0a945a5146cb852c47c9f93ca0b59afb1,0x08d816526bdc9d077dd685bd9fa49f58a5ab8e48,1
0x1c70d3a0a945a5146cb852c47c9f93ca0b59afb1,0x11360f0c5552443b33720a44408aba01a809905e,1
0x1c70d3a0a945a5146cb852c47c9f93ca0b59afb1,0x342c6bfa287ce37b8b53eee0e5b6e6bcbea98c76,1
0x1c70d3a0a945a5146cb852c47c9f93ca0b59afb1,0x4c4a5490deefefa16f49a1a48c9acdc60f4117d0,1
0x1c70d3a0a945a5146cb852c47c9f93ca0b59afb1,0x98bb3a3921200017ebd0af803aeddd464e70e791,1
0x1c70d3a0a945a5146cb852c47c9f93ca0b59afb1,0xaa12d5adb330a23dbd6c4b52b5e9aab2c6c57372,1
0x1c70d3a0a945a5146cb852c47c9f93ca0b59afb1,0xd9d1c2623fbb4377d9bf29075e610a9b8b4805b4,1
0x1cbc9af7b19c13d492f4375dfb5e65a8bd04b03d,0x46e449a3f88d0e35b4520bc36e8dfda195c896b0,1
0x1cbc9af7b19c13d492f4375dfb5e65a8bd04b03d,0x735ed02655bca15ec46491c0de4946591135459b,1
0x1cbc9af7b19c13d492f4375dfb5e65a8bd04b03d,0x81be7f475e335693fda594abc8b42bb0d873f9a0,1
0x1cbc9af7b19c13d492f4375dfb5e65a8bd04b03d,0xb697b9455eeee9574ec5c5350cb10c8a5b752a39,1
0x1cbc9af7b19c13d492f4375dfb5e65a8bd04b03d,0xc310e760778ecbca4c65b6c559874757a4c4ece0,1
0x1cbc9af7b19c13d492f4375dfb5e65a8bd04b03d,0xc4c6c27b2259794a1dd35d438e703281c0e4a004,1
0x1cbc9af7b19c13d492f4375dfb5e65a8bd04b03d,0xf51d05c6477f23647c0d4c9832e6a800e77621ed,1
0x235cc1815f11cdeb941ddb342ba57f8bed806841,0x11360f0c5552443b33720a44408aba01a809905e,1
0x235cc1815f11cdeb941ddb342ba57f8bed806841,0xbf59e40112157017b69be5734f8c702dcbd73336,1
0x235cc1815f11cdeb941ddb342ba57f8bed806841,0xc310e760778ecbca4c65b6c559874757a4c4ece0,1
0x2592552707b9575afb566178134118a69d97fe29,0x08d816526bdc9d077dd685bd9fa49f58a5ab8e48,1
0x2592552707b9575afb566178134118a69d97fe29,0x30e3e8de3732793cb7c8b67acca6b2bcadc58186,1
0x2592552707b9575afb566178134118a69d97fe29,0x3a6372b2013f9876a84761187d933dee0653e377,1
0x2592552707b9575afb566178134118a69d97fe29,0x3b3fc1f418bef741a954403e5c6cce50df4349e9,1
0x2592552707b9575afb566178134118a69d97fe29,0x576b410d17d0cd216f6d87498b12ed1d4642563a,1
0x2592552707b9575afb566178134118a69d97fe29,0x701f373df763308d96d8537822e8f9b2bae4e847,1
0x2592552707b9575afb566178134118a69d97fe29,0x735ed02655bca15ec46491c0de4946591135459b,1
0x2592552707b9575afb566178134118a69d97fe29,0x81be7f475e335693fda594abc8b42bb0d873f9a0,1
0x2592552707b9575afb566178134118a69d97fe29,0x92e9b91aa2171694d740e7066f787739ca1af9de,1
0x2592552707b9575afb566178134118a69d97fe29,0xcefd0e73cc48b0b9d4c8683e52b7d7396600abb2,1
0x2592552707b9575afb566178134118a69d97fe29,0xdc95b1b1b21a104fa2899386f13a2ddf407f466d,1
0x28c2abb1a94648bcf3f478d1aa32d5585e7fc96b,0x576b410d17d0cd216f6d87498b12ed1d4642563a,1
0x28c2abb1a94648bcf3f478d1aa32d5585e7fc96b,0xd4091d661a44648d61bd3bb51e129d0d60892056,1
0x2d1194e75b408c9395a8bbbedc0079322b62c0a4,0x616ed054e0e0fdbfcad3fa2f42daed3d7d4ee448,1
0x2d1194e75b408c9395a8bbbedc0079322b62c0a4,0x81be7f475e335693fda594abc8b42bb0d873f9a0,1
0x2dab4ce3490bb50b2ea4c07ab1b6a9cfe29d89b3,0x3b3fc1f418bef741a954403e5c6cce50df4349e9,1
0x2dab4ce3490bb50b2ea4c07ab1b6a9cfe29d89b3,0x53fed1eb683745352886a363cc0b6e3415824ec8,1
0x2dab4ce3490bb50b2ea4c07ab1b6a9cfe29d89b3,0x8249b4417d752cda7022554b111a2f7c3323da06,1
0x2dab4ce3490bb50b2ea4c07ab1b6a9cfe29d89b3,0xb2a2a6a69e7a0ad66943f4c2869d45a9919cf740,1
0x2dab4ce3490bb50b2ea4c07ab1b6a9cfe29d89b3,0xb697b9455eeee9574ec5c5350cb10c8a5b752a39,1
0x30e3e8de3732793cb7c8b67acca6b2bcadc58186,0x08d816526bdc9d077dd685bd9fa49f58a5ab8e48,1
0x30e3e8de3732793cb7c8b67acca6b2bcadc58186,0x4dc6750a016db9a96fef40d852e1faee11733db6,1
0x30e3e8de3732793cb7c8b67acca6b2bcadc58186,0x6d1f97038f6537410ed50456c4a1a9a174f19282,1
0x30e3e8de3732793cb7c8b67acca6b2bcadc58186,0x92e9b91aa2171694d740e7066f787739ca1af9de,1
0x30e3e8de3732793cb7c8b67acca6b2bcadc58186,0xc16414ac1fedfdac4f8a09674d994e1bbb9d7113,1
0x342c6bfa287ce37b8b53eee0e5b6e6bcbea98c76,0xb697b9455eeee9574ec5c5350cb10c8a5b752a39,1
0x38a4d889a1979133fbc1d58f970f0953e3715c26,0x178442bb4d0d479b63136b27ef92495381244a70,1
0x38a4d889a1979133fbc1d58f970f0953e3715c26,0x2f5170deea823099d75f200ae0524b30c3701881,1
0x38a4d889a1979133fbc1d58f970f0953e3715c26,0x81be7f475e335693fda594abc8b42bb0d873f9a0,1
0x38a4d889a1979133fbc1d58f970f0953e3715c26,0xcbedb07f3df22e9ee0c801917563050ecea2b27b,1
0x3b3fc1f418bef741a954403e5c6cce50df4349e9,0x00668bd79ede077b99bbe1c4db59418bc333d4cf,1
0x3b3fc1f418bef741a954403e5c6cce50df4349e9,0x114f1388fab456c4ba31b1850b244eedcd024136,1
0x3b3fc1f418bef741a954403e5c6cce50df4349e9,0x6d1f97038f6537410ed50456c4a1a9a174f19282,1
0x3b3fc1f418bef741a954403e5c6cce50df4349e9,0x735ed02655bca15ec46491c0de4946591135459b,1
0x3b3fc1f418bef741a954403e5c6cce50df4349e9,0x88a72b209091f4a4ffa3514e520adbe124ca269a,1
0x3b3fc1f418bef741a954403e5c6cce50df4349e9,0xbfe2a4c010dd3b352b77a18a58b654524aa456f2,1
0x433c8a73bec1273561e4e2201649de12f20b7d58,0x178442bb4d0d479b63136b27ef92495381244a70,1
0x433c8a73bec1273561e4e2201649de12f20b7d58,0x2dab4ce3490bb50b2ea4c07ab1b6a9cfe29d89b3,1
0x440631dbdc0753e45241569c6d63552eac8e3130,0x0f4bc970e348a061b69d05b7e2e5c13eb687e5e3,1
0x440631dbdc0753e45241569c6d63552eac8e3130,0x1565e23abe9c15c714b662b77c87ed9a61ee19d2,1
0x46c32003a2cb1b8c42bd4780cc1a48c20e756162,0xaa12d5adb330a23dbd6c4b52b5e9aab2c6c57372,1
0x46e449a3f88d0e35b4520bc36e8dfda195c896b0,0x00668bd79ede077b99bbe1c4db59418bc333d4cf,1
0x46e449a3f88d0e35b4520bc36e8dfda195c896b0,0x3a6372b2013f9876a84761187d933dee0653e377,1
0x46e449a3f88d0e35b4520bc36e8dfda195c896b0,0x4c4a5490deefefa16f49a1a48c9acdc60f4117d0,1
0x46e449a3f88d0e35b4520bc36e8dfda195c896b0,0x576b410d17d0cd216f6d87498b12ed1d4642563a,1
0x46e449a3f88d0e35b4520bc36e8dfda195c896b0,0xaa12d5adb330a23dbd6c4b52b5e9aab2c6c57372,1
0x4897d38b0974051d8fa34364e37a5993f4a966a5,0x0985fbcb517b2889eb2340a3c2747e133a825cd2,1
0x4897d38b0974051d8fa34364e37a5993f4a966a5,0x1cbc9af7b19c13d492f4375dfb5e65a8bd04b03d,1
0x4897d38b0974051d8fa34364e37a5993f4a966a5,0x28c2abb1a94648bcf3f478d1aa32d5585e7fc96b,1
0x4897d38b0974051d8fa34364e37a5993f4a966a5,0x2f5170deea823099d75f200ae0524b30c3701881,1
0x4c4a5490deefefa16f49a1a48c9acdc60f4117d0,0x342c6bfa287ce37b8b53eee0e5b6e6bcbea98c76,1
0x4dc6750a016db9a96fef40d852e1faee11733db6,0x6d1f97038f6537410ed50456c4a1a9a174f19282,1
0x4dc6750a016db9a96fef40d852e1faee11733db6,0xa958e6e90f570ca0293a01cdbbb6997de5848850,1
0x4dc6750a016db9a96fef40d852e1faee11733db6,0xc0bdae648dffe763951a6dba32499ee47a475122,1
0x4dc6750a016db9a96fef40d852e1faee11733db6,0xd4091d661a44648d61bd3bb51e129d0d60892056,1
0x4dc6750a016db9a96fef40d852e1faee11733db6,0xf6695d73a5518b0859bd0621e94ff0dea9f2b0ab,1
0x4dc6750a016db9a96fef40d852e1faee11733db6,0xfe5573c66273313034f7ff6050c54b5402553716,1
0x4e7e1c73c116649c1c684acb6ec98bac4fbb4ef6,0x46c32003a2cb1b8c42bd4780cc1a48c20e756162,1
0x4e7e1c73c116649c1c684acb6ec98bac4fbb4ef6,0x81be7f475e335693fda594abc8b42bb0d873f9a0,1
0x4e7e1c73c116649c1c684acb6ec98bac4fbb4ef6,0xa958e6e90f570ca0293a01cdbbb6997de5848850,1
0x4e7e1c73c116649c1c684acb6ec98bac4fbb4ef6,0xc310e760778ecbca4c65b6c559874757a4c4ece0,1
0x4e7e1c73c116649c1c684acb6ec98bac4fbb4ef6,0xe052113bd7d7700d623414a0a4585bcae754e9d5,1
0x4fafd7503973d841548024d60025b3e7b4d73a00,0x2206168cde2b3652e2488d9a1283531a4d200aea,1
0x4fafd7503973d841548024d60025b3e7b4d73a00,0x46c32003a2cb1b8c42bd4780cc1a48c20e756162,1
0x4fafd7503973d841548024d60025b3e7b4d73a00,0x4c4a5490deefefa16f49a1a48c9acdc60f4117d0,1
0x4fafd7503973d841548024d60025b3e7b4d73a00,0x618db72edfaecb3cdd09024a2c9f63fa055582ff,1
0x4fafd7503973d841548024d60025b3e7b4d73a00,0x81be7f475e335693fda594abc8b42bb0d873f9a0,1
0x4fafd7503973d841548024d60025b3e7b4d73a00,0xc0bdae648dffe763951a6dba32499ee47a475122,1
0x4fafd7503973d841548024d60025b3e7b4d73a00,0xe1d29d0a39962a9a8d2a297ebe82e166f8b8ec18,1
0x504c11bdbe6e29b46e23e9a15d9c8d2e2e795709,0xc0bdae648dffe763951a6dba32499ee47a475122,1
0x505920cf689dc11bc0fb6013c4d0ec5c59ebb7c1,0x81be7f475e335693fda594abc8b42bb0d873f9a0,1
0x505920cf689dc11bc0fb6013c4d0ec5c59ebb7c1,0x8965e037cb591a63d1c15f456ff3a155382cbb29,1
0x505920cf689dc11bc0fb6013c4d0ec5c59ebb7c1,0x8ab83d869f2bc250b781d26f6584fd5c562fdd9d,1
0x505920cf689dc11bc0fb6013c4d0ec5c59ebb7c1,0x92e9b91aa2171694d740e7066f787739ca1af9de,1
0x505920cf689dc11bc0fb6013c4d0ec5c59ebb7c1,0xa1cbb86803090bb85a45321d4eb9848ab755363a,1
0x505920cf689dc11bc0fb6013c4d0ec5c59ebb7c1,0xbfe2a4c010dd3b352b77a18a58b654524aa456f2,1
0x53fed1eb683745352886a363cc0b6e3415824ec8,0x114f1388fab456c4ba31b1850b244eedcd024136,1
0x53fed1eb683745352886a363cc0b6e3415824ec8,0x2dab4ce3490bb50b2ea4c07ab1b6a9cfe29d89b3,1
0x53fed1eb683745352886a363cc0b6e3415824ec8,0x618db72edfaecb3cdd09024a2c9f63fa055582ff,1
0x576b410d17d0cd216f6d87498b12ed1d4642563a,0x46e449a3f88d0e35b4520bc36e8dfda195c896b0,1
0x576b410d17d0cd216f6d87498b12ed1d4642563a,0x904778b44bd12a1f7c3f1b95ff3381a952296cd1,1
0x576b410d17d0cd216f6d87498b12ed1d4642563a,0x92e9b91aa2171694d740e7066f787739ca1af9de,1
0x576b410d17d0cd216f6d87498b12ed1d4642563a,0xcefd0e73cc48b0b9d4c8683e52b7d7396600abb2,1
0x576b410d17d0cd216f6d87498b12ed1d4642563a,0xe1d29d0a39962a9a8d2a297ebe82e166f8b8ec18,1
0x5f50d21700333e15f7ffc3ae38c9b396f1b449e4,0x3b3fc1f418bef741a954403e5c6cce50df4349e9,1
0x5f50d21700333e15f7ffc3ae38c9b396f1b449e4,0x4fafd7503973d841548024d60025b3e7b4d73a00,1
0x5f50d21700333e15f7ffc3ae38c9b396f1b449e4,0x6d1f97038f6537410ed50456c4a1a9a174f19282,1
0x5f50d21700333e15f7ffc3ae38c9b396f1b449e4,0xa958e6e90f570ca0293a01cdbbb6997de5848850,1
0x5f50d21700333e15f7ffc3ae38c9b396f1b449e4,0xd4091d661a44648d61bd3bb51e129d0d60892056,1
0x616ed054e0e0fdbfcad3fa2f42daed3d7d4ee448,0xb697b9455eeee9574ec5c5350cb10c8a5b752a39,1
0x618db72edfaecb3cdd09024a2c9f63fa055582ff,0x342c6bfa287ce37b8b53eee0e5b6e6bcbea98c76,1
0x618db72edfaecb3cdd09024a2c9f63fa055582ff,0x616ed054e0e0fdbfcad3fa2f42daed3d7d4ee448,1
0x618db72edfaecb3cdd09024a2c9f63fa055582ff,0xdc95b1b1b21a104fa2899386f13a2ddf407f466d,1
0x6d1f97038f6537410ed50456c4a1a9a174f19282,0x38a4d889a1979133fbc1d58f970f0953e3715c26,1
0x6d1f97038f6537410ed50456c4a1a9a174f19282,0x3b3fc1f418bef741a954403e5c6cce50df4349e9,1
0x6d1f97038f6537410ed50456c4a1a9a174f19282,0x701f373df763308d96d8537822e8f9b2bae4e847,1
0x6d1f97038f6537410ed50456c4a1a9a174f19282,0xbfe2a4c010dd3b352b77a18a58b654524aa456f2,1
0x6d1f97038f6537410ed50456c4a1a9a174f19282,0xc16414ac1fedfdac4f8a09674d994e1bbb9d7113,1
0x6d1f97038f6537410ed50456c4a1a9a174f19282,0xd4091d661a44648d61bd3bb51e129d0d60892056,1
0x6d1f97038f6537410ed50456c4a1a9a174f19282,0xd9d1c2623fbb4377d9bf29075e610a9b8b4805b4,1
0x701f373df763308d96d8537822e8f9b2bae4e847,0x0f4bc970e348a061b69d05b7e2e5c13eb687e5e3,1
0x735ed02655bca15ec46491c0de4946591135459b,0x08d816526bdc9d077dd685bd9fa49f58a5ab8e48,1
0x735ed02655bca15ec46491c0de4946591135459b,0x09ba0d8c6e10147660714388d4857260d9bd7958,1
0x735ed02655bca15ec46491c0de4946591135459b,0x8ab83d869f2bc250b781d26f6584fd5c562fdd9d,1
0x7ca8e6b21de829c094f44ff9b410ca8e5524484f,0x2206168cde2b3652e2488d9a1283531a4d200aea,1
0x81be7f475e335693fda594abc8b42bb0d873f9a0,0x0f4bc970e348a061b69d05b7e2e5c13eb687e5e3,1
0x81be7f475e335693fda594abc8b42bb0d873f9a0,0x2206168cde2b3652e2488d9a1283531a4d200aea,1
0x81be7f475e335693fda594abc8b42bb0d873f9a0,0xa1cbb86803090bb85a45321d4eb9848ab755363a,1
0x81be7f475e335693fda594abc8b42bb0d873f9a0,0xa958e6e90f570ca0293a01cdbbb6997de5848850,1
0x81be7f475e335693fda594abc8b42bb0d873f9a0,0xaa12d5adb330a23dbd6c4b52b5e9aab2c6c57372,1
0x81be7f475e335693fda594abc8b42bb0d873f9a0,0xd4091d661a44648d61bd3bb51e129d0d60892056,1
0x81be7f475e335693fda594abc8b42bb0d873f9a0,0xeb311c71459d04fa75f0be04015b7dcb46bfd9db,1
0x8249b4417d752cda7022554b111a2f7c3323da06,0x81be7f475e335693fda594abc8b42bb0d873f9a0,1
0x8249b4417d752cda7022554b111a2f7c3323da06,0xa958e6e90f570ca0293a01cdbbb6997de5848850,1
0x88341d1a8f672d2780c8dc725902aae72f143b0c,0x235cc1815f11cdeb941ddb342ba57f8bed806841,1
0x88a72b209091f4a4ffa3514e520adbe124ca269a,0x09ba0d8c6e10147660714388d4857260d9bd7958,1
0x88a72b209091f4a4ffa3514e520adbe124ca269a,0x46c32003a2cb1b8c42bd4780cc1a48c20e756162,1
0x88a72b209091f4a4ffa3514e520adbe124ca269a,0x576b410d17d0cd216f6d87498b12ed1d4642563a,1
0x88a72b209091f4a4ffa3514e520adbe124ca269a,0xa958e6e90f570ca0293a01cdbbb6997de5848850,1
0x88a72b209091f4a4ffa3514e520adbe124ca269a,0xdc95b1b1b21a104fa2899386f13a2ddf407f466d,1
0x88a72b209091f4a4ffa3514e520adbe124ca269a,0xf05155f792819710da259c103d30e4b70178ea9f,1
0x8965e037cb591a63d1c15f456ff3a155382cbb29,0xa958e6e90f570ca0293a01cdbbb6997de5848850,1
0x8965e037cb591a63d1c15f456ff3a155382cbb29,0xc310e760778ecbca4c65b6c559874757a4c4ece0,1
0x8ab83d869f2bc250b781d26f6584fd5c562fdd9d,0x09ba0d8c6e10147660714388d4857260d9bd7958,1
0x8ab83d869f2bc250b781d26f6584fd5c562fdd9d,0x178442bb4d0d479b63136b27ef92495381244a70,1
0x8ab83d869f2bc250b781d26f6584fd5c562fdd9d,0x1c70d3a0a945a5146cb852c47c9f93ca0b59afb1,1
0x8ab83d869f2bc250b781d26f6584fd5c562fdd9d,0xa958e6e90f570ca0293a01cdbbb6997de5848850,1
0x8ab83d869f2bc250b781d26f6584fd5c562fdd9d,0xc0bdae648dffe763951a6dba32499ee47a475122,1
0x8ab83d869f2bc250b781d26f6584fd5c562fdd9d,0xc16414ac1fedfdac4f8a09674d994e1bbb9d7113,1
0x8ab83d869f2bc250b781d26f6584fd5c562fdd9d,0xcefd0e73cc48b0b9d4c8683e52b7d7396600abb2,1
0x8c72dc9bd9af2921db19bc950e3c65a15f7e9dc3,0x2206168cde2b3652e2488d9a1283531a4d200aea,1
0x8c72dc9bd9af2921db19bc950e3c65a15f7e9dc3,0xc0bdae648dffe763951a6dba32499ee47a475122,1
0x904778b44bd12a1f7c3f1b95ff3381a952296cd1,0x2f5170deea823099d75f200ae0524b30c3701881,1
0x904778b44bd12a1f7c3f1b95ff3381a952296cd1,0x4897d38b0974051d8fa34364e37a5993f4a966a5,1
0x92d79ccace3fc606845f3a66c9aed75d8e5487a9,0xfc86a64a8de22cf25410f7601acbd8d6630da93d,1
0x92e9b91aa2171694d740e7066f787739ca1af9de,0x114f1388fab456c4ba31b1850b244eedcd024136,1
0x92e9b91aa2171694d740e7066f787739ca1af9de,0x38a4d889a1979133fbc1d58f970f0953e3715c26,1
0x92e9b91aa2171694d740e7066f787739ca1af9de,0x440631dbdc0753e45241569c6d63552eac8e3130,1
0x92e9b91aa2171694d740e7066f787739ca1af9de,0xc16414ac1fedfdac4f8a09674d994e1bbb9d7113,1
0x98bb3a3921200017ebd0af803aeddd464e70e791,0x114f1388fab456c4ba31b1850b244eedcd024136,1
0x98bb3a3921200017ebd0af803aeddd464e70e791,0x38a4d889a1979133fbc1d58f970f0953e3715c26,1
0x98bb3a3921200017ebd0af803aeddd464e70e791,0x4dc6750a016db9a96fef40d852e1faee11733db6,1
0x98bb3a3921200017ebd0af803aeddd464e70e791,0x6d1f97038f6537410ed50456c4a1a9a174f19282,1
0x98bb3a3921200017ebd0af803aeddd464e70e791,0x81be7f475e335693fda594abc8b42bb0d873f9a0,1
0x98bb3a3921200017ebd0af803aeddd464e70e791,0x88a72b209091f4a4ffa3514e520adbe124ca269a,1
0x98bb3a3921200017ebd0af803aeddd464e70e791,0x8c72dc9bd9af2921db19bc950e3c65a15f7e9dc3,1
0x98bb3a3921200017ebd0af803aeddd464e70e791,0xd4091d661a44648d61bd3bb51e129d0d60892056,1
0x9acb8ed0c0d1f585c1e2c5cb2ba383aa1f71d5bf,0x08d816526bdc9d077dd685bd9fa49f58a5ab8e48,1
0x9acb8ed0c0d1f585c1e2c5cb2ba383aa1f71d5bf,0x09ba0d8c6e10147660714388d4857260d9bd7958,1
0x9acb8ed0c0d1f585c1e2c5cb2ba383aa1f71d5bf,0x4fafd7503973d841548024d60025b3e7b4d73a00,1
0x9acb8ed0c0d1f585c1e2c5cb2ba383aa1f71d5bf,0x88a72b209091f4a4ffa3514e520adbe124ca269a,1
0x9acb8ed0c0d1f585c1e2c5cb2ba383aa1f71d5bf,0xc16414ac1fedfdac4f8a09674d994e1bbb9d7113,1
0x9acb8ed0c0d1f585c1e2c5cb2ba383aa1f71d5bf,0xcbedb07f3df22e9ee0c801917563050ecea2b27b,1
0x9acb8ed0c0d1f585c1e2c5cb2ba383aa1f71d5bf,0xd4091d661a44648d61bd3bb51e129d0d60892056,1
0x9acb8ed0c0d1f585c1e2c5cb2ba383aa1f71d5bf,0xf05155f792819710da259c103d30e4b70178ea9f,1
0x9cb15c0ed7548a2b6ed8233d82712daf52e8714e,0x11360f0c5552443b33720a44408aba01a809905e,1
0x9cb15c0ed7548a2b6ed8233d82712daf52e8714e,0x81be7f475e335693fda594abc8b42bb0d873f9a0,1
0xa1cbb86803090bb85a45321d4eb9848ab755363a,0x618db72edfaecb3cdd09024a2c9f63fa055582ff,1
0xa1cbb86803090bb85a45321d4eb9848ab755363a,0x735ed02655bca15ec46491c0de4946591135459b,1
0xa1cbb86803090bb85a45321d4eb9848ab755363a,0x9acb8ed0c0d1f585c1e2c5cb2ba383aa1f71d5bf,1
0xa1cbb86803090bb85a45321d4eb9848ab755363a,0xb697b9455eeee9574ec5c5350cb10c8a5b752a39,1
0xa1cbb86803090bb85a45321d4eb9848ab755363a,0xdc95b1b1b21a104fa2899386f13a2ddf407f466d,1
0xa958e6e90f570ca0293a01cdbbb6997de5848850,0x30e3e8de3732793cb7c8b67acca6b2bcadc58186,1
0xa958e6e90f570ca0293a01cdbbb6997de5848850,0x616ed054e0e0fdbfcad3fa2f42daed3d7d4ee448,1
0xa958e6e90f570ca0293a01cdbbb6997de5848850,0x81be7f475e335693fda594abc8b42bb0d873f9a0,1
0xa958e6e90f570ca0293a01cdbbb6997de5848850,0xbfe2a4c010dd3b352b77a18a58b654524aa456f2,1
0xa958e6e90f570ca0293a01cdbbb6997de5848850,0xf6695d73a5518b0859bd0621e94ff0dea9f2b0ab,1
0xaa12d5adb330a23dbd6c4b52b5e9aab2c6c57372,0x81be7f475e335693fda594abc8b42bb0d873f9a0,1
0xb2a2a6a69e7a0ad66943f4c2869d45a9919cf740,0x00668bd79ede077b99bbe1c4db59418bc333d4cf,1
0xb2a2a6a69e7a0ad66943f4c2869d45a9919cf740,0x0f4bc970e348a061b69d05b7e2e5c13eb687e5e3,1
0xb2a2a6a69e7a0ad66943f4c2869d45a9919cf740,0x4c4a5490deefefa16f49a1a48c9acdc60f4117d0,1
0xb2a2a6a69e7a0ad66943f4c2869d45a9919cf740,0x5f50d21700333e15f7ffc3ae38c9b396f1b449e4,1
0xb2a2a6a69e7a0ad66943f4c2869d45a9919cf740,0x8ab83d869f2bc250b781d26f6584fd5c562fdd9d,1
0xb2a2a6a69e7a0ad66943f4c2869d45a9919cf740,0x904778b44bd12a1f7c3f1b95ff3381a952296cd1,1
0xb2a2a6a69e7a0ad66943f4c2869d45a9919cf740,0xa1cbb86803090bb85a45321d4eb9848ab755363a,1
0xb2a2a6a69e7a0ad66943f4c2869d45a9919cf740,0xf0ae2ca261d5e6436f7fed9ca76b97719c07f81a,1
0xb53349160e38739b37e4bbfcf950ed26e26fcb41,0x114f1388fab456c4ba31b1850b244eedcd024136,1
0xb53349160e38739b37e4bbfcf950ed26e26fcb41,0x1cbc9af7b19c13d492f4375dfb5e65a8bd04b03d,1
0xb53349160e38739b37e4bbfcf950ed26e26fcb41,0x576b410d17d0cd216f6d87498b12ed1d4642563a,1
0xb53349160e38739b37e4bbfcf950ed26e26fcb41,0x735ed02655bca15ec46491c0de4946591135459b,1
0xb53349160e38739b37e4bbfcf950ed26e26fcb41,0xcefd0e73cc48b0b9d4c8683e52b7d7396600abb2,1
0xb67d58cffae63a95fb380b952e65b1a8eac44d0b,0x6d1f97038f6537410ed50456c4a1a9a174f19282,1
0xb67d58cffae63a95fb380b952e65b1a8eac44d0b,0xb697b9455eeee9574ec5c5350cb10c8a5b752a39,1
0xb67d58cffae63a95fb380b952e65b1a8eac44d0b,0xcbedb07f3df22e9ee0c801917563050ecea2b27b,1
0xb697b9455eeee9574ec5c5350cb10c8a5b752a39,0x1565e23abe9c15c714b662b77c87ed9a61ee19d2,1
0xb697b9455eeee9574ec5c5350cb10c8a5b752a39,0x2dab4ce3490bb50b2ea4c07ab1b6a9cfe29d89b3,1
0xb697b9455eeee9574ec5c5350cb10c8a5b752a39,0x2f5170deea823099d75f200ae0524b30c3701881,1
0xb697b9455eeee9574ec5c5350cb10c8a5b752a39,0x342c6bfa287ce37b8b53eee0e5b6e6bcbea98c76,1
0xb697b9455eeee9574ec5c5350cb10c8a5b752a39,0x552b6ad871f27a9729162c18d769050363f2d57e,1
0xb697b9455eeee9574ec5c5350cb10c8a5b752a39,0x5f50d21700333e15f7ffc3ae38c9b396f1b449e4,1
0xbf59e40112157017b69be5734f8c702dcbd73336,0x235cc1815f11cdeb941ddb342ba57f8bed806841,1
0xbf59e40112157017b69be5734f8c702dcbd73336,0x2f5170deea823099d75f200ae0524b30c3701881,1
0xbf59e40112157017b69be5734f8c702dcbd73336,0x3a6372b2013f9876a84761187d933dee0653e377,1
0xbfe2a4c010dd3b352b77a18a58b654524aa456f2,0x3b3fc1f418bef741a954403e5c6cce50df4349e9,1
0xbfe2a4c010dd3b352b77a18a58b654524aa456f2,0x92e9b91aa2171694d740e7066f787739ca1af9de,1
0xbfe2a4c010dd3b352b77a18a58b654524aa456f2,0xa958e6e90f570ca0293a01cdbbb6997de5848850,1
0xc0bdae648dffe763951a6dba32499ee47a475122,0xfe5573c66273313034f7ff6050c54b5402553716,1
0xc16414ac1fedfdac4f8a09674d994e1bbb9d7113,0x0f4bc970e348a061b69d05b7e2e5c13eb687e5e3,1
0xc16414ac1fedfdac4f8a09674d994e1bbb9d7113,0x1565e23abe9c15c714b662b77c87ed9a61ee19d2,1
0xc16414ac1fedfdac4f8a09674d994e1bbb9d7113,0x1cbc9af7b19c13d492f4375dfb5e65a8bd04b03d,1
0xc16414ac1fedfdac4f8a09674d994e1bbb9d7113,0x46e449a3f88d0e35b4520bc36e8dfda195c896b0,1
0xc16414ac1fedfdac4f8a09674d994e1bbb9d7113,0x6d1f97038f6537410ed50456c4a1a9a174f19282,1
0xc16414ac1fedfdac4f8a09674d994e1bbb9d7113,0x8ab83d869f2bc250b781d26f6584fd5c562fdd9d,1
0xc16414ac1fedfdac4f8a09674d994e1bbb9d7113,0xa958e6e90f570ca0293a01cdbbb6997de5848850,1
0xc16414ac1fedfdac4f8a09674d994e1bbb9d7113,0xcbedb07f3df22e9ee0c801917563050ecea2b27b,1
0xc16414ac1fedfdac4f8a09674d994e1bbb9d7113,0xe1d29d0a39962a9a8d2a297ebe82e166f8b8ec18,1
0xc310e760778ecbca4c65b6c559874757a4c4ece0,0x0f4bc970e348a061b69d05b7e2e5c13eb687e5e3,1
0xc310e760778ecbca4c65b6c559874757a4c4ece0,0x1565e23abe9c15c714b662b77c87ed9a61ee19d2,1
0xc310e760778ecbca4c65b6c559874757a4c4ece0,0x2d1194e75b408c9395a8bbbedc0079322b62c0a4,1
0xc310e760778ecbca4c65b6c559874757a4c4ece0,0x46c32003a2cb1b8c42bd4780cc1a48c20e756162,1
0xc310e760778ecbca4c65b6c559874757a4c4ece0,0x81be7f475e335693fda594abc8b42bb0d873f9a0,1
0xc310e760778ecbca4c65b6c559874757a4c4ece0,0x8965e037cb591a63d1c15f456ff3a155382cbb29,1
0xc310e760778ecbca4c65b6c559874757a4c4ece0,0x9cb15c0ed7548a2b6ed8233d82712daf52e8714e,1
0xc310e760778ecbca4c65b6c559874757a4c4ece0,0xbf59e40112157017b69be5734f8c702dcbd73336,1
0xc310e760778ecbca4c65b6c559874757a4c4ece0,0xf05155f792819710da259c103d30e4b70178ea9f,1
0xc4c6c27b2259794a1dd35d438e703281c0e4a004,0x1cbc9af7b19c13d492f4375dfb5e65a8bd04b03d,1
0xc4c6c27b2259794a1dd35d438e703281c0e4a004,0x81be7f475e335693fda594abc8b42bb0d873f9a0,1
0xcb0a0107419f9aca86e793f0808afc2e4ff490ef,0x440631dbdc0753e45241569c6d63552eac8e3130,1
0xcb0a0107419f9aca86e793f0808afc2e4ff490ef,0x46e449a3f88d0e35b4520bc36e8dfda195c896b0,1
0xcb0a0107419f9aca86e793f0808afc2e4ff490ef,0x8ab83d869f2bc250b781d26f6584fd5c562fdd9d,1
0xcb0a0107419f9aca86e793f0808afc2e4ff490ef,0xcbedb07f3df22e9ee0c801917563050ecea2b27b,1
0xcb0a0107419f9aca86e793f0808afc2e4ff490ef,0xdc95b1b1b21a104fa2899386f13a2ddf407f466d,1
0xcbedb07f3df22e9ee0c801917563050ecea2b27b,0x4c4a5490deefefa16f49a1a48c9acdc60f4117d0,1
0xcbedb07f3df22e9ee0c801917563050ecea2b27b,0x576b410d17d0cd216f6d87498b12ed1d4642563a,1
0xcbedb07f3df22e9ee0c801917563050ecea2b27b,0xc16414ac1fedfdac4f8a09674d994e1bbb9d7113,1
0xcbedb07f3df22e9ee0c801917563050ecea2b27b,0xe76091f84ddf27f9e773ca8bd2090830943f615c,1
0xcbee390e62853b80aaae7181b205f6cf368cff7d,0x08d816526bdc9d077dd685bd9fa49f58a5ab8e48,1
0xcbee390e62853b80aaae7181b205f6cf368cff7d,0x114f1388fab456c4ba31b1850b244eedcd024136,1
0xcbee390e62853b80aaae7181b205f6cf368cff7d,0x81be7f475e335693fda594abc8b42bb0d873f9a0,1
0xcbee390e62853b80aaae7181b205f6cf368cff7d,0x8965e037cb591a63d1c15f456ff3a155382cbb29,1
0xcbee390e62853b80aaae7181b205f6cf368cff7d,0xd9d1c2623fbb4377d9bf29075e610a9b8b4805b4,1
0xcd10e794a20f32056707ded51483124d912913a1,0x0f4bc970e348a061b69d05b7e2e5c13eb687e5e3,1
0xcd10e794a20f32056707ded51483124d912913a1,0x1cbc9af7b19c13d492f4375dfb5e65a8bd04b03d,1
0xcd10e794a20f32056707ded51483124d912913a1,0x433c8a73bec1273561e4e2201649de12f20b7d58,1
0xcefd0e73cc48b0b9d4c8683e52b7d7396600abb2,0x08d816526bdc9d077dd685bd9fa49f58a5ab8e48,1
0xcefd0e73cc48b0b9d4c8683e52b7d7396600abb2,0x28c2abb1a94648bcf3f478d1aa32d5585e7fc96b,1
0xcefd0e73cc48b0b9d4c8683e52b7d7396600abb2,0x81be7f475e335693fda594abc8b42bb0d873f9a0,1
0xcefd0e73cc48b0b9d4c8683e52b7d7396600abb2,0xa1cbb86803090bb85a45321d4eb9848ab755363a,1
0xcefd0e73cc48b0b9d4c8683e52b7d7396600abb2,0xc310e760778ecbca4c65b6c559874757a4c4ece0,1
0xcefd0e73cc48b0b9d4c8683e52b7d7396600abb2,0xf0ae2ca261d5e6436f7fed9ca76b97719c07f81a,1
0xd28e0016b917f0a2159adae4225a6b5ebe747884,0x00668bd79ede077b99bbe1c4db59418bc333d4cf,1
0xd4091d661a44648d61bd3bb51e129d0d60892056,0x00668bd79ede077b99bbe1c4db59418bc333d4cf,1
0xd4091d661a44648d61bd3bb51e129d0d60892056,0x0f4bc970e348a061b69d05b7e2e5c13eb687e5e3,1
0xd4091d661a44648d61bd3bb51e129d0d60892056,0x576b410d17d0cd216f6d87498b12ed1d4642563a,1
0xd4091d661a44648d61bd3bb51e129d0d60892056,0x8965e037cb591a63d1c15f456ff3a155382cbb29,1
0xd4091d661a44648d61bd3bb51e129d0d60892056,0xc0bdae648dffe763951a6dba32499ee47a475122,1
0xd4091d661a44648d61bd3bb51e129d0d60892056,0xc16414ac1fedfdac4f8a09674d994e1bbb9d7113,1
0xd4091d661a44648d61bd3bb51e129d0d60892056,0xd9d1c2623fbb4377d9bf29075e610a9b8b4805b4,1
0xd9d1c2623fbb4377d9bf29075e610a9b8b4805b4,0xc310e760778ecbca4c65b6c559874757a4c4ece0,1
0xdc95b1b1b21a104fa2899386f13a2ddf407f466d,0x0f4bc970e348a061b69d05b7e2e5c13eb687e5e3,1
0xdc95b1b1b21a104fa2899386f13a2ddf407f466d,0x342c6bfa287ce37b8b53eee0e5b6e6bcbea98c76,1
0xdc95b1b1b21a104fa2899386f13a2ddf407f466d,0x4c4a5490deefefa16f49a1a48c9acdc60f4117d0,1
0xdc95b1b1b21a104fa2899386f13a2ddf407f466d,0xa958e6e90f570ca0293a01cdbbb6997de5848850,1
0xdc95b1b1b21a104fa2899386f13a2ddf407f466d,0xcbedb07f3df22e9ee0c801917563050ecea2b27b,1
0xdfa5782cf29b302083925108a19205cb86c716a5,0x235cc1815f11cdeb941ddb342ba57f8bed806841,1
0xdfa5782cf29b302083925108a19205cb86c716a5,0x38a4d889a1979133fbc1d58f970f0953e3715c26,1
0xdfa5782cf29b302083925108a19205cb86c716a5,0x3b3fc1f418bef741a954403e5c6cce50df4349e9,1
0xdfa5782cf29b302083925108a19205cb86c716a5,0xcbedb07f3df22e9ee0c801917563050ecea2b27b,1
0xdfa5782cf29b302083925108a19205cb86c716a5,0xd4091d661a44648d61bd3bb51e129d0d60892056,1
0xdfa5782cf29b302083925108a19205cb86c716a5,0xf47588a5a54a0a2a1de1863a88a120bbc0b4b777,1
0xe1d29d0a39962a9a8d2a297ebe82e166f8b8ec18,0x1565e23abe9c15c714b662b77c87ed9a61ee19d2,1
0xe1d29d0a39962a9a8d2a297ebe82e166f8b8ec18,0xdc95b1b1b21a104fa2899386f13a2ddf407f466d,1
0xe76091f84ddf27f9e773ca8bd2090830943f615c,0x4fafd7503973d841548024d60025b3e7b4d73a00,1
0xe76091f84ddf27f9e773ca8bd2090830943f615c,0x576b410d17d0cd216f6d87498b12ed1d4642563a,1
0xe76091f84ddf27f9e773ca8bd2090830943f615c,0x616ed054e0e0fdbfcad3fa2f42daed3d7d4ee448,1
0xe76091f84ddf27f9e773ca8bd2090830943f615c,0x92e9b91aa2171694d740e7066f787739ca1af9de,1
0xe76091f84ddf27f9e773ca8bd2090830943f615c,0x9acb8ed0c0d1f585c1e2c5cb2ba383aa1f71d5bf,1
0xea2c15b73e07bdd59caec75c08f675fd4cb04229,0x0f4bc970e348a061b69d05b7e2e5c13eb687e5e3,1
0xea2c15b73e07bdd59caec75c08f675fd4cb04229,0x3b3fc1f418bef741a954403e5c6cce50df4349e9,1
0xea2c15b73e07bdd59caec75c08f675fd4cb04229,0x618db72edfaecb3cdd09024a2c9f63fa055582ff,1
0xea2c15b73e07bdd59caec75c08f675fd4cb04229,0x7ca8e6b21de829c094f44ff9b410ca8e5524484f,1
0xea2c15b73e07bdd59caec75c08f675fd4cb04229,0xd4091d661a44648d61bd3bb51e129d0d60892056,1
0xea2c15b73e07bdd59caec75c08f675fd4cb04229,0xf224837e13b1a745574ef68a73427b0063f266f1,1
0xeb311c71459d04fa75f0be04015b7dcb46bfd9db,0x235cc1815f11cdeb941ddb342ba57f8bed806841,1
0xeb311c71459d04fa75f0be04015b7dcb46bfd9db,0x38a4d889a1979133fbc1d58f970f0953e3715c26,1
0xeb311c71459d04fa75f0be04015b7dcb46bfd9db,0x433c8a73bec1273561e4e2201649de12f20b7d58,1
0xeb311c71459d04fa75f0be04015b7dcb46bfd9db,0x4fafd7503973d841548024d60025b3e7b4d73a00,1
0xeb311c71459d04fa75f0be04015b7dcb46bfd9db,0xd4091d661a44648d61bd3bb51e129d0d60892056,1
0xeb311c71459d04fa75f0be04015b7dcb46bfd9db,0xd9d1c2623fbb4377d9bf29075e610a9b8b4805b4,1
0xf05155f792819710da259c103d30e4b70178ea9f,0x09ba0d8c6e10147660714388d4857260d9bd7958,1
0xf05155f792819710da259c103d30e4b70178ea9f,0x30e3e8de3732793cb7c8b67acca6b2bcadc58186,1
0xf05155f792819710da259c103d30e4b70178ea9f,0x4fafd7503973d841548024d60025b3e7b4d73a00,1
0xf05155f792819710da259c103d30e4b70178ea9f,0xb67d58cffae63a95fb380b952e65b1a8eac44d0b,1
0xf05155f792819710da259c103d30e4b70178ea9f,0xc16414ac1fedfdac4f8a09674d994e1bbb9d7113,1
0xf05155f792819710da259c103d30e4b70178ea9f,0xd4091d661a44648d61bd3bb51e129d0d60892056,1
0xf05155f792819710da259c103d30e4b70178ea9f,0xea2c15b73e07bdd59caec75c08f675fd4cb04229,1
0xf05155f792819710da259c103d30e4b70178ea9f,0xf6695d73a5518b0859bd0621e94ff0dea9f2b0ab,1
0xf05155f792819710da259c103d30e4b70178ea9f,0xfe5573c66273313034f7ff6050c54b5402553716,1
0xf224837e13b1a745574ef68a73427b0063f266f1,0x2206168cde2b3652e2488d9a1283531a4d200aea,1
0xf224837e13b1a745574ef68a73427b0063f266f1,0x440631dbdc0753e45241569c6d63552eac8e3130,1
0xf266ec07bced0c64514dc0f7ab1bbc56dc2aff9c,0x08d816526bdc9d077dd685bd9fa49f58a5ab8e48,1
0xf266ec07bced0c64514dc0f7ab1bbc56dc2aff9c,0xb67d58cffae63a95fb380b952e65b1a8eac44d0b,1
0xf266ec07bced0c64514dc0f7ab1bbc56dc2aff9c,0xcbedb07f3df22e9ee0c801917563050ecea2b27b,1
0xf47588a5a54a0a2a1de1863a88a120bbc0b4b777,0x0f4bc970e348a061b69d05b7e2e5c13eb687e5e3,1
0xf47588a5a54a0a2a1de1863a88a120bbc0b4b777,0x3a6372b2013f9876a84761187d933dee0653e377,1
0xf47588a5a54a0a2a1de1863a88a120bbc0b4b777,0x5f50d21700333e15f7ffc3ae38c9b396f1b449e4,1
0xf47588a5a54a0a2a1de1863a88a120bbc0b4b777,0x9cb15c0ed7548a2b6ed8233d82712daf52e8714e,1
0xf47588a5a54a0a2a1de1863a88a120bbc0b4b777,0xc0bdae648dffe763951a6dba32499ee47a475122,1
0xf51d05c6477f23647c0d4c9832e6a800e77621ed,0x114f1388fab456c4ba31b1850b244eedcd024136,1
0xf6695d73a5518b0859bd0621e94ff0dea9f2b0ab,0x00668bd79ede077b99bbe1c4db59418bc333d4cf,1
0xf6aafb44bc183d3083bfae12d743d947ca376562,0x08d816526bdc9d077dd685bd9fa49f58a5ab8e48,1
0xf6aafb44bc183d3083bfae12d743d947ca376562,0x178442bb4d0d479b63136b27ef92495381244a70,1
0xf6aafb44bc183d3083bfae12d743d947ca376562,0x3b3fc1f418bef741a954403e5c6cce50df4349e9,1
0xf6aafb44bc183d3083bfae12d743d947ca376562,0x6d1f97038f6537410ed50456c4a1a9a174f19282,1
0xf6aafb44bc183d3083bfae12d743d947ca376562,0xc16414ac1fedfdac4f8a09674d994e1bbb9d7113,1
0xf6aafb44bc183d3083bfae12d743d947ca376562,0xcbedb07f3df22e9ee0c801917563050ecea2b27b,1
0xfe5573c66273313034f7ff6050c54b5402553716,0x3b3fc1f418bef741a954403e5c6cce50df4349e9,1
0xfe5573c66273313034f7ff6050c54b5402553716,0x46c32003a2cb1b8c42bd4780cc1a48c20e756162,1
0xfe5573c66273313034f7ff6050c54b5402553716,0xaa12d5adb330a23dbd6c4b52b5e9aab2c6c57372,1
0xfe5573c66273313034f7ff6050c54b5402553716,0xbfe2a4c010dd3b352b77a18a58b654524aa456f2,1
