target,source,value
0x07cc65ec4de72fdf7d2b6c39fd80c4ea4706215b,0xff3879b8a363aed92a6eaba8f61f1a96a9ec3c1e,114
0xc1563bdf57bdb990c89070aa72cda57fe8d6913d,0x59dbce846aa40f138d805a7cebe2afb0c33066a3,38
0x799e95764792369e5697afa61cdd891772889107,0xfee506a57a08bafd61fc3fda2209fd416c41752d,35
0x71e7b94490837ccaf45f9f6c7c20a3e17bbeb7d3,0xf3d6912f569d195c4590c432975b538c147c1a9b,33
0x866f1109fbef16beaaa46cf563e47c74f5c87ace,0xe8a1edb81b45b8fb8f5049f957facce779a45d22,31
0xe72eb31b59f85b19499a0f3b3260011894fa0d65,0x4897d38b0974051d8fa34364e37a5993f4a966a5,30
0x2e32935bfd5b2718f99bc8fdf8b37c16811f7d97,0xe8a1edb81b45b8fb8f5049f957facce779a45d22,28
0xe8a1edb81b45b8fb8f5049f957facce779a45d22,0x2e32935bfd5b2718f99bc8fdf8b37c16811f7d97,28
0x9dbd781eeba135ad2a779926880adc89196a3265,0x1c29dcaa0cad96ca3f60d414c7e2e47c99cd7bdd,26
0xcd126ddb47efd449c9b76886b250be341b1049c0,0x88341d1a8f672d2780c8dc725902aae72f143b0c,20
0x88341d1a8f672d2780c8dc725902aae72f143b0c,0xcd126ddb47efd449c9b76886b250be341b1049c0,18
0xe8a1edb81b45b8fb8f5049f957facce779a45d22,0x866f1109fbef16beaaa46cf563e47c74f5c87ace,12
0x3e0defb880cd8e163bad68abe66437f99a7a8a74,0xe8a1edb81b45b8fb8f5049f957facce779a45d22,8
0x1c24d52a9ba9fd36e70c7e3f9fae9e40cfe25d3b,0x88341d1a8f672d2780c8dc725902aae72f143b0c,7
0x2c75cd0a7aa61fe7de6620dfe92cd9440617bb4b,0xd82690fcd30d6adb6c83eddfa1e5ef66602d780a,6
0x45af75ed3980b330ff4fff1aaafbae9da4995f62,0xc310e760778ecbca4c65b6c559874757a4c4ece0,6
0xc310e760778ecbca4c65b6c559874757a4c4ece0,0x1c24d52a9ba9fd36e70c7e3f9fae9e40cfe25d3b,6
0x2c75cd0a7aa61fe7de6620dfe92cd9440617bb4b,0x8ffa85a0c59cf23967eb31c060b2ca3a920276e1,4
0x2c75cd0a7aa61fe7de6620dfe92cd9440617bb4b,0xbd74c3f96c38478460a0e3c88ac86dd133af72be,4
0x6be55c75d61ecaab7edf7791c087858269760383,0x8ffa85a0c59cf23967eb31c060b2ca3a920276e1,4
0x7a70536c4d695b1ec9df972e91461e834bfb00e8,0x18799f860f9adb26e076d581603037f79342e0c0,4
0x7bdc7ec8841cd7e8f463a5fc7f6f21c858e9a483,0x044c8f54235e5293db95ac58ac6155578b8a695e,4
0x803670ed3227eb7122e5c8746adbf5e5fbae8f2f,0x2079c29be9c8095042edb95f293b5b510203d6ce,4
0x803670ed3227eb7122e5c8746adbf5e5fbae8f2f,0x79b7ddb04b72ebcdc5460e0dbe229e9dc642cf44,4
0x83c8f28c26bf6aaca652df1dbbe0e1b56f8baba2,0x07cc65ec4de72fdf7d2b6c39fd80c4ea4706215b,4
0x88341d1a8f672d2780c8dc725902aae72f143b0c,0x1c24d52a9ba9fd36e70c7e3f9fae9e40cfe25d3b,4
0x9f4838f18104f4973aa0972a73a3f50bdebf86ba,0xd4f072b18c7a31d50bbf1df729b68e9ace7bc0d9,4
0x0743882fa09a0c257b18d53dc1b101d3f32a04e5,0x83c8f28c26bf6aaca652df1dbbe0e1b56f8baba2,3
0x10cc22fb156cc385946c83176885724b820e684c,0xb8adcc8e382a7c43bdfa2e1c47059a1afec10e06,3
0x1c24d52a9ba9fd36e70c7e3f9fae9e40cfe25d3b,0xc310e760778ecbca4c65b6c559874757a4c4ece0,3
0x2c75cd0a7aa61fe7de6620dfe92cd9440617bb4b,0x79b7ddb04b72ebcdc5460e0dbe229e9dc642cf44,3
0x2e32935bfd5b2718f99bc8fdf8b37c16811f7d97,0xbdd95abe8a7694ccd77143376b0fbea183e6a740,3
0x33e3c007d1d48e2b645c9ce22570267b0c82f578,0xc4b0d0a7717905d342926958453e0654806850bb,3
0x6635b65305d9e126be6b17b44d6e5140d971bd8b,0x1c24d52a9ba9fd36e70c7e3f9fae9e40cfe25d3b,3
0x803670ed3227eb7122e5c8746adbf5e5fbae8f2f,0x044c8f54235e5293db95ac58ac6155578b8a695e,3
0xa0238845c64ba05a4bf8545462a65f8db1796a05,0xd82690fcd30d6adb6c83eddfa1e5ef66602d780a,3
0xa14964479ebf9cd336011ad80652b08cd83dfe3a,0xff3879b8a363aed92a6eaba8f61f1a96a9ec3c1e,3
0xbdd95abe8a7694ccd77143376b0fbea183e6a740,0xe8a1edb81b45b8fb8f5049f957facce779a45d22,3
0xbf7a8ec016b1e93396567d08e1d1c3b4e3e9d714,0xd4f072b18c7a31d50bbf1df729b68e9ace7bc0d9,3
0xc310e760778ecbca4c65b6c559874757a4c4ece0,0x33e3c007d1d48e2b645c9ce22570267b0c82f578,3
0xc4b0d0a7717905d342926958453e0654806850bb,0x33e3c007d1d48e2b645c9ce22570267b0c82f578,3
0xe8a1edb81b45b8fb8f5049f957facce779a45d22,0x07cc65ec4de72fdf7d2b6c39fd80c4ea4706215b,3
0xe8a1edb81b45b8fb8f5049f957facce779a45d22,0xbdd95abe8a7694ccd77143376b0fbea183e6a740,3
0x10cc22fb156cc385946c83176885724b820e684c,0xcf55c3e0fd820a0e5d4622307a8d938fc61b0593,2
0x23a3ef33067131973a9d1adfab7fbb2c05530999,0xfb796d6335a7ebcc4be5eb38111df1ecc0c8f299,2
0x2c75cd0a7aa61fe7de6620dfe92cd9440617bb4b,0x044c8f54235e5293db95ac58ac6155578b8a695e,2
0x2d1194e75b408c9395a8bbbedc0079322b62c0a4,0xc310e760778ecbca4c65b6c559874757a4c4ece0,2
0x4897d38b0974051d8fa34364e37a5993f4a966a5,0x2511d32e59c22a422b0809ab6f9cc4910edf4e4f,2
0x549e97e6f8082933e6ae8e345c41bcfa4f91526c,0x8ffa85a0c59cf23967eb31c060b2ca3a920276e1,2
0x6635b65305d9e126be6b17b44d6e5140d971bd8b,0xa14964479ebf9cd336011ad80652b08cd83dfe3a,2
0x6be55c75d61ecaab7edf7791c087858269760383,0x33e3c007d1d48e2b645c9ce22570267b0c82f578,2
0x7bbeefd5b569dd55d9fba6aeb600dad0513e643a,0x07cc65ec4de72fdf7d2b6c39fd80c4ea4706215b,2
0x803670ed3227eb7122e5c8746adbf5e5fbae8f2f,0x8ffa85a0c59cf23967eb31c060b2ca3a920276e1,2
0x803670ed3227eb7122e5c8746adbf5e5fbae8f2f,0xbad2e065edc215cb54a0e78391fb2abcb173f77d,2
0x83c8f28c26bf6aaca652df1dbbe0e1b56f8baba2,0xec7100abdbcf922f975148c6516bc95696ca0ef6,2
0xa0238845c64ba05a4bf8545462a65f8db1796a05,0x8a7f7c5b556b1298a74c0e89df46eba117a2f6c1,2
0xbd74c3f96c38478460a0e3c88ac86dd133af72be,0x0743882fa09a0c257b18d53dc1b101d3f32a04e5,2
0xbd74c3f96c38478460a0e3c88ac86dd133af72be,0xd4f072b18c7a31d50bbf1df729b68e9ace7bc0d9,2
0xbdd95abe8a7694ccd77143376b0fbea183e6a740,0x9dbd781eeba135ad2a779926880adc89196a3265,2
0xc310e760778ecbca4c65b6c559874757a4c4ece0,0x36c1625e5ee6fbfa9fadd4f75790275e5eab7107,2
0xc310e760778ecbca4c65b6c559874757a4c4ece0,0x9f4838f18104f4973aa0972a73a3f50bdebf86ba,2
0xc310e760778ecbca4c65b6c559874757a4c4ece0,0xcde9583050e7128b890ca5ef9bf8be805b57f1fe,2
0xc310e760778ecbca4c65b6c559874757a4c4ece0,0xec7100abdbcf922f975148c6516bc95696ca0ef6,2
0xcf55c3e0fd820a0e5d4622307a8d938fc61b0593,0x1a0ee44788832c7702a462e5e0cecde19a2d432f,2
0xe8a1edb81b45b8fb8f5049f957facce779a45d22,0xd4f072b18c7a31d50bbf1df729b68e9ace7bc0d9,2
0xf3d6912f569d195c4590c432975b538c147c1a9b,0xbd74c3f96c38478460a0e3c88ac86dd133af72be,2
0xfee506a57a08bafd61fc3fda2209fd416c41752d,0x2511d32e59c22a422b0809ab6f9cc4910edf4e4f,2
0xfee506a57a08bafd61fc3fda2209fd416c41752d,0x7bdc7ec8841cd7e8f463a5fc7f6f21c858e9a483,2
0x005ef5716c3fb61a9a963b2d3c7f9718676e0ef6,0x33e3c007d1d48e2b645c9ce22570267b0c82f578,1
0x005ef5716c3fb61a9a963b2d3c7f9718676e0ef6,0x6cfac3cf77a359d7ce28c14f2d53de48981e0f04,1
0x005ef5716c3fb61a9a963b2d3c7f9718676e0ef6,0xbdd95abe8a7694ccd77143376b0fbea183e6a740,1
0x0237cd1826f5f4cbd2adb64127993f8a04240c62,0x5c68f23ab7668c52bff0ae8cdf72987b428879f2,1
0x044c8f54235e5293db95ac58ac6155578b8a695e,0x71db5b6b2b7ebb785eab3b55861824977a1e0323,1
0x044c8f54235e5293db95ac58ac6155578b8a695e,0xc310e760778ecbca4c65b6c559874757a4c4ece0,1
0x064635e9ad8c770df4430180f0983ac0c59fc3fc,0x3fa930a14c9a35b6d4b3babaae395384eadd0d1f,1
0x064635e9ad8c770df4430180f0983ac0c59fc3fc,0x6cfac3cf77a359d7ce28c14f2d53de48981e0f04,1
0x064635e9ad8c770df4430180f0983ac0c59fc3fc,0x7bdc7ec8841cd7e8f463a5fc7f6f21c858e9a483,1
0x064635e9ad8c770df4430180f0983ac0c59fc3fc,0x9f4838f18104f4973aa0972a73a3f50bdebf86ba,1
0x064635e9ad8c770df4430180f0983ac0c59fc3fc,0xc310e760778ecbca4c65b6c559874757a4c4ece0,1
0x07e9ddcbeb02b121df864ede32e79e6d11fcd4cc,0x9137a5d195f0ab57e428c5a2be9bc8c4620445cb,1
0x07e9ddcbeb02b121df864ede32e79e6d11fcd4cc,0xb32b4350c25141e779d392c1dbe857b62b60b4c9,1
0x0c368d683c616073d48fa26f7796dfe3f8d46526,0x5b14674acb4727f73d5d236d8d58afc6b4fb10dc,1
0x10cc22fb156cc385946c83176885724b820e684c,0x005ef5716c3fb61a9a963b2d3c7f9718676e0ef6,1
0x10cc22fb156cc385946c83176885724b820e684c,0x1c24d52a9ba9fd36e70c7e3f9fae9e40cfe25d3b,1
0x10cc22fb156cc385946c83176885724b820e684c,0x71e7b94490837ccaf45f9f6c7c20a3e17bbeb7d3,1
0x10cc22fb156cc385946c83176885724b820e684c,0x9dbd781eeba135ad2a779926880adc89196a3265,1
0x10cc22fb156cc385946c83176885724b820e684c,0xe72eb31b59f85b19499a0f3b3260011894fa0d65,1
0x113ee41d97416d0afb2915e9c4ed6d4a4e9c299b,0x0743882fa09a0c257b18d53dc1b101d3f32a04e5,1
0x18799f860f9adb26e076d581603037f79342e0c0,0x0237cd1826f5f4cbd2adb64127993f8a04240c62,1
0x18799f860f9adb26e076d581603037f79342e0c0,0x044c8f54235e5293db95ac58ac6155578b8a695e,1
0x18799f860f9adb26e076d581603037f79342e0c0,0x80fcae86a9ef603df27172c927352fbdc6407848,1
0x1a0ee44788832c7702a462e5e0cecde19a2d432f,0x2079c29be9c8095042edb95f293b5b510203d6ce,1
0x1a0ee44788832c7702a462e5e0cecde19a2d432f,0x2511d32e59c22a422b0809ab6f9cc4910edf4e4f,1
0x1a0ee44788832c7702a462e5e0cecde19a2d432f,0x71db5b6b2b7ebb785eab3b55861824977a1e0323,1
0x1a0ee44788832c7702a462e5e0cecde19a2d432f,0xec7100abdbcf922f975148c6516bc95696ca0ef6,1
0x1c24d52a9ba9fd36e70c7e3f9fae9e40cfe25d3b,0x10cc22fb156cc385946c83176885724b820e684c,1
0x1c24d52a9ba9fd36e70c7e3f9fae9e40cfe25d3b,0x71db5b6b2b7ebb785eab3b55861824977a1e0323,1
0x1c24d52a9ba9fd36e70c7e3f9fae9e40cfe25d3b,0xd4f072b18c7a31d50bbf1df729b68e9ace7bc0d9,1
0x1c29dcaa0cad96ca3f60d414c7e2e47c99cd7bdd,0x1c24d52a9ba9fd36e70c7e3f9fae9e40cfe25d3b,1
0x1c29dcaa0cad96ca3f60d414c7e2e47c99cd7bdd,0x8a7e50ede42180c62b583b3b287d2f433d6c604d,1
0x1c29dcaa0cad96ca3f60d414c7e2e47c99cd7bdd,0xd82690fcd30d6adb6c83eddfa1e5ef66602d780a,1
0x23a3ef33067131973a9d1adfab7fbb2c05530999,0x7bdc7ec8841cd7e8f463a5fc7f6f21c858e9a483,1
0x23a3ef33067131973a9d1adfab7fbb2c05530999,0xbad2e065edc215cb54a0e78391fb2abcb173f77d,1
0x23a3ef33067131973a9d1adfab7fbb2c05530999,0xbb05a33d90aa4c295d859ddf83ee9a7ddd336f9a,1
0x2c75cd0a7aa61fe7de6620dfe92cd9440617bb4b,0x0237cd1826f5f4cbd2adb64127993f8a04240c62,1
0x2c75cd0a7aa61fe7de6620dfe92cd9440617bb4b,0x8091deca14db6db65555331b83f09d23188af92b,1
0x2c75cd0a7aa61fe7de6620dfe92cd9440617bb4b,0xbdd95abe8a7694ccd77143376b0fbea183e6a740,1
0x2e32935bfd5b2718f99bc8fdf8b37c16811f7d97,0x45af75ed3980b330ff4fff1aaafbae9da4995f62,1
0x2e32935bfd5b2718f99bc8fdf8b37c16811f7d97,0xd4f072b18c7a31d50bbf1df729b68e9ace7bc0d9,1
0x2e840bd640ef8e35b457655faa24c2fcf14ad657,0x2736ecb14b2f74a1bf673bf9d0790ad67a7f1fe4,1
0x2e840bd640ef8e35b457655faa24c2fcf14ad657,0x33e3c007d1d48e2b645c9ce22570267b0c82f578,1
0x2e840bd640ef8e35b457655faa24c2fcf14ad657,0x7a70536c4d695b1ec9df972e91461e834bfb00e8,1
0x2e840bd640ef8e35b457655faa24c2fcf14ad657,0x7bdc7ec8841cd7e8f463a5fc7f6f21c858e9a483,1
0x336f6beca25aed6bc4b4f9e6ef5b3eb415aeca67,0x024bcbcaad82e67f721799e259ca60bc7d363419,1
0x336f6beca25aed6bc4b4f9e6ef5b3eb415aeca67,0xbad2e065edc215cb54a0e78391fb2abcb173f77d,1
0x365b94ab73ab228544a66e46b90be4deb946a6de,0x024bcbcaad82e67f721799e259ca60bc7d363419,1
0x365b94ab73ab228544a66e46b90be4deb946a6de,0xbd74c3f96c38478460a0e3c88ac86dd133af72be,1
0x3e0defb880cd8e163bad68abe66437f99a7a8a74,0x594c6ed60fa2471de8757b34b116d68b68824017,1
0x3fa930a14c9a35b6d4b3babaae395384eadd0d1f,0x2079c29be9c8095042edb95f293b5b510203d6ce,1
0x3fa930a14c9a35b6d4b3babaae395384eadd0d1f,0x83c8f28c26bf6aaca652df1dbbe0e1b56f8baba2,1
0x45cf3e4edfcd1b135ab60f0a5d121846263fda88,0x044c8f54235e5293db95ac58ac6155578b8a695e,1
0x45cf3e4edfcd1b135ab60f0a5d121846263fda88,0x113ee41d97416d0afb2915e9c4ed6d4a4e9c299b,1
0x45cf3e4edfcd1b135ab60f0a5d121846263fda88,0x33e3c007d1d48e2b645c9ce22570267b0c82f578,1
0x45cf3e4edfcd1b135ab60f0a5d121846263fda88,0xb49776081b08b46c568d13ced39a1d2205476485,1
0x45cf3e4edfcd1b135ab60f0a5d121846263fda88,0xc4b0d0a7717905d342926958453e0654806850bb,1
0x4897d38b0974051d8fa34364e37a5993f4a966a5,0x07cc65ec4de72fdf7d2b6c39fd80c4ea4706215b,1
0x4897d38b0974051d8fa34364e37a5993f4a966a5,0x83c8f28c26bf6aaca652df1dbbe0e1b56f8baba2,1
0x4c53c32980cce49aaa4bcc53eef3f143bc27e0af,0x83c8f28c26bf6aaca652df1dbbe0e1b56f8baba2,1
0x549e97e6f8082933e6ae8e345c41bcfa4f91526c,0x2079c29be9c8095042edb95f293b5b510203d6ce,1
0x549e97e6f8082933e6ae8e345c41bcfa4f91526c,0xb8adcc8e382a7c43bdfa2e1c47059a1afec10e06,1
0x549e97e6f8082933e6ae8e345c41bcfa4f91526c,0xbb05a33d90aa4c295d859ddf83ee9a7ddd336f9a,1
0x549e97e6f8082933e6ae8e345c41bcfa4f91526c,0xbd74c3f96c38478460a0e3c88ac86dd133af72be,1
0x549e97e6f8082933e6ae8e345c41bcfa4f91526c,0xf797834c7ec2078de5a5c086bbc5d5985b574ebf,1
0x594c6ed60fa2471de8757b34b116d68b68824017,0x005ef5716c3fb61a9a963b2d3c7f9718676e0ef6,1
0x594c6ed60fa2471de8757b34b116d68b68824017,0x6cfac3cf77a359d7ce28c14f2d53de48981e0f04,1
0x594c6ed60fa2471de8757b34b116d68b68824017,0x866f1109fbef16beaaa46cf563e47c74f5c87ace,1
0x594c6ed60fa2471de8757b34b116d68b68824017,0xc310e760778ecbca4c65b6c559874757a4c4ece0,1
0x594c6ed60fa2471de8757b34b116d68b68824017,0xc4b0d0a7717905d342926958453e0654806850bb,1
0x594c6ed60fa2471de8757b34b116d68b68824017,0xdfbd470fa123180147cc1109be264fecef8fdd0e,1
0x5b14674acb4727f73d5d236d8d58afc6b4fb10dc,0x2511d32e59c22a422b0809ab6f9cc4910edf4e4f,1
0x5b14674acb4727f73d5d236d8d58afc6b4fb10dc,0x7bdc7ec8841cd7e8f463a5fc7f6f21c858e9a483,1
0x5b14674acb4727f73d5d236d8d58afc6b4fb10dc,0xc310e760778ecbca4c65b6c559874757a4c4ece0,1
0x5b14674acb4727f73d5d236d8d58afc6b4fb10dc,0xea39c551834d07ee2ee87f1ceff843c308e089af,1
0x5c68f23ab7668c52bff0ae8cdf72987b428879f2,0xbb05a33d90aa4c295d859ddf83ee9a7ddd336f9a,1
0x60251579f5d1be1483ecac3519c9f0515dd9e023,0x45af75ed3980b330ff4fff1aaafbae9da4995f62,1
0x60251579f5d1be1483ecac3519c9f0515dd9e023,0x4c53c32980cce49aaa4bcc53eef3f143bc27e0af,1
0x6635b65305d9e126be6b17b44d6e5140d971bd8b,0x549e97e6f8082933e6ae8e345c41bcfa4f91526c,1
0x6635b65305d9e126be6b17b44d6e5140d971bd8b,0x71e7b94490837ccaf45f9f6c7c20a3e17bbeb7d3,1
0x6635b65305d9e126be6b17b44d6e5140d971bd8b,0xb32b4350c25141e779d392c1dbe857b62b60b4c9,1
0x6635b65305d9e126be6b17b44d6e5140d971bd8b,0xdfbd470fa123180147cc1109be264fecef8fdd0e,1
0x6be55c75d61ecaab7edf7791c087858269760383,0xe052113bd7d7700d623414a0a4585bcae754e9d5,1
0x79b7ddb04b72ebcdc5460e0dbe229e9dc642cf44,0x8a7e50ede42180c62b583b3b287d2f433d6c604d,1
0x7a70536c4d695b1ec9df972e91461e834bfb00e8,0x024bcbcaad82e67f721799e259ca60bc7d363419,1
0x7a70536c4d695b1ec9df972e91461e834bfb00e8,0x8ffa85a0c59cf23967eb31c060b2ca3a920276e1,1
0x7bbeefd5b569dd55d9fba6aeb600dad0513e643a,0x71db5b6b2b7ebb785eab3b55861824977a1e0323,1
0x7bbeefd5b569dd55d9fba6aeb600dad0513e643a,0xc310e760778ecbca4c65b6c559874757a4c4ece0,1
0x7bbeefd5b569dd55d9fba6aeb600dad0513e643a,0xc4b0d0a7717905d342926958453e0654806850bb,1
0x803670ed3227eb7122e5c8746adbf5e5fbae8f2f,0x8efef6b061bda1a1712db316e059cbc8ebdcae4d,1
0x803670ed3227eb7122e5c8746adbf5e5fbae8f2f,0xfb30cdae07272c8a37929039200201926eba6428,1
0x80fcae86a9ef603df27172c927352fbdc6407848,0xc310e760778ecbca4c65b6c559874757a4c4ece0,1
0x8129d4010a676a660502a4770d8a97f8d1788e5f,0x33e3c007d1d48e2b645c9ce22570267b0c82f578,1
0x83c8f28c26bf6aaca652df1dbbe0e1b56f8baba2,0xd4f072b18c7a31d50bbf1df729b68e9ace7bc0d9,1
0x866f1109fbef16beaaa46cf563e47c74f5c87ace,0xea39c551834d07ee2ee87f1ceff843c308e089af,1
0x881eb6fd0b49b90edb2cd42263311db50bc07465,0x1c24d52a9ba9fd36e70c7e3f9fae9e40cfe25d3b,1
0x8a7e50ede42180c62b583b3b287d2f433d6c604d,0x0743882fa09a0c257b18d53dc1b101d3f32a04e5,1
0x8a7e50ede42180c62b583b3b287d2f433d6c604d,0x866f1109fbef16beaaa46cf563e47c74f5c87ace,1
0x8a7e50ede42180c62b583b3b287d2f433d6c604d,0xcf55c3e0fd820a0e5d4622307a8d938fc61b0593,1
0x8a7e50ede42180c62b583b3b287d2f433d6c604d,0xea39c551834d07ee2ee87f1ceff843c308e089af,1
0x8a7f7c5b556b1298a74c0e89df46eba117a2f6c1,0x9dbd781eeba135ad2a779926880adc89196a3265,1
0x8a7f7c5b556b1298a74c0e89df46eba117a2f6c1,0xbd74c3f96c38478460a0e3c88ac86dd133af72be,1
0x8efef6b061bda1a1712db316e059cbc8ebdcae4d,0x2736ecb14b2f74a1bf673bf9d0790ad67a7f1fe4,1
0x8efef6b061bda1a1712db316e059cbc8ebdcae4d,0x6cfac3cf77a359d7ce28c14f2d53de48981e0f04,1
0x8efef6b061bda1a1712db316e059cbc8ebdcae4d,0x9137a5d195f0ab57e428c5a2be9bc8c4620445cb,1
0x8efef6b061bda1a1712db316e059cbc8ebdcae4d,0xc4b0d0a7717905d342926958453e0654806850bb,1
0x8efef6b061bda1a1712db316e059cbc8ebdcae4d,0xcf55c3e0fd820a0e5d4622307a8d938fc61b0593,1
0x8efef6b061bda1a1712db316e059cbc8ebdcae4d,0xe052113bd7d7700d623414a0a4585bcae754e9d5,1
0x9137a5d195f0ab57e428c5a2be9bc8c4620445cb,0x07cc65ec4de72fdf7d2b6c39fd80c4ea4706215b,1
0x9137a5d195f0ab57e428c5a2be9bc8c4620445cb,0x1c24d52a9ba9fd36e70c7e3f9fae9e40cfe25d3b,1
0x9137a5d195f0ab57e428c5a2be9bc8c4620445cb,0x2736ecb14b2f74a1bf673bf9d0790ad67a7f1fe4,1
0x9137a5d195f0ab57e428c5a2be9bc8c4620445cb,0x5b14674acb4727f73d5d236d8d58afc6b4fb10dc,1
0x9dbd781eeba135ad2a779926880adc89196a3265,0x7a70536c4d695b1ec9df972e91461e834bfb00e8,1
0x9f4838f18104f4973aa0972a73a3f50bdebf86ba,0xc310e760778ecbca4c65b6c559874757a4c4ece0,1
0xa0238845c64ba05a4bf8545462a65f8db1796a05,0x1a0ee44788832c7702a462e5e0cecde19a2d432f,1
0xa0238845c64ba05a4bf8545462a65f8db1796a05,0x2079c29be9c8095042edb95f293b5b510203d6ce,1
0xa0238845c64ba05a4bf8545462a65f8db1796a05,0x8129d4010a676a660502a4770d8a97f8d1788e5f,1
0xa14964479ebf9cd336011ad80652b08cd83dfe3a,0x36c1625e5ee6fbfa9fadd4f75790275e5eab7107,1
0xb12f1f37767d19d63ca5a9889da95cb396c957eb,0x10cc22fb156cc385946c83176885724b820e684c,1
0xb12f1f37767d19d63ca5a9889da95cb396c957eb,0x8ffa85a0c59cf23967eb31c060b2ca3a920276e1,1
0xb32b4350c25141e779d392c1dbe857b62b60b4c9,0x07cc65ec4de72fdf7d2b6c39fd80c4ea4706215b,1
0xb49776081b08b46c568d13ced39a1d2205476485,0xbdd95abe8a7694ccd77143376b0fbea183e6a740,1
0xbad2e065edc215cb54a0e78391fb2abcb173f77d,0x0743882fa09a0c257b18d53dc1b101d3f32a04e5,1
0xbad2e065edc215cb54a0e78391fb2abcb173f77d,0x60251579f5d1be1483ecac3519c9f0515dd9e023,1
0xbad2e065edc215cb54a0e78391fb2abcb173f77d,0xd4f072b18c7a31d50bbf1df729b68e9ace7bc0d9,1
0xbb05a33d90aa4c295d859ddf83ee9a7ddd336f9a,0x5c68f23ab7668c52bff0ae8cdf72987b428879f2,1
0xbb05a33d90aa4c295d859ddf83ee9a7ddd336f9a,0xbd74c3f96c38478460a0e3c88ac86dd133af72be,1
0xbb05a33d90aa4c295d859ddf83ee9a7ddd336f9a,0xea39c551834d07ee2ee87f1ceff843c308e089af,1
0xbd74c3f96c38478460a0e3c88ac86dd133af72be,0x10cc22fb156cc385946c83176885724b820e684c,1
0xbd74c3f96c38478460a0e3c88ac86dd133af72be,0x1c29dcaa0cad96ca3f60d414c7e2e47c99cd7bdd,1
0xbd74c3f96c38478460a0e3c88ac86dd133af72be,0x33e3c007d1d48e2b645c9ce22570267b0c82f578,1
0xbd74c3f96c38478460a0e3c88ac86dd133af72be,0x36c1625e5ee6fbfa9fadd4f75790275e5eab7107,1
0xbd74c3f96c38478460a0e3c88ac86dd133af72be,0x4c53c32980cce49aaa4bcc53eef3f143bc27e0af,1
0xbd74c3f96c38478460a0e3c88ac86dd133af72be,0x6cfac3cf77a359d7ce28c14f2d53de48981e0f04,1
0xbd74c3f96c38478460a0e3c88ac86dd133af72be,0x9dbd781eeba135ad2a779926880adc89196a3265,1
0xbd74c3f96c38478460a0e3c88ac86dd133af72be,0xc310e760778ecbca4c65b6c559874757a4c4ece0,1
0xbd74c3f96c38478460a0e3c88ac86dd133af72be,0xcf55c3e0fd820a0e5d4622307a8d938fc61b0593,1
0xbd74c3f96c38478460a0e3c88ac86dd133af72be,0xe72eb31b59f85b19499a0f3b3260011894fa0d65,1
0xbd74c3f96c38478460a0e3c88ac86dd133af72be,0xf797834c7ec2078de5a5c086bbc5d5985b574ebf,1
0xbd74c3f96c38478460a0e3c88ac86dd133af72be,0xfb796d6335a7ebcc4be5eb38111df1ecc0c8f299,1
0xbdd95abe8a7694ccd77143376b0fbea183e6a740,0x113ee41d97416d0afb2915e9c4ed6d4a4e9c299b,1
0xbdd95abe8a7694ccd77143376b0fbea183e6a740,0x4c53c32980cce49aaa4bcc53eef3f143bc27e0af,1
0xbdd95abe8a7694ccd77143376b0fbea183e6a740,0x7bdc7ec8841cd7e8f463a5fc7f6f21c858e9a483,1
0xbdd95abe8a7694ccd77143376b0fbea183e6a740,0x9f4838f18104f4973aa0972a73a3f50bdebf86ba,1
0xc2978441f46a76c60e0cd59e986498b75a40572d,0x79b7ddb04b72ebcdc5460e0dbe229e9dc642cf44,1
0xc310e760778ecbca4c65b6c559874757a4c4ece0,0x2d1194e75b408c9395a8bbbedc0079322b62c0a4,1
0xc310e760778ecbca4c65b6c559874757a4c4ece0,0x45af75ed3980b330ff4fff1aaafbae9da4995f62,1
0xc310e760778ecbca4c65b6c559874757a4c4ece0,0x79b7ddb04b72ebcdc5460e0dbe229e9dc642cf44,1
0xc310e760778ecbca4c65b6c559874757a4c4ece0,0x7bbeefd5b569dd55d9fba6aeb600dad0513e643a,1
0xcd126ddb47efd449c9b76886b250be341b1049c0,0x83c8f28c26bf6aaca652df1dbbe0e1b56f8baba2,1
0xcde9583050e7128b890ca5ef9bf8be805b57f1fe,0xc310e760778ecbca4c65b6c559874757a4c4ece0,1
0xcf55c3e0fd820a0e5d4622307a8d938fc61b0593,0x07cc65ec4de72fdf7d2b6c39fd80c4ea4706215b,1
0xcf55c3e0fd820a0e5d4622307a8d938fc61b0593,0x866f1109fbef16beaaa46cf563e47c74f5c87ace,1
0xcf55c3e0fd820a0e5d4622307a8d938fc61b0593,0xb12f1f37767d19d63ca5a9889da95cb396c957eb,1
0xcf55c3e0fd820a0e5d4622307a8d938fc61b0593,0xd4f072b18c7a31d50bbf1df729b68e9ace7bc0d9,1
0xd4f072b18c7a31d50bbf1df729b68e9ace7bc0d9,0x9f4838f18104f4973aa0972a73a3f50bdebf86ba,1
0xdfbd470fa123180147cc1109be264fecef8fdd0e,0x1a0ee44788832c7702a462e5e0cecde19a2d432f,1
0xdfbd470fa123180147cc1109be264fecef8fdd0e,0x5b14674acb4727f73d5d236d8d58afc6b4fb10dc,1
0xdfbd470fa123180147cc1109be264fecef8fdd0e,0x71db5b6b2b7ebb785eab3b55861824977a1e0323,1
0xdfbd470fa123180147cc1109be264fecef8fdd0e,0x7bdc7ec8841cd7e8f463a5fc7f6f21c858e9a483,1
0xdfbd470fa123180147cc1109be264fecef8fdd0e,0xb8adcc8e382a7c43bdfa2e1c47059a1afec10e06,1
0xdfbd470fa123180147cc1109be264fecef8fdd0e,0xff3879b8a363aed92a6eaba8f61f1a96a9ec3c1e,1
0xea34545f791b0667d2f65cf1820e9af0152a5db0,0x10cc22fb156cc385946c83176885724b820e684c,1
0xea39c551834d07ee2ee87f1ceff843c308e089af,0x18799f860f9adb26e076d581603037f79342e0c0,1
0xea39c551834d07ee2ee87f1ceff843c308e089af,0x83c8f28c26bf6aaca652df1dbbe0e1b56f8baba2,1
0xea39c551834d07ee2ee87f1ceff843c308e089af,0x8a7e50ede42180c62b583b3b287d2f433d6c604d,1
0xec7100abdbcf922f975148c6516bc95696ca0ef6,0x10cc22fb156cc385946c83176885724b820e684c,1
0xec7100abdbcf922f975148c6516bc95696ca0ef6,0x60251579f5d1be1483ecac3519c9f0515dd9e023,1
0xf3d6912f569d195c4590c432975b538c147c1a9b,0xd4f072b18c7a31d50bbf1df729b68e9ace7bc0d9,1
0xf78f866d256c90d1d845fce989b7ff9093b8d818,0x5b14674acb4727f73d5d236d8d58afc6b4fb10dc,1
0xf78f866d256c90d1d845fce989b7ff9093b8d818,0xf797834c7ec2078de5a5c086bbc5d5985b574ebf,1
0xf797834c7ec2078de5a5c086bbc5d5985b574ebf,0x07cc65ec4de72fdf7d2b6c39fd80c4ea4706215b,1
0xf797834c7ec2078de5a5c086bbc5d5985b574ebf,0x113ee41d97416d0afb2915e9c4ed6d4a4e9c299b,1
0xf797834c7ec2078de5a5c086bbc5d5985b574ebf,0x2736ecb14b2f74a1bf673bf9d0790ad67a7f1fe4,1
0xf797834c7ec2078de5a5c086bbc5d5985b574ebf,0x6be55c75d61ecaab7edf7791c087858269760383,1
0xf797834c7ec2078de5a5c086bbc5d5985b574ebf,0x881eb6fd0b49b90edb2cd42263311db50bc07465,1
0xfee506a57a08bafd61fc3fda2209fd416c41752d,0x044c8f54235e5293db95ac58ac6155578b8a695e,1
0xfee506a57a08bafd61fc3fda2209fd416c41752d,0x23a3ef33067131973a9d1adfab7fbb2c05530999,1
0xfee506a57a08bafd61fc3fda2209fd416c41752d,0x5c68f23ab7668c52bff0ae8cdf72987b428879f2,1
