target,source,value
0x442dccee68425828c106a3662014b4f131e3bd9b,0x8ad272ac86c6c88683d9a60eb8ed57e6c304bb0c,271
0x59d484a88823f90c25b7d6278a1d86116aee223d,0xdcf809bba1d9ee75c6991f1e2974163cf2555418,238
0xdcf809bba1d9ee75c6991f1e2974163cf2555418,0x59d484a88823f90c25b7d6278a1d86116aee223d,238
0x1919db36ca2fa2e15f9000fd9cdc2edcf863e685,0x6639c089adfba8bb9968da643c6be208a70d6daa,211
0x00d7c902fbbcd3c9db2da80a439c94486c50eb81,0xd387a6e4e84a6c86bd90c158c6028a58cc8ac459,155
0x28e9162fc10bb3a7f98f44e90fa7273698fce360,0x1999a92711cf8815b7f6b07bd34b4287d853cfba,131
0xaf93fcce0548d3124a5fc3045adaf1dde4e8bf7e,0x269616d549d7e8eaa82dfb17028d0b212d11232a,121
0xb7f7f6c52f2e2fdb1963eab30438024864c313f6,0xaf93fcce0548d3124a5fc3045adaf1dde4e8bf7e,121
0x2d1194e75b408c9395a8bbbedc0079322b62c0a4,0xc310e760778ecbca4c65b6c559874757a4c4ece0,96
0xd472b0798421159999e3db0aaa2d53bc0d7acfa3,0x975222a8365e6ab51b7867524f77261cd4ece06e,92
0x38a4d889a1979133fbc1d58f970f0953e3715c26,0x28e9162fc10bb3a7f98f44e90fa7273698fce360,90
0xaf93fcce0548d3124a5fc3045adaf1dde4e8bf7e,0x72fae93d08a060a7f0a8919708c0db74ca46cbb6,89
0xb7f7f6c52f2e2fdb1963eab30438024864c313f6,0x62bdc64a14405e797f86796ea3c2476209ee0bf9,82
0x72fae93d08a060a7f0a8919708c0db74ca46cbb6,0xaf93fcce0548d3124a5fc3045adaf1dde4e8bf7e,78
0x2c2ed4b3876c442fee80bee76ce0ee2ca2a512af,0xc310e760778ecbca4c65b6c559874757a4c4ece0,73
0x269616d549d7e8eaa82dfb17028d0b212d11232a,0x1919db36ca2fa2e15f9000fd9cdc2edcf863e685,63
0xc352b534e8b987e036a93539fd6897f53488e56a,0xd387a6e4e84a6c86bd90c158c6028a58cc8ac459,55
0x1999a92711cf8815b7f6b07bd34b4287d853cfba,0x38a4d889a1979133fbc1d58f970f0953e3715c26,49
0x6b3bacba7a6da1d6660079f5fd49fdc167ec5783,0xc310e760778ecbca4c65b6c559874757a4c4ece0,45
0x8ad272ac86c6c88683d9a60eb8ed57e6c304bb0c,0x442dccee68425828c106a3662014b4f131e3bd9b,44
0x46e449a3f88d0e35b4520bc36e8dfda195c896b0,0xc310e760778ecbca4c65b6c559874757a4c4ece0,39
0xaf93fcce0548d3124a5fc3045adaf1dde4e8bf7e,0x69bab6810fa99475854bca0a3dd72ae6a0728ece,37
0xb7f7f6c52f2e2fdb1963eab30438024864c313f6,0xd387a6e4e84a6c86bd90c158c6028a58cc8ac459,34
0xc310e760778ecbca4c65b6c559874757a4c4ece0,0x2c2ed4b3876c442fee80bee76ce0ee2ca2a512af,29
0xc310e760778ecbca4c65b6c559874757a4c4ece0,0x6b3bacba7a6da1d6660079f5fd49fdc167ec5783,28
0x53ede7cae3eb6a7d11429fe589c0278c9acbe21a,0xd387a6e4e84a6c86bd90c158c6028a58cc8ac459,26
0x6639c089adfba8bb9968da643c6be208a70d6daa,0x1919db36ca2fa2e15f9000fd9cdc2edcf863e685,26
0x701f373df763308d96d8537822e8f9b2bae4e847,0x114f1388fab456c4ba31b1850b244eedcd024136,26
0xd387a6e4e84a6c86bd90c158c6028a58cc8ac459,0x80845058350b8c3df5c3015d8a717d64b3bf9267,25
0x114f1388fab456c4ba31b1850b244eedcd024136,0x72fae93d08a060a7f0a8919708c0db74ca46cbb6,24
0x052564eb0fd8b340803df55def89c25c432f43f4,0x620b70123fb810f6c653da7644b5dd0b6312e4d8,23
0x620b70123fb810f6c653da7644b5dd0b6312e4d8,0x052564eb0fd8b340803df55def89c25c432f43f4,23
0xc310e760778ecbca4c65b6c559874757a4c4ece0,0x2d1194e75b408c9395a8bbbedc0079322b62c0a4,23
0x1999a92711cf8815b7f6b07bd34b4287d853cfba,0x113d754ff2e6ca9fd6ab51932493e4f9dabdf596,20
0x38a4d889a1979133fbc1d58f970f0953e3715c26,0xa66734d48d564e4e1c016c8d2ea2e9131b41c1ad,20
0x53ede7cae3eb6a7d11429fe589c0278c9acbe21a,0xc352b534e8b987e036a93539fd6897f53488e56a,16
0xb7f7f6c52f2e2fdb1963eab30438024864c313f6,0xc46db2d89327d4c41eb81c43ed5e3dff111f9a8f,16
0x1999a92711cf8815b7f6b07bd34b4287d853cfba,0x72fae93d08a060a7f0a8919708c0db74ca46cbb6,15
0x577ebc5de943e35cdf9ecb5bbe1f7d7cb6c7c647,0xd387a6e4e84a6c86bd90c158c6028a58cc8ac459,15
0x69bab6810fa99475854bca0a3dd72ae6a0728ece,0xaf93fcce0548d3124a5fc3045adaf1dde4e8bf7e,15
0x8ad272ac86c6c88683d9a60eb8ed57e6c304bb0c,0xc310e760778ecbca4c65b6c559874757a4c4ece0,15
0xea39c551834d07ee2ee87f1ceff843c308e089af,0xc310e760778ecbca4c65b6c559874757a4c4ece0,15
0x114f1388fab456c4ba31b1850b244eedcd024136,0x576b410d17d0cd216f6d87498b12ed1d4642563a,14
0x1919db36ca2fa2e15f9000fd9cdc2edcf863e685,0x269616d549d7e8eaa82dfb17028d0b212d11232a,14
0xb697b9455eeee9574ec5c5350cb10c8a5b752a39,0x620b70123fb810f6c653da7644b5dd0b6312e4d8,14
0xd387a6e4e84a6c86bd90c158c6028a58cc8ac459,0x8ab83d869f2bc250b781d26f6584fd5c562fdd9d,13
0x113d754ff2e6ca9fd6ab51932493e4f9dabdf596,0x28e9162fc10bb3a7f98f44e90fa7273698fce360,12
0x8ad272ac86c6c88683d9a60eb8ed57e6c304bb0c,0x620b70123fb810f6c653da7644b5dd0b6312e4d8,12
0x28e9162fc10bb3a7f98f44e90fa7273698fce360,0x114f1388fab456c4ba31b1850b244eedcd024136,11
0x616ed054e0e0fdbfcad3fa2f42daed3d7d4ee448,0x114f1388fab456c4ba31b1850b244eedcd024136,11
0x7d544a853dbcd39a53315e7002f4951a6d2f080d,0xc310e760778ecbca4c65b6c559874757a4c4ece0,11
0xb630abd9a5367763b7cba316e870c4a54064cc9f,0x28e9162fc10bb3a7f98f44e90fa7273698fce360,11
0xc352b534e8b987e036a93539fd6897f53488e56a,0x6611fe71c233e4e7510b2795c242c9a57790b376,11
0x1434a8eaa6d3725d44984d674e4f2dd9cc472bf4,0x268d3a8c4701000546dd0bf959bf6c8956cc3e5e,10
0x62bdc64a14405e797f86796ea3c2476209ee0bf9,0x0e9aed5c7721c642a032812c2c4816f7d6cb87d7,9
0x72fae93d08a060a7f0a8919708c0db74ca46cbb6,0x114f1388fab456c4ba31b1850b244eedcd024136,9
0xc310e760778ecbca4c65b6c559874757a4c4ece0,0x46e449a3f88d0e35b4520bc36e8dfda195c896b0,9
0x269616d549d7e8eaa82dfb17028d0b212d11232a,0x6639c089adfba8bb9968da643c6be208a70d6daa,8
0x5e92a45225c3925b6180b8672a3cf5dd75bcc4a1,0xe72eb31b59f85b19499a0f3b3260011894fa0d65,8
0x69bab6810fa99475854bca0a3dd72ae6a0728ece,0xc310e760778ecbca4c65b6c559874757a4c4ece0,8
0x72fae93d08a060a7f0a8919708c0db74ca46cbb6,0xc310e760778ecbca4c65b6c559874757a4c4ece0,8
0xb7f7f6c52f2e2fdb1963eab30438024864c313f6,0x442dccee68425828c106a3662014b4f131e3bd9b,8
0xc310e760778ecbca4c65b6c559874757a4c4ece0,0x8ad272ac86c6c88683d9a60eb8ed57e6c304bb0c,8
0x020ca66c30bec2c4fe3861a94e4db4a498a35872,0x8ab83d869f2bc250b781d26f6584fd5c562fdd9d,7
0x1ff2875cd548eeae6d22f26bae2d72a50fd143c7,0x24d9be8c2589c9873bc636e24972cdb891cdbc25,7
0x49c3feafddaefc3bed06f4ff87ce86610c2c1076,0x28e9162fc10bb3a7f98f44e90fa7273698fce360,7
0x620b70123fb810f6c653da7644b5dd0b6312e4d8,0xd387a6e4e84a6c86bd90c158c6028a58cc8ac459,7
0x83c8f28c26bf6aaca652df1dbbe0e1b56f8baba2,0x72fae93d08a060a7f0a8919708c0db74ca46cbb6,7
0xb7f7f6c52f2e2fdb1963eab30438024864c313f6,0x0e9aed5c7721c642a032812c2c4816f7d6cb87d7,7
0xd387a6e4e84a6c86bd90c158c6028a58cc8ac459,0x620b70123fb810f6c653da7644b5dd0b6312e4d8,7
0xd387a6e4e84a6c86bd90c158c6028a58cc8ac459,0x7d544a853dbcd39a53315e7002f4951a6d2f080d,7
0xd387a6e4e84a6c86bd90c158c6028a58cc8ac459,0xea39c551834d07ee2ee87f1ceff843c308e089af,7
0x114f1388fab456c4ba31b1850b244eedcd024136,0x81be7f475e335693fda594abc8b42bb0d873f9a0,6
0x1999a92711cf8815b7f6b07bd34b4287d853cfba,0x268d3a8c4701000546dd0bf959bf6c8956cc3e5e,6
0x62bdc64a14405e797f86796ea3c2476209ee0bf9,0xc310e760778ecbca4c65b6c559874757a4c4ece0,6
0x6f4a2d3a4f47f9c647d86c929755593911ee91ec,0x33d27f0bb797de3d20e519f4a192b7570c56681b,6
0x721931508df2764fd4f70c53da646cb8aed16ace,0x1731bdd386e021a7744282454887a87551725819,6
0x81be7f475e335693fda594abc8b42bb0d873f9a0,0x576b410d17d0cd216f6d87498b12ed1d4642563a,6
0xa3818bc0ab0fc8273f308ba2793e49e10aa1f756,0x620b70123fb810f6c653da7644b5dd0b6312e4d8,6
0xb53349160e38739b37e4bbfcf950ed26e26fcb41,0x8ab83d869f2bc250b781d26f6584fd5c562fdd9d,6
0xc16414ac1fedfdac4f8a09674d994e1bbb9d7113,0x53fed1eb683745352886a363cc0b6e3415824ec8,6
0xc310e760778ecbca4c65b6c559874757a4c4ece0,0x268d3a8c4701000546dd0bf959bf6c8956cc3e5e,6
0xc310e760778ecbca4c65b6c559874757a4c4ece0,0x72fae93d08a060a7f0a8919708c0db74ca46cbb6,6
0xd387a6e4e84a6c86bd90c158c6028a58cc8ac459,0x020ca66c30bec2c4fe3861a94e4db4a498a35872,6
0xd387a6e4e84a6c86bd90c158c6028a58cc8ac459,0xd472b0798421159999e3db0aaa2d53bc0d7acfa3,6
0x4fed1f42ba007d1f7a6f0df4ae100170adb305c6,0x7d544a853dbcd39a53315e7002f4951a6d2f080d,5
0x6f4a2d3a4f47f9c647d86c929755593911ee91ec,0x1919db36ca2fa2e15f9000fd9cdc2edcf863e685,5
0x81be7f475e335693fda594abc8b42bb0d873f9a0,0x114f1388fab456c4ba31b1850b244eedcd024136,5
0x83c8f28c26bf6aaca652df1dbbe0e1b56f8baba2,0x8ab83d869f2bc250b781d26f6584fd5c562fdd9d,5
0x8ad272ac86c6c88683d9a60eb8ed57e6c304bb0c,0xd472b0798421159999e3db0aaa2d53bc0d7acfa3,5
0xc310e760778ecbca4c65b6c559874757a4c4ece0,0x33e3c007d1d48e2b645c9ce22570267b0c82f578,5
0xc310e760778ecbca4c65b6c559874757a4c4ece0,0x7d544a853dbcd39a53315e7002f4951a6d2f080d,5
0xc310e760778ecbca4c65b6c559874757a4c4ece0,0x8ab83d869f2bc250b781d26f6584fd5c562fdd9d,5
0xc352b534e8b987e036a93539fd6897f53488e56a,0xc46db2d89327d4c41eb81c43ed5e3dff111f9a8f,5
0xc40df87e16339f21fbb2e59fb38bf2a957a16ffd,0xbec69dfce4c1fa8b7843fee1ca85788d84a86b06,5
0xd387a6e4e84a6c86bd90c158c6028a58cc8ac459,0x1731bdd386e021a7744282454887a87551725819,5
0xe18a94a1e60903b1ec39d9104bed27d9a73ad9e2,0x83c8f28c26bf6aaca652df1dbbe0e1b56f8baba2,5
0xe72eb31b59f85b19499a0f3b3260011894fa0d65,0xe72eb31b59f85b19499a0f3b3260011894fa0d65,5
0x00d7c902fbbcd3c9db2da80a439c94486c50eb81,0x6611fe71c233e4e7510b2795c242c9a57790b376,4
0x020ca66c30bec2c4fe3861a94e4db4a498a35872,0x6903f3a1540946c34e3a577ad6ffcbe43356dcbe,4
0x114f1388fab456c4ba31b1850b244eedcd024136,0x69bab6810fa99475854bca0a3dd72ae6a0728ece,4
0x1434a8eaa6d3725d44984d674e4f2dd9cc472bf4,0xbec69dfce4c1fa8b7843fee1ca85788d84a86b06,4
0x1999a92711cf8815b7f6b07bd34b4287d853cfba,0x1434a8eaa6d3725d44984d674e4f2dd9cc472bf4,4
0x1999a92711cf8815b7f6b07bd34b4287d853cfba,0x1ff2875cd548eeae6d22f26bae2d72a50fd143c7,4
0x1999a92711cf8815b7f6b07bd34b4287d853cfba,0x616ed054e0e0fdbfcad3fa2f42daed3d7d4ee448,4
0x268d3a8c4701000546dd0bf959bf6c8956cc3e5e,0x113d754ff2e6ca9fd6ab51932493e4f9dabdf596,4
0x268d3a8c4701000546dd0bf959bf6c8956cc3e5e,0x1999a92711cf8815b7f6b07bd34b4287d853cfba,4
0x269616d549d7e8eaa82dfb17028d0b212d11232a,0x62bdc64a14405e797f86796ea3c2476209ee0bf9,4
0x50664ede715e131f584d3e7eaabd7818bb20a068,0x46e449a3f88d0e35b4520bc36e8dfda195c896b0,4
0x53ede7cae3eb6a7d11429fe589c0278c9acbe21a,0x442dccee68425828c106a3662014b4f131e3bd9b,4
0x6611fe71c233e4e7510b2795c242c9a57790b376,0x1919db36ca2fa2e15f9000fd9cdc2edcf863e685,4
0x6903f3a1540946c34e3a577ad6ffcbe43356dcbe,0xc310e760778ecbca4c65b6c559874757a4c4ece0,4
0x701f373df763308d96d8537822e8f9b2bae4e847,0x28e9162fc10bb3a7f98f44e90fa7273698fce360,4
0x72fae93d08a060a7f0a8919708c0db74ca46cbb6,0xf05155f792819710da259c103d30e4b70178ea9f,4
0x83c8f28c26bf6aaca652df1dbbe0e1b56f8baba2,0x07cc65ec4de72fdf7d2b6c39fd80c4ea4706215b,4
0x83c8f28c26bf6aaca652df1dbbe0e1b56f8baba2,0x11360f0c5552443b33720a44408aba01a809905e,4
0xa3818bc0ab0fc8273f308ba2793e49e10aa1f756,0xc310e760778ecbca4c65b6c559874757a4c4ece0,4
0xa958e6e90f570ca0293a01cdbbb6997de5848850,0x2465bd53a0e4f726dc6bf059e07979715c44dc0b,4
0xa958e6e90f570ca0293a01cdbbb6997de5848850,0xc310e760778ecbca4c65b6c559874757a4c4ece0,4
0xb7f7f6c52f2e2fdb1963eab30438024864c313f6,0x052564eb0fd8b340803df55def89c25c432f43f4,4
0xb7f7f6c52f2e2fdb1963eab30438024864c313f6,0x6639c089adfba8bb9968da643c6be208a70d6daa,4
0xb7f7f6c52f2e2fdb1963eab30438024864c313f6,0xc40df87e16339f21fbb2e59fb38bf2a957a16ffd,4
0xbec69dfce4c1fa8b7843fee1ca85788d84a86b06,0xc40df87e16339f21fbb2e59fb38bf2a957a16ffd,4
0xc310e760778ecbca4c65b6c559874757a4c4ece0,0xea39c551834d07ee2ee87f1ceff843c308e089af,4
0xd387a6e4e84a6c86bd90c158c6028a58cc8ac459,0x72fae93d08a060a7f0a8919708c0db74ca46cbb6,4
0xd387a6e4e84a6c86bd90c158c6028a58cc8ac459,0x83c8f28c26bf6aaca652df1dbbe0e1b56f8baba2,4
0xd387a6e4e84a6c86bd90c158c6028a58cc8ac459,0xa3818bc0ab0fc8273f308ba2793e49e10aa1f756,4
0xd387a6e4e84a6c86bd90c158c6028a58cc8ac459,0xfc840af78a496b52e378dfa94838402e1b7f71dd,4
0xea39c551834d07ee2ee87f1ceff843c308e089af,0x83c8f28c26bf6aaca652df1dbbe0e1b56f8baba2,4
0x020ca66c30bec2c4fe3861a94e4db4a498a35872,0x69bab6810fa99475854bca0a3dd72ae6a0728ece,3
0x024bcbcaad82e67f721799e259ca60bc7d363419,0x904778b44bd12a1f7c3f1b95ff3381a952296cd1,3
0x0e9aed5c7721c642a032812c2c4816f7d6cb87d7,0x269616d549d7e8eaa82dfb17028d0b212d11232a,3
0x1434a8eaa6d3725d44984d674e4f2dd9cc472bf4,0xe72eb31b59f85b19499a0f3b3260011894fa0d65,3
0x1919db36ca2fa2e15f9000fd9cdc2edcf863e685,0x83c8f28c26bf6aaca652df1dbbe0e1b56f8baba2,3
0x1999a92711cf8815b7f6b07bd34b4287d853cfba,0xb630abd9a5367763b7cba316e870c4a54064cc9f,3
0x268d3a8c4701000546dd0bf959bf6c8956cc3e5e,0xaf93fcce0548d3124a5fc3045adaf1dde4e8bf7e,3
0x269616d549d7e8eaa82dfb17028d0b212d11232a,0x54b174179ae825ed630da40b625bb3c883cd40ae,3
0x28e9162fc10bb3a7f98f44e90fa7273698fce360,0x269616d549d7e8eaa82dfb17028d0b212d11232a,3
0x2c2ed4b3876c442fee80bee76ce0ee2ca2a512af,0x2d1194e75b408c9395a8bbbedc0079322b62c0a4,3
0x2dab4ce3490bb50b2ea4c07ab1b6a9cfe29d89b3,0x72fae93d08a060a7f0a8919708c0db74ca46cbb6,3
0x33e3c007d1d48e2b645c9ce22570267b0c82f578,0xd472b0798421159999e3db0aaa2d53bc0d7acfa3,3
0x38a4d889a1979133fbc1d58f970f0953e3715c26,0x1999a92711cf8815b7f6b07bd34b4287d853cfba,3
0x38a4d889a1979133fbc1d58f970f0953e3715c26,0x46e449a3f88d0e35b4520bc36e8dfda195c896b0,3
0x38a4d889a1979133fbc1d58f970f0953e3715c26,0x80845058350b8c3df5c3015d8a717d64b3bf9267,3
0x38a4d889a1979133fbc1d58f970f0953e3715c26,0x88341d1a8f672d2780c8dc725902aae72f143b0c,3
0x3c6137504c38215fea30605b3e364a23c1d3e14f,0x114f1388fab456c4ba31b1850b244eedcd024136,3
0x49c3feafddaefc3bed06f4ff87ce86610c2c1076,0x1434a8eaa6d3725d44984d674e4f2dd9cc472bf4,3
0x4fed1f42ba007d1f7a6f0df4ae100170adb305c6,0xfc840af78a496b52e378dfa94838402e1b7f71dd,3
0x53ede7cae3eb6a7d11429fe589c0278c9acbe21a,0x00d7c902fbbcd3c9db2da80a439c94486c50eb81,3
0x54b174179ae825ed630da40b625bb3c883cd40ae,0xc310e760778ecbca4c65b6c559874757a4c4ece0,3
0x576b410d17d0cd216f6d87498b12ed1d4642563a,0xb697b9455eeee9574ec5c5350cb10c8a5b752a39,3
0x577ebc5de943e35cdf9ecb5bbe1f7d7cb6c7c647,0x1919db36ca2fa2e15f9000fd9cdc2edcf863e685,3
0x616ed054e0e0fdbfcad3fa2f42daed3d7d4ee448,0x268d3a8c4701000546dd0bf959bf6c8956cc3e5e,3
0x620b70123fb810f6c653da7644b5dd0b6312e4d8,0xb697b9455eeee9574ec5c5350cb10c8a5b752a39,3
0x6611fe71c233e4e7510b2795c242c9a57790b376,0x0e9aed5c7721c642a032812c2c4816f7d6cb87d7,3
0x6611fe71c233e4e7510b2795c242c9a57790b376,0xd387a6e4e84a6c86bd90c158c6028a58cc8ac459,3
0x6f4a2d3a4f47f9c647d86c929755593911ee91ec,0x052564eb0fd8b340803df55def89c25c432f43f4,3
0x6f4a2d3a4f47f9c647d86c929755593911ee91ec,0x50664ede715e131f584d3e7eaabd7818bb20a068,3
0x6f4a2d3a4f47f9c647d86c929755593911ee91ec,0xbec69dfce4c1fa8b7843fee1ca85788d84a86b06,3
0x6f4a2d3a4f47f9c647d86c929755593911ee91ec,0xc46db2d89327d4c41eb81c43ed5e3dff111f9a8f,3
0x721931508df2764fd4f70c53da646cb8aed16ace,0x33e3c007d1d48e2b645c9ce22570267b0c82f578,3
0x721931508df2764fd4f70c53da646cb8aed16ace,0x701f373df763308d96d8537822e8f9b2bae4e847,3
0x721931508df2764fd4f70c53da646cb8aed16ace,0xfc840af78a496b52e378dfa94838402e1b7f71dd,3
0x7d544a853dbcd39a53315e7002f4951a6d2f080d,0x28e9162fc10bb3a7f98f44e90fa7273698fce360,3
0x88341d1a8f672d2780c8dc725902aae72f143b0c,0x38a4d889a1979133fbc1d58f970f0953e3715c26,3
0x8ab83d869f2bc250b781d26f6584fd5c562fdd9d,0xc310e760778ecbca4c65b6c559874757a4c4ece0,3
0x9cb15c0ed7548a2b6ed8233d82712daf52e8714e,0xb697b9455eeee9574ec5c5350cb10c8a5b752a39,3
0xaf93fcce0548d3124a5fc3045adaf1dde4e8bf7e,0x268d3a8c4701000546dd0bf959bf6c8956cc3e5e,3
0xb2a2a6a69e7a0ad66943f4c2869d45a9919cf740,0x2dab4ce3490bb50b2ea4c07ab1b6a9cfe29d89b3,3
0xb7f7f6c52f2e2fdb1963eab30438024864c313f6,0x50664ede715e131f584d3e7eaabd7818bb20a068,3
0xbec69dfce4c1fa8b7843fee1ca85788d84a86b06,0x1434a8eaa6d3725d44984d674e4f2dd9cc472bf4,3
0xbec69dfce4c1fa8b7843fee1ca85788d84a86b06,0x1919db36ca2fa2e15f9000fd9cdc2edcf863e685,3
0xbec69dfce4c1fa8b7843fee1ca85788d84a86b06,0x442dccee68425828c106a3662014b4f131e3bd9b,3
0xbff79922fcbf93f9c30abb22322b271460c6bebb,0xc310e760778ecbca4c65b6c559874757a4c4ece0,3
0xc16414ac1fedfdac4f8a09674d994e1bbb9d7113,0x9cb15c0ed7548a2b6ed8233d82712daf52e8714e,3
0xc310e760778ecbca4c65b6c559874757a4c4ece0,0x38a4d889a1979133fbc1d58f970f0953e3715c26,3
0xc310e760778ecbca4c65b6c559874757a4c4ece0,0xf05155f792819710da259c103d30e4b70178ea9f,3
0xd387a6e4e84a6c86bd90c158c6028a58cc8ac459,0x11360f0c5552443b33720a44408aba01a809905e,3
0xd387a6e4e84a6c86bd90c158c6028a58cc8ac459,0x701f373df763308d96d8537822e8f9b2bae4e847,3
0xd387a6e4e84a6c86bd90c158c6028a58cc8ac459,0xb53349160e38739b37e4bbfcf950ed26e26fcb41,3
0xd387a6e4e84a6c86bd90c158c6028a58cc8ac459,0xe052113bd7d7700d623414a0a4585bcae754e9d5,3
0xf05155f792819710da259c103d30e4b70178ea9f,0x576b410d17d0cd216f6d87498b12ed1d4642563a,3
0x00d7c902fbbcd3c9db2da80a439c94486c50eb81,0x00d7c902fbbcd3c9db2da80a439c94486c50eb81,2
0x00d7c902fbbcd3c9db2da80a439c94486c50eb81,0x442dccee68425828c106a3662014b4f131e3bd9b,2
0x020ca66c30bec2c4fe3861a94e4db4a498a35872,0x53fed1eb683745352886a363cc0b6e3415824ec8,2
0x052564eb0fd8b340803df55def89c25c432f43f4,0x0e9aed5c7721c642a032812c2c4816f7d6cb87d7,2
0x0f4bc970e348a061b69d05b7e2e5c13eb687e5e3,0x6b3bacba7a6da1d6660079f5fd49fdc167ec5783,2
0x11360f0c5552443b33720a44408aba01a809905e,0x702890594bd8944d22804b32965cbf5bccca9c12,2
0x113d754ff2e6ca9fd6ab51932493e4f9dabdf596,0x62bdc64a14405e797f86796ea3c2476209ee0bf9,2
0x113d754ff2e6ca9fd6ab51932493e4f9dabdf596,0x80845058350b8c3df5c3015d8a717d64b3bf9267,2
0x113d754ff2e6ca9fd6ab51932493e4f9dabdf596,0xbec69dfce4c1fa8b7843fee1ca85788d84a86b06,2
0x113d754ff2e6ca9fd6ab51932493e4f9dabdf596,0xc310e760778ecbca4c65b6c559874757a4c4ece0,2
0x114f1388fab456c4ba31b1850b244eedcd024136,0x616ed054e0e0fdbfcad3fa2f42daed3d7d4ee448,2
0x114f1388fab456c4ba31b1850b244eedcd024136,0xb2a2a6a69e7a0ad66943f4c2869d45a9919cf740,2
0x1434a8eaa6d3725d44984d674e4f2dd9cc472bf4,0x1999a92711cf8815b7f6b07bd34b4287d853cfba,2
0x1434a8eaa6d3725d44984d674e4f2dd9cc472bf4,0xe18a94a1e60903b1ec39d9104bed27d9a73ad9e2,2
0x1731bdd386e021a7744282454887a87551725819,0x7d544a853dbcd39a53315e7002f4951a6d2f080d,2
0x1919db36ca2fa2e15f9000fd9cdc2edcf863e685,0x50664ede715e131f584d3e7eaabd7818bb20a068,2
0x1999a92711cf8815b7f6b07bd34b4287d853cfba,0x62bdc64a14405e797f86796ea3c2476209ee0bf9,2
0x1999a92711cf8815b7f6b07bd34b4287d853cfba,0xe72eb31b59f85b19499a0f3b3260011894fa0d65,2
0x1ff2875cd548eeae6d22f26bae2d72a50fd143c7,0x28e9162fc10bb3a7f98f44e90fa7273698fce360,2
0x1ff2875cd548eeae6d22f26bae2d72a50fd143c7,0xbec69dfce4c1fa8b7843fee1ca85788d84a86b06,2
0x2465bd53a0e4f726dc6bf059e07979715c44dc0b,0x49c3feafddaefc3bed06f4ff87ce86610c2c1076,2
0x268d3a8c4701000546dd0bf959bf6c8956cc3e5e,0x49c3feafddaefc3bed06f4ff87ce86610c2c1076,2
0x268d3a8c4701000546dd0bf959bf6c8956cc3e5e,0xc310e760778ecbca4c65b6c559874757a4c4ece0,2
0x268d3a8c4701000546dd0bf959bf6c8956cc3e5e,0xe72eb31b59f85b19499a0f3b3260011894fa0d65,2
0x268d3a8c4701000546dd0bf959bf6c8956cc3e5e,0xfc840af78a496b52e378dfa94838402e1b7f71dd,2
0x2c2ed4b3876c442fee80bee76ce0ee2ca2a512af,0xe052113bd7d7700d623414a0a4585bcae754e9d5,2
0x2d1194e75b408c9395a8bbbedc0079322b62c0a4,0x2c2ed4b3876c442fee80bee76ce0ee2ca2a512af,2
0x2d1194e75b408c9395a8bbbedc0079322b62c0a4,0x46e449a3f88d0e35b4520bc36e8dfda195c896b0,2
0x2dab4ce3490bb50b2ea4c07ab1b6a9cfe29d89b3,0x81be7f475e335693fda594abc8b42bb0d873f9a0,2
0x38a4d889a1979133fbc1d58f970f0953e3715c26,0x1ff2875cd548eeae6d22f26bae2d72a50fd143c7,2
0x38a4d889a1979133fbc1d58f970f0953e3715c26,0xb630abd9a5367763b7cba316e870c4a54064cc9f,2
0x3c6137504c38215fea30605b3e364a23c1d3e14f,0x6b3bacba7a6da1d6660079f5fd49fdc167ec5783,2
0x46e449a3f88d0e35b4520bc36e8dfda195c896b0,0x113d754ff2e6ca9fd6ab51932493e4f9dabdf596,2
0x46e449a3f88d0e35b4520bc36e8dfda195c896b0,0x1ff2875cd548eeae6d22f26bae2d72a50fd143c7,2
0x49c3feafddaefc3bed06f4ff87ce86610c2c1076,0x46e449a3f88d0e35b4520bc36e8dfda195c896b0,2
0x49c3feafddaefc3bed06f4ff87ce86610c2c1076,0x53ede7cae3eb6a7d11429fe589c0278c9acbe21a,2
0x49c3feafddaefc3bed06f4ff87ce86610c2c1076,0xb630abd9a5367763b7cba316e870c4a54064cc9f,2
0x50664ede715e131f584d3e7eaabd7818bb20a068,0x1919db36ca2fa2e15f9000fd9cdc2edcf863e685,2
0x53fed1eb683745352886a363cc0b6e3415824ec8,0x701f373df763308d96d8537822e8f9b2bae4e847,2
0x576b410d17d0cd216f6d87498b12ed1d4642563a,0x38a4d889a1979133fbc1d58f970f0953e3715c26,2
0x577ebc5de943e35cdf9ecb5bbe1f7d7cb6c7c647,0x50664ede715e131f584d3e7eaabd7818bb20a068,2
0x577ebc5de943e35cdf9ecb5bbe1f7d7cb6c7c647,0x701f373df763308d96d8537822e8f9b2bae4e847,2
0x577ebc5de943e35cdf9ecb5bbe1f7d7cb6c7c647,0xbec69dfce4c1fa8b7843fee1ca85788d84a86b06,2
0x577ebc5de943e35cdf9ecb5bbe1f7d7cb6c7c647,0xc46db2d89327d4c41eb81c43ed5e3dff111f9a8f,2
0x5a019874f4fae314b0eaa4606be746366e661306,0xa3818bc0ab0fc8273f308ba2793e49e10aa1f756,2
0x5e92a45225c3925b6180b8672a3cf5dd75bcc4a1,0x49c3feafddaefc3bed06f4ff87ce86610c2c1076,2
0x5e92a45225c3925b6180b8672a3cf5dd75bcc4a1,0x4fed1f42ba007d1f7a6f0df4ae100170adb305c6,2
0x616ed054e0e0fdbfcad3fa2f42daed3d7d4ee448,0x1434a8eaa6d3725d44984d674e4f2dd9cc472bf4,2
0x616ed054e0e0fdbfcad3fa2f42daed3d7d4ee448,0x1999a92711cf8815b7f6b07bd34b4287d853cfba,2
0x616ed054e0e0fdbfcad3fa2f42daed3d7d4ee448,0xaf93fcce0548d3124a5fc3045adaf1dde4e8bf7e,2
0x62bdc64a14405e797f86796ea3c2476209ee0bf9,0x052564eb0fd8b340803df55def89c25c432f43f4,2
0x62bdc64a14405e797f86796ea3c2476209ee0bf9,0x1999a92711cf8815b7f6b07bd34b4287d853cfba,2
0x62bdc64a14405e797f86796ea3c2476209ee0bf9,0x49c3feafddaefc3bed06f4ff87ce86610c2c1076,2
0x62bdc64a14405e797f86796ea3c2476209ee0bf9,0x50664ede715e131f584d3e7eaabd7818bb20a068,2
0x62bdc64a14405e797f86796ea3c2476209ee0bf9,0x54b174179ae825ed630da40b625bb3c883cd40ae,2
0x62bdc64a14405e797f86796ea3c2476209ee0bf9,0xe72eb31b59f85b19499a0f3b3260011894fa0d65,2
0x6611fe71c233e4e7510b2795c242c9a57790b376,0x46e449a3f88d0e35b4520bc36e8dfda195c896b0,2
0x6639c089adfba8bb9968da643c6be208a70d6daa,0xc310e760778ecbca4c65b6c559874757a4c4ece0,2
0x69bab6810fa99475854bca0a3dd72ae6a0728ece,0x020ca66c30bec2c4fe3861a94e4db4a498a35872,2
0x69bab6810fa99475854bca0a3dd72ae6a0728ece,0x701f373df763308d96d8537822e8f9b2bae4e847,2
0x69bab6810fa99475854bca0a3dd72ae6a0728ece,0xd472b0798421159999e3db0aaa2d53bc0d7acfa3,2
0x6f4a2d3a4f47f9c647d86c929755593911ee91ec,0xb53349160e38739b37e4bbfcf950ed26e26fcb41,2
0x6f4a2d3a4f47f9c647d86c929755593911ee91ec,0xd387a6e4e84a6c86bd90c158c6028a58cc8ac459,2
0x701f373df763308d96d8537822e8f9b2bae4e847,0x2465bd53a0e4f726dc6bf059e07979715c44dc0b,2
0x721931508df2764fd4f70c53da646cb8aed16ace,0x54b174179ae825ed630da40b625bb3c883cd40ae,2
0x721931508df2764fd4f70c53da646cb8aed16ace,0xb697b9455eeee9574ec5c5350cb10c8a5b752a39,2
0x721931508df2764fd4f70c53da646cb8aed16ace,0xc46db2d89327d4c41eb81c43ed5e3dff111f9a8f,2
0x721931508df2764fd4f70c53da646cb8aed16ace,0xd472b0798421159999e3db0aaa2d53bc0d7acfa3,2
0x72fae93d08a060a7f0a8919708c0db74ca46cbb6,0x020ca66c30bec2c4fe3861a94e4db4a498a35872,2
0x72fae93d08a060a7f0a8919708c0db74ca46cbb6,0x1999a92711cf8815b7f6b07bd34b4287d853cfba,2
0x72fae93d08a060a7f0a8919708c0db74ca46cbb6,0x2dab4ce3490bb50b2ea4c07ab1b6a9cfe29d89b3,2
0x7d544a853dbcd39a53315e7002f4951a6d2f080d,0x4fed1f42ba007d1f7a6f0df4ae100170adb305c6,2
0x81be7f475e335693fda594abc8b42bb0d873f9a0,0xc16414ac1fedfdac4f8a09674d994e1bbb9d7113,2
0x83c8f28c26bf6aaca652df1dbbe0e1b56f8baba2,0x69bab6810fa99475854bca0a3dd72ae6a0728ece,2
0x83c8f28c26bf6aaca652df1dbbe0e1b56f8baba2,0xb32b4350c25141e779d392c1dbe857b62b60b4c9,2
0x8ab83d869f2bc250b781d26f6584fd5c562fdd9d,0x8ab83d869f2bc250b781d26f6584fd5c562fdd9d,2
0x8ad272ac86c6c88683d9a60eb8ed57e6c304bb0c,0x020ca66c30bec2c4fe3861a94e4db4a498a35872,2
0x8ad272ac86c6c88683d9a60eb8ed57e6c304bb0c,0x53fed1eb683745352886a363cc0b6e3415824ec8,2
0x8ad272ac86c6c88683d9a60eb8ed57e6c304bb0c,0xea39c551834d07ee2ee87f1ceff843c308e089af,2
0x9cb15c0ed7548a2b6ed8233d82712daf52e8714e,0x46e449a3f88d0e35b4520bc36e8dfda195c896b0,2
0x9cb15c0ed7548a2b6ed8233d82712daf52e8714e,0x576b410d17d0cd216f6d87498b12ed1d4642563a,2
0x9cb15c0ed7548a2b6ed8233d82712daf52e8714e,0xc310e760778ecbca4c65b6c559874757a4c4ece0,2
0xa66734d48d564e4e1c016c8d2ea2e9131b41c1ad,0xe72eb31b59f85b19499a0f3b3260011894fa0d65,2
0xa6e2e910515e6cf485462eeb6e454df33c60cb0e,0x6611fe71c233e4e7510b2795c242c9a57790b376,2
0xa958e6e90f570ca0293a01cdbbb6997de5848850,0xb53349160e38739b37e4bbfcf950ed26e26fcb41,2
0xa958e6e90f570ca0293a01cdbbb6997de5848850,0xc16414ac1fedfdac4f8a09674d994e1bbb9d7113,2
0xaf93fcce0548d3124a5fc3045adaf1dde4e8bf7e,0x616ed054e0e0fdbfcad3fa2f42daed3d7d4ee448,2
0xb2a2a6a69e7a0ad66943f4c2869d45a9919cf740,0x46e449a3f88d0e35b4520bc36e8dfda195c896b0,2
0xb2a2a6a69e7a0ad66943f4c2869d45a9919cf740,0x49c3feafddaefc3bed06f4ff87ce86610c2c1076,2
0xb2a2a6a69e7a0ad66943f4c2869d45a9919cf740,0xa958e6e90f570ca0293a01cdbbb6997de5848850,2
0xb3ee5011a7965905cde351ea4905ff4725189a3b,0x113d754ff2e6ca9fd6ab51932493e4f9dabdf596,2
0xb53349160e38739b37e4bbfcf950ed26e26fcb41,0x1999a92711cf8815b7f6b07bd34b4287d853cfba,2
0xb53349160e38739b37e4bbfcf950ed26e26fcb41,0x9cb15c0ed7548a2b6ed8233d82712daf52e8714e,2
0xb7f7f6c52f2e2fdb1963eab30438024864c313f6,0x0f4bc970e348a061b69d05b7e2e5c13eb687e5e3,2
0xb7f7f6c52f2e2fdb1963eab30438024864c313f6,0xe72eb31b59f85b19499a0f3b3260011894fa0d65,2
0xbff79922fcbf93f9c30abb22322b271460c6bebb,0x38a4d889a1979133fbc1d58f970f0953e3715c26,2
0xc16414ac1fedfdac4f8a09674d994e1bbb9d7113,0x2d1194e75b408c9395a8bbbedc0079322b62c0a4,2
0xc16414ac1fedfdac4f8a09674d994e1bbb9d7113,0x54b174179ae825ed630da40b625bb3c883cd40ae,2
0xc310e760778ecbca4c65b6c559874757a4c4ece0,0x020ca66c30bec2c4fe3861a94e4db4a498a35872,2
0xc310e760778ecbca4c65b6c559874757a4c4ece0,0x6903f3a1540946c34e3a577ad6ffcbe43356dcbe,2
0xc352b534e8b987e036a93539fd6897f53488e56a,0x024bcbcaad82e67f721799e259ca60bc7d363419,2
0xc352b534e8b987e036a93539fd6897f53488e56a,0x53ede7cae3eb6a7d11429fe589c0278c9acbe21a,2
0xc46db2d89327d4c41eb81c43ed5e3dff111f9a8f,0x1ff2875cd548eeae6d22f26bae2d72a50fd143c7,2
0xd387a6e4e84a6c86bd90c158c6028a58cc8ac459,0x0f4bc970e348a061b69d05b7e2e5c13eb687e5e3,2
0xd387a6e4e84a6c86bd90c158c6028a58cc8ac459,0x442dccee68425828c106a3662014b4f131e3bd9b,2
0xd387a6e4e84a6c86bd90c158c6028a58cc8ac459,0x69bab6810fa99475854bca0a3dd72ae6a0728ece,2
0xd387a6e4e84a6c86bd90c158c6028a58cc8ac459,0x6b3bacba7a6da1d6660079f5fd49fdc167ec5783,2
0xd387a6e4e84a6c86bd90c158c6028a58cc8ac459,0x8ad272ac86c6c88683d9a60eb8ed57e6c304bb0c,2
0xd387a6e4e84a6c86bd90c158c6028a58cc8ac459,0xa958e6e90f570ca0293a01cdbbb6997de5848850,2
0xd472b0798421159999e3db0aaa2d53bc0d7acfa3,0x020ca66c30bec2c4fe3861a94e4db4a498a35872,2
0xe72eb31b59f85b19499a0f3b3260011894fa0d65,0x1999a92711cf8815b7f6b07bd34b4287d853cfba,2
0xea39c551834d07ee2ee87f1ceff843c308e089af,0x265cdd11b3abb0432a35300f6afb214777280817,2
0xf05155f792819710da259c103d30e4b70178ea9f,0xb630abd9a5367763b7cba316e870c4a54064cc9f,2
0xf05155f792819710da259c103d30e4b70178ea9f,0xe72eb31b59f85b19499a0f3b3260011894fa0d65,2
0x020ca66c30bec2c4fe3861a94e4db4a498a35872,0x2465bd53a0e4f726dc6bf059e07979715c44dc0b,1
0x020ca66c30bec2c4fe3861a94e4db4a498a35872,0x616ed054e0e0fdbfcad3fa2f42daed3d7d4ee448,1
0x020ca66c30bec2c4fe3861a94e4db4a498a35872,0x6b3bacba7a6da1d6660079f5fd49fdc167ec5783,1
0x020ca66c30bec2c4fe3861a94e4db4a498a35872,0x72fae93d08a060a7f0a8919708c0db74ca46cbb6,1
0x020ca66c30bec2c4fe3861a94e4db4a498a35872,0x8ad272ac86c6c88683d9a60eb8ed57e6c304bb0c,1
0x020ca66c30bec2c4fe3861a94e4db4a498a35872,0xd472b0798421159999e3db0aaa2d53bc0d7acfa3,1
0x020ca66c30bec2c4fe3861a94e4db4a498a35872,0xea39c551834d07ee2ee87f1ceff843c308e089af,1
0x020ca66c30bec2c4fe3861a94e4db4a498a35872,0xeb11f192e91e2d4abff199b58222c89472584bf4,1
0x024bcbcaad82e67f721799e259ca60bc7d363419,0x54b174179ae825ed630da40b625bb3c883cd40ae,1
0x024bcbcaad82e67f721799e259ca60bc7d363419,0x620b70123fb810f6c653da7644b5dd0b6312e4d8,1
0x024bcbcaad82e67f721799e259ca60bc7d363419,0xe052113bd7d7700d623414a0a4585bcae754e9d5,1
0x052564eb0fd8b340803df55def89c25c432f43f4,0x1919db36ca2fa2e15f9000fd9cdc2edcf863e685,1
0x052564eb0fd8b340803df55def89c25c432f43f4,0x50664ede715e131f584d3e7eaabd7818bb20a068,1
0x052564eb0fd8b340803df55def89c25c432f43f4,0x6611fe71c233e4e7510b2795c242c9a57790b376,1
0x052564eb0fd8b340803df55def89c25c432f43f4,0x701f373df763308d96d8537822e8f9b2bae4e847,1
0x0b8f4c4e7626a91460dac057eb43e0de59d5b44f,0x4fed1f42ba007d1f7a6f0df4ae100170adb305c6,1
0x0b8f4c4e7626a91460dac057eb43e0de59d5b44f,0x7d544a853dbcd39a53315e7002f4951a6d2f080d,1
0x0e9aed5c7721c642a032812c2c4816f7d6cb87d7,0x07cc65ec4de72fdf7d2b6c39fd80c4ea4706215b,1
0x0e9aed5c7721c642a032812c2c4816f7d6cb87d7,0x0f4bc970e348a061b69d05b7e2e5c13eb687e5e3,1
0x0e9aed5c7721c642a032812c2c4816f7d6cb87d7,0xbec69dfce4c1fa8b7843fee1ca85788d84a86b06,1
0x0e9aed5c7721c642a032812c2c4816f7d6cb87d7,0xc46db2d89327d4c41eb81c43ed5e3dff111f9a8f,1
0x0f4bc970e348a061b69d05b7e2e5c13eb687e5e3,0x0e9aed5c7721c642a032812c2c4816f7d6cb87d7,1
0x0f4bc970e348a061b69d05b7e2e5c13eb687e5e3,0x1ff2875cd548eeae6d22f26bae2d72a50fd143c7,1
0x0f4bc970e348a061b69d05b7e2e5c13eb687e5e3,0x38a4d889a1979133fbc1d58f970f0953e3715c26,1
0x0f4bc970e348a061b69d05b7e2e5c13eb687e5e3,0x46e449a3f88d0e35b4520bc36e8dfda195c896b0,1
0x0f4bc970e348a061b69d05b7e2e5c13eb687e5e3,0xb697b9455eeee9574ec5c5350cb10c8a5b752a39,1
0x11360f0c5552443b33720a44408aba01a809905e,0x0f4bc970e348a061b69d05b7e2e5c13eb687e5e3,1
0x113d754ff2e6ca9fd6ab51932493e4f9dabdf596,0x1ff2875cd548eeae6d22f26bae2d72a50fd143c7,1
0x113d754ff2e6ca9fd6ab51932493e4f9dabdf596,0xeb11f192e91e2d4abff199b58222c89472584bf4,1
0x114f1388fab456c4ba31b1850b244eedcd024136,0xc46db2d89327d4c41eb81c43ed5e3dff111f9a8f,1
0x1434a8eaa6d3725d44984d674e4f2dd9cc472bf4,0x113d754ff2e6ca9fd6ab51932493e4f9dabdf596,1
0x1434a8eaa6d3725d44984d674e4f2dd9cc472bf4,0x1ff2875cd548eeae6d22f26bae2d72a50fd143c7,1
0x1434a8eaa6d3725d44984d674e4f2dd9cc472bf4,0x38a4d889a1979133fbc1d58f970f0953e3715c26,1
0x1434a8eaa6d3725d44984d674e4f2dd9cc472bf4,0x49c3feafddaefc3bed06f4ff87ce86610c2c1076,1
0x1434a8eaa6d3725d44984d674e4f2dd9cc472bf4,0xa3818bc0ab0fc8273f308ba2793e49e10aa1f756,1
0x1731bdd386e021a7744282454887a87551725819,0x8ad272ac86c6c88683d9a60eb8ed57e6c304bb0c,1
0x1731bdd386e021a7744282454887a87551725819,0xc310e760778ecbca4c65b6c559874757a4c4ece0,1
0x1919db36ca2fa2e15f9000fd9cdc2edcf863e685,0x024bcbcaad82e67f721799e259ca60bc7d363419,1
0x1919db36ca2fa2e15f9000fd9cdc2edcf863e685,0x0e9aed5c7721c642a032812c2c4816f7d6cb87d7,1
0x1919db36ca2fa2e15f9000fd9cdc2edcf863e685,0x2c2ed4b3876c442fee80bee76ce0ee2ca2a512af,1
0x1919db36ca2fa2e15f9000fd9cdc2edcf863e685,0x54b174179ae825ed630da40b625bb3c883cd40ae,1
0x1919db36ca2fa2e15f9000fd9cdc2edcf863e685,0xc40df87e16339f21fbb2e59fb38bf2a957a16ffd,1
0x1ff2875cd548eeae6d22f26bae2d72a50fd143c7,0x052564eb0fd8b340803df55def89c25c432f43f4,1
0x1ff2875cd548eeae6d22f26bae2d72a50fd143c7,0x113d754ff2e6ca9fd6ab51932493e4f9dabdf596,1
0x1ff2875cd548eeae6d22f26bae2d72a50fd143c7,0xb630abd9a5367763b7cba316e870c4a54064cc9f,1
0x24d9be8c2589c9873bc636e24972cdb891cdbc25,0x1ff2875cd548eeae6d22f26bae2d72a50fd143c7,1
0x265cdd11b3abb0432a35300f6afb214777280817,0x38a4d889a1979133fbc1d58f970f0953e3715c26,1
0x265cdd11b3abb0432a35300f6afb214777280817,0x49c3feafddaefc3bed06f4ff87ce86610c2c1076,1
0x265cdd11b3abb0432a35300f6afb214777280817,0xb32b4350c25141e779d392c1dbe857b62b60b4c9,1
0x268d3a8c4701000546dd0bf959bf6c8956cc3e5e,0x2465bd53a0e4f726dc6bf059e07979715c44dc0b,1
0x268d3a8c4701000546dd0bf959bf6c8956cc3e5e,0x62bdc64a14405e797f86796ea3c2476209ee0bf9,1
0x268d3a8c4701000546dd0bf959bf6c8956cc3e5e,0xbdd95abe8a7694ccd77143376b0fbea183e6a740,1
0x268d3a8c4701000546dd0bf959bf6c8956cc3e5e,0xbec69dfce4c1fa8b7843fee1ca85788d84a86b06,1
0x2c2ed4b3876c442fee80bee76ce0ee2ca2a512af,0x54b174179ae825ed630da40b625bb3c883cd40ae,1
0x2d1194e75b408c9395a8bbbedc0079322b62c0a4,0x11360f0c5552443b33720a44408aba01a809905e,1
0x2d1194e75b408c9395a8bbbedc0079322b62c0a4,0x1434a8eaa6d3725d44984d674e4f2dd9cc472bf4,1
0x2d1194e75b408c9395a8bbbedc0079322b62c0a4,0x616ed054e0e0fdbfcad3fa2f42daed3d7d4ee448,1
0x2d1194e75b408c9395a8bbbedc0079322b62c0a4,0x81be7f475e335693fda594abc8b42bb0d873f9a0,1
0x2d1194e75b408c9395a8bbbedc0079322b62c0a4,0xb3ee5011a7965905cde351ea4905ff4725189a3b,1
0x2d1194e75b408c9395a8bbbedc0079322b62c0a4,0xe052113bd7d7700d623414a0a4585bcae754e9d5,1
0x2d1194e75b408c9395a8bbbedc0079322b62c0a4,0xe18a94a1e60903b1ec39d9104bed27d9a73ad9e2,1
0x2d1194e75b408c9395a8bbbedc0079322b62c0a4,0xeb11f192e91e2d4abff199b58222c89472584bf4,1
0x2dab4ce3490bb50b2ea4c07ab1b6a9cfe29d89b3,0x53fed1eb683745352886a363cc0b6e3415824ec8,1
0x2dab4ce3490bb50b2ea4c07ab1b6a9cfe29d89b3,0x69bab6810fa99475854bca0a3dd72ae6a0728ece,1
0x2dab4ce3490bb50b2ea4c07ab1b6a9cfe29d89b3,0xb2a2a6a69e7a0ad66943f4c2869d45a9919cf740,1
0x2dab4ce3490bb50b2ea4c07ab1b6a9cfe29d89b3,0xb697b9455eeee9574ec5c5350cb10c8a5b752a39,1
0x33d27f0bb797de3d20e519f4a192b7570c56681b,0x3c6137504c38215fea30605b3e364a23c1d3e14f,1
0x33d27f0bb797de3d20e519f4a192b7570c56681b,0x72fae93d08a060a7f0a8919708c0db74ca46cbb6,1
0x33e3c007d1d48e2b645c9ce22570267b0c82f578,0x6903f3a1540946c34e3a577ad6ffcbe43356dcbe,1
0x33e3c007d1d48e2b645c9ce22570267b0c82f578,0xc310e760778ecbca4c65b6c559874757a4c4ece0,1
0x33e3c007d1d48e2b645c9ce22570267b0c82f578,0xd387a6e4e84a6c86bd90c158c6028a58cc8ac459,1
0x33e3c007d1d48e2b645c9ce22570267b0c82f578,0xe052113bd7d7700d623414a0a4585bcae754e9d5,1
0x38a4d889a1979133fbc1d58f970f0953e3715c26,0x113d754ff2e6ca9fd6ab51932493e4f9dabdf596,1
0x38a4d889a1979133fbc1d58f970f0953e3715c26,0x1434a8eaa6d3725d44984d674e4f2dd9cc472bf4,1
0x38a4d889a1979133fbc1d58f970f0953e3715c26,0x81be7f475e335693fda594abc8b42bb0d873f9a0,1
0x38a4d889a1979133fbc1d58f970f0953e3715c26,0x8ad272ac86c6c88683d9a60eb8ed57e6c304bb0c,1
0x38a4d889a1979133fbc1d58f970f0953e3715c26,0xfc840af78a496b52e378dfa94838402e1b7f71dd,1
0x3c6137504c38215fea30605b3e364a23c1d3e14f,0x53fed1eb683745352886a363cc0b6e3415824ec8,1
0x3c6137504c38215fea30605b3e364a23c1d3e14f,0x576b410d17d0cd216f6d87498b12ed1d4642563a,1
0x3c6137504c38215fea30605b3e364a23c1d3e14f,0x9048d24577d4c4bbf14f1020f20640b334f8c762,1
0x3c6137504c38215fea30605b3e364a23c1d3e14f,0xb630abd9a5367763b7cba316e870c4a54064cc9f,1
0x442dccee68425828c106a3662014b4f131e3bd9b,0x721931508df2764fd4f70c53da646cb8aed16ace,1
0x442dccee68425828c106a3662014b4f131e3bd9b,0x72fae93d08a060a7f0a8919708c0db74ca46cbb6,1
0x442dccee68425828c106a3662014b4f131e3bd9b,0x8ab83d869f2bc250b781d26f6584fd5c562fdd9d,1
0x442dccee68425828c106a3662014b4f131e3bd9b,0xfc840af78a496b52e378dfa94838402e1b7f71dd,1
0x46e449a3f88d0e35b4520bc36e8dfda195c896b0,0x33e3c007d1d48e2b645c9ce22570267b0c82f578,1
0x46e449a3f88d0e35b4520bc36e8dfda195c896b0,0x50664ede715e131f584d3e7eaabd7818bb20a068,1
0x46e449a3f88d0e35b4520bc36e8dfda195c896b0,0x576b410d17d0cd216f6d87498b12ed1d4642563a,1
0x46e449a3f88d0e35b4520bc36e8dfda195c896b0,0xbec69dfce4c1fa8b7843fee1ca85788d84a86b06,1
0x46e449a3f88d0e35b4520bc36e8dfda195c896b0,0xc46db2d89327d4c41eb81c43ed5e3dff111f9a8f,1
0x46e449a3f88d0e35b4520bc36e8dfda195c896b0,0xe052113bd7d7700d623414a0a4585bcae754e9d5,1
0x49c3feafddaefc3bed06f4ff87ce86610c2c1076,0x0e9aed5c7721c642a032812c2c4816f7d6cb87d7,1
0x49c3feafddaefc3bed06f4ff87ce86610c2c1076,0x113d754ff2e6ca9fd6ab51932493e4f9dabdf596,1
0x49c3feafddaefc3bed06f4ff87ce86610c2c1076,0x24d9be8c2589c9873bc636e24972cdb891cdbc25,1
0x49c3feafddaefc3bed06f4ff87ce86610c2c1076,0xb53349160e38739b37e4bbfcf950ed26e26fcb41,1
0x4fed1f42ba007d1f7a6f0df4ae100170adb305c6,0x268d3a8c4701000546dd0bf959bf6c8956cc3e5e,1
0x4fed1f42ba007d1f7a6f0df4ae100170adb305c6,0x8ab83d869f2bc250b781d26f6584fd5c562fdd9d,1
0x50664ede715e131f584d3e7eaabd7818bb20a068,0x0f4bc970e348a061b69d05b7e2e5c13eb687e5e3,1
0x50664ede715e131f584d3e7eaabd7818bb20a068,0x53ede7cae3eb6a7d11429fe589c0278c9acbe21a,1
0x50664ede715e131f584d3e7eaabd7818bb20a068,0x54b174179ae825ed630da40b625bb3c883cd40ae,1
0x50664ede715e131f584d3e7eaabd7818bb20a068,0x577ebc5de943e35cdf9ecb5bbe1f7d7cb6c7c647,1
0x50664ede715e131f584d3e7eaabd7818bb20a068,0x59d484a88823f90c25b7d6278a1d86116aee223d,1
0x50664ede715e131f584d3e7eaabd7818bb20a068,0x616ed054e0e0fdbfcad3fa2f42daed3d7d4ee448,1
0x50664ede715e131f584d3e7eaabd7818bb20a068,0xc40df87e16339f21fbb2e59fb38bf2a957a16ffd,1
0x53ede7cae3eb6a7d11429fe589c0278c9acbe21a,0x6611fe71c233e4e7510b2795c242c9a57790b376,1
0x53fed1eb683745352886a363cc0b6e3415824ec8,0x114f1388fab456c4ba31b1850b244eedcd024136,1
0x53fed1eb683745352886a363cc0b6e3415824ec8,0x2dab4ce3490bb50b2ea4c07ab1b6a9cfe29d89b3,1
0x54b174179ae825ed630da40b625bb3c883cd40ae,0x1919db36ca2fa2e15f9000fd9cdc2edcf863e685,1
0x54b174179ae825ed630da40b625bb3c883cd40ae,0x49c3feafddaefc3bed06f4ff87ce86610c2c1076,1
0x54b174179ae825ed630da40b625bb3c883cd40ae,0x6b3bacba7a6da1d6660079f5fd49fdc167ec5783,1
0x54b174179ae825ed630da40b625bb3c883cd40ae,0x80845058350b8c3df5c3015d8a717d64b3bf9267,1
0x54b174179ae825ed630da40b625bb3c883cd40ae,0xa958e6e90f570ca0293a01cdbbb6997de5848850,1
0x54b174179ae825ed630da40b625bb3c883cd40ae,0xc352b534e8b987e036a93539fd6897f53488e56a,1
0x576b410d17d0cd216f6d87498b12ed1d4642563a,0x46e449a3f88d0e35b4520bc36e8dfda195c896b0,1
0x576b410d17d0cd216f6d87498b12ed1d4642563a,0x904778b44bd12a1f7c3f1b95ff3381a952296cd1,1
0x577ebc5de943e35cdf9ecb5bbe1f7d7cb6c7c647,0x38a4d889a1979133fbc1d58f970f0953e3715c26,1
0x577ebc5de943e35cdf9ecb5bbe1f7d7cb6c7c647,0x46e449a3f88d0e35b4520bc36e8dfda195c896b0,1
0x577ebc5de943e35cdf9ecb5bbe1f7d7cb6c7c647,0x62bdc64a14405e797f86796ea3c2476209ee0bf9,1
0x577ebc5de943e35cdf9ecb5bbe1f7d7cb6c7c647,0x81be7f475e335693fda594abc8b42bb0d873f9a0,1
0x577ebc5de943e35cdf9ecb5bbe1f7d7cb6c7c647,0xb53349160e38739b37e4bbfcf950ed26e26fcb41,1
0x5a019874f4fae314b0eaa4606be746366e661306,0x5a019874f4fae314b0eaa4606be746366e661306,1
0x5e92a45225c3925b6180b8672a3cf5dd75bcc4a1,0x1434a8eaa6d3725d44984d674e4f2dd9cc472bf4,1
0x5e92a45225c3925b6180b8672a3cf5dd75bcc4a1,0x1ff2875cd548eeae6d22f26bae2d72a50fd143c7,1
0x5e92a45225c3925b6180b8672a3cf5dd75bcc4a1,0x62bdc64a14405e797f86796ea3c2476209ee0bf9,1
0x5e92a45225c3925b6180b8672a3cf5dd75bcc4a1,0xc40df87e16339f21fbb2e59fb38bf2a957a16ffd,1
0x5e92a45225c3925b6180b8672a3cf5dd75bcc4a1,0xfc840af78a496b52e378dfa94838402e1b7f71dd,1
0x616ed054e0e0fdbfcad3fa2f42daed3d7d4ee448,0x33e3c007d1d48e2b645c9ce22570267b0c82f578,1
0x616ed054e0e0fdbfcad3fa2f42daed3d7d4ee448,0xb2a2a6a69e7a0ad66943f4c2869d45a9919cf740,1
0x616ed054e0e0fdbfcad3fa2f42daed3d7d4ee448,0xb697b9455eeee9574ec5c5350cb10c8a5b752a39,1
0x616ed054e0e0fdbfcad3fa2f42daed3d7d4ee448,0xbec69dfce4c1fa8b7843fee1ca85788d84a86b06,1
0x616ed054e0e0fdbfcad3fa2f42daed3d7d4ee448,0xd387a6e4e84a6c86bd90c158c6028a58cc8ac459,1
0x616ed054e0e0fdbfcad3fa2f42daed3d7d4ee448,0xd472b0798421159999e3db0aaa2d53bc0d7acfa3,1
0x620b70123fb810f6c653da7644b5dd0b6312e4d8,0x8ab83d869f2bc250b781d26f6584fd5c562fdd9d,1
0x620b70123fb810f6c653da7644b5dd0b6312e4d8,0xa3818bc0ab0fc8273f308ba2793e49e10aa1f756,1
0x62bdc64a14405e797f86796ea3c2476209ee0bf9,0x024bcbcaad82e67f721799e259ca60bc7d363419,1
0x62bdc64a14405e797f86796ea3c2476209ee0bf9,0x11360f0c5552443b33720a44408aba01a809905e,1
0x62bdc64a14405e797f86796ea3c2476209ee0bf9,0x1434a8eaa6d3725d44984d674e4f2dd9cc472bf4,1
0x62bdc64a14405e797f86796ea3c2476209ee0bf9,0xa6e2e910515e6cf485462eeb6e454df33c60cb0e,1
0x62bdc64a14405e797f86796ea3c2476209ee0bf9,0xbec69dfce4c1fa8b7843fee1ca85788d84a86b06,1
0x6611fe71c233e4e7510b2795c242c9a57790b376,0x113d754ff2e6ca9fd6ab51932493e4f9dabdf596,1
0x6611fe71c233e4e7510b2795c242c9a57790b376,0x53ede7cae3eb6a7d11429fe589c0278c9acbe21a,1
0x6611fe71c233e4e7510b2795c242c9a57790b376,0xc352b534e8b987e036a93539fd6897f53488e56a,1
0x6611fe71c233e4e7510b2795c242c9a57790b376,0xe72eb31b59f85b19499a0f3b3260011894fa0d65,1
0x6639c089adfba8bb9968da643c6be208a70d6daa,0x052564eb0fd8b340803df55def89c25c432f43f4,1
0x6639c089adfba8bb9968da643c6be208a70d6daa,0x0e9aed5c7721c642a032812c2c4816f7d6cb87d7,1
0x6639c089adfba8bb9968da643c6be208a70d6daa,0x269616d549d7e8eaa82dfb17028d0b212d11232a,1
0x6903f3a1540946c34e3a577ad6ffcbe43356dcbe,0x701f373df763308d96d8537822e8f9b2bae4e847,1
0x6903f3a1540946c34e3a577ad6ffcbe43356dcbe,0x8ad272ac86c6c88683d9a60eb8ed57e6c304bb0c,1
0x6903f3a1540946c34e3a577ad6ffcbe43356dcbe,0xa3818bc0ab0fc8273f308ba2793e49e10aa1f756,1
0x6903f3a1540946c34e3a577ad6ffcbe43356dcbe,0xb697b9455eeee9574ec5c5350cb10c8a5b752a39,1
0x6903f3a1540946c34e3a577ad6ffcbe43356dcbe,0xd472b0798421159999e3db0aaa2d53bc0d7acfa3,1
0x6903f3a1540946c34e3a577ad6ffcbe43356dcbe,0xfc840af78a496b52e378dfa94838402e1b7f71dd,1
0x69bab6810fa99475854bca0a3dd72ae6a0728ece,0x54b174179ae825ed630da40b625bb3c883cd40ae,1
0x69bab6810fa99475854bca0a3dd72ae6a0728ece,0x975222a8365e6ab51b7867524f77261cd4ece06e,1
0x69bab6810fa99475854bca0a3dd72ae6a0728ece,0xfc840af78a496b52e378dfa94838402e1b7f71dd,1
0x6b3bacba7a6da1d6660079f5fd49fdc167ec5783,0x020ca66c30bec2c4fe3861a94e4db4a498a35872,1
0x6b3bacba7a6da1d6660079f5fd49fdc167ec5783,0xb3ee5011a7965905cde351ea4905ff4725189a3b,1
0x6f4a2d3a4f47f9c647d86c929755593911ee91ec,0x0e9aed5c7721c642a032812c2c4816f7d6cb87d7,1
0x6f4a2d3a4f47f9c647d86c929755593911ee91ec,0x1731bdd386e021a7744282454887a87551725819,1
0x6f4a2d3a4f47f9c647d86c929755593911ee91ec,0x53ede7cae3eb6a7d11429fe589c0278c9acbe21a,1
0x6f4a2d3a4f47f9c647d86c929755593911ee91ec,0x62bdc64a14405e797f86796ea3c2476209ee0bf9,1
0x6f4a2d3a4f47f9c647d86c929755593911ee91ec,0xbdd95abe8a7694ccd77143376b0fbea183e6a740,1
0x701f373df763308d96d8537822e8f9b2bae4e847,0x0f4bc970e348a061b69d05b7e2e5c13eb687e5e3,1
0x701f373df763308d96d8537822e8f9b2bae4e847,0xb53349160e38739b37e4bbfcf950ed26e26fcb41,1
0x701f373df763308d96d8537822e8f9b2bae4e847,0xc46db2d89327d4c41eb81c43ed5e3dff111f9a8f,1
0x702890594bd8944d22804b32965cbf5bccca9c12,0x020ca66c30bec2c4fe3861a94e4db4a498a35872,1
0x702890594bd8944d22804b32965cbf5bccca9c12,0x54b174179ae825ed630da40b625bb3c883cd40ae,1
0x702890594bd8944d22804b32965cbf5bccca9c12,0xa3818bc0ab0fc8273f308ba2793e49e10aa1f756,1
0x721931508df2764fd4f70c53da646cb8aed16ace,0x020ca66c30bec2c4fe3861a94e4db4a498a35872,1
0x721931508df2764fd4f70c53da646cb8aed16ace,0x11360f0c5552443b33720a44408aba01a809905e,1
0x721931508df2764fd4f70c53da646cb8aed16ace,0x69bab6810fa99475854bca0a3dd72ae6a0728ece,1
0x721931508df2764fd4f70c53da646cb8aed16ace,0x72fae93d08a060a7f0a8919708c0db74ca46cbb6,1
0x721931508df2764fd4f70c53da646cb8aed16ace,0x8ab83d869f2bc250b781d26f6584fd5c562fdd9d,1
0x721931508df2764fd4f70c53da646cb8aed16ace,0x8ad272ac86c6c88683d9a60eb8ed57e6c304bb0c,1
0x721931508df2764fd4f70c53da646cb8aed16ace,0xa3818bc0ab0fc8273f308ba2793e49e10aa1f756,1
0x72fae93d08a060a7f0a8919708c0db74ca46cbb6,0x11360f0c5552443b33720a44408aba01a809905e,1
0x72fae93d08a060a7f0a8919708c0db74ca46cbb6,0x1434a8eaa6d3725d44984d674e4f2dd9cc472bf4,1
0x72fae93d08a060a7f0a8919708c0db74ca46cbb6,0x2465bd53a0e4f726dc6bf059e07979715c44dc0b,1
0x72fae93d08a060a7f0a8919708c0db74ca46cbb6,0x616ed054e0e0fdbfcad3fa2f42daed3d7d4ee448,1
0x72fae93d08a060a7f0a8919708c0db74ca46cbb6,0x81be7f475e335693fda594abc8b42bb0d873f9a0,1
0x7d544a853dbcd39a53315e7002f4951a6d2f080d,0x1919db36ca2fa2e15f9000fd9cdc2edcf863e685,1
0x7d544a853dbcd39a53315e7002f4951a6d2f080d,0x83c8f28c26bf6aaca652df1dbbe0e1b56f8baba2,1
0x7d544a853dbcd39a53315e7002f4951a6d2f080d,0xe052113bd7d7700d623414a0a4585bcae754e9d5,1
0x81be7f475e335693fda594abc8b42bb0d873f9a0,0x0f4bc970e348a061b69d05b7e2e5c13eb687e5e3,1
0x81be7f475e335693fda594abc8b42bb0d873f9a0,0x1731bdd386e021a7744282454887a87551725819,1
0x81be7f475e335693fda594abc8b42bb0d873f9a0,0x54b174179ae825ed630da40b625bb3c883cd40ae,1
0x81be7f475e335693fda594abc8b42bb0d873f9a0,0x8ad272ac86c6c88683d9a60eb8ed57e6c304bb0c,1
0x81be7f475e335693fda594abc8b42bb0d873f9a0,0xa958e6e90f570ca0293a01cdbbb6997de5848850,1
0x81be7f475e335693fda594abc8b42bb0d873f9a0,0xbff79922fcbf93f9c30abb22322b271460c6bebb,1
0x83c8f28c26bf6aaca652df1dbbe0e1b56f8baba2,0xeb11f192e91e2d4abff199b58222c89472584bf4,1
0x8ab83d869f2bc250b781d26f6584fd5c562fdd9d,0x020ca66c30bec2c4fe3861a94e4db4a498a35872,1
0x8ab83d869f2bc250b781d26f6584fd5c562fdd9d,0x620b70123fb810f6c653da7644b5dd0b6312e4d8,1
0x8ab83d869f2bc250b781d26f6584fd5c562fdd9d,0x83c8f28c26bf6aaca652df1dbbe0e1b56f8baba2,1
0x8ab83d869f2bc250b781d26f6584fd5c562fdd9d,0xa958e6e90f570ca0293a01cdbbb6997de5848850,1
0x8ab83d869f2bc250b781d26f6584fd5c562fdd9d,0xc16414ac1fedfdac4f8a09674d994e1bbb9d7113,1
0x8ad272ac86c6c88683d9a60eb8ed57e6c304bb0c,0x1731bdd386e021a7744282454887a87551725819,1
0x8ad272ac86c6c88683d9a60eb8ed57e6c304bb0c,0x1919db36ca2fa2e15f9000fd9cdc2edcf863e685,1
0x8ad272ac86c6c88683d9a60eb8ed57e6c304bb0c,0x8ab83d869f2bc250b781d26f6584fd5c562fdd9d,1
0x904778b44bd12a1f7c3f1b95ff3381a952296cd1,0xe052113bd7d7700d623414a0a4585bcae754e9d5,1
0x904778b44bd12a1f7c3f1b95ff3381a952296cd1,0xfc840af78a496b52e378dfa94838402e1b7f71dd,1
0x9048d24577d4c4bbf14f1020f20640b334f8c762,0xc310e760778ecbca4c65b6c559874757a4c4ece0,1
0x975222a8365e6ab51b7867524f77261cd4ece06e,0x6903f3a1540946c34e3a577ad6ffcbe43356dcbe,1
0x975222a8365e6ab51b7867524f77261cd4ece06e,0xea39c551834d07ee2ee87f1ceff843c308e089af,1
0x9cb15c0ed7548a2b6ed8233d82712daf52e8714e,0x11360f0c5552443b33720a44408aba01a809905e,1
0x9cb15c0ed7548a2b6ed8233d82712daf52e8714e,0x2465bd53a0e4f726dc6bf059e07979715c44dc0b,1
0x9cb15c0ed7548a2b6ed8233d82712daf52e8714e,0x33e3c007d1d48e2b645c9ce22570267b0c82f578,1
0x9cb15c0ed7548a2b6ed8233d82712daf52e8714e,0x81be7f475e335693fda594abc8b42bb0d873f9a0,1
0xa3818bc0ab0fc8273f308ba2793e49e10aa1f756,0x904778b44bd12a1f7c3f1b95ff3381a952296cd1,1
0xa6e2e910515e6cf485462eeb6e454df33c60cb0e,0x0e9aed5c7721c642a032812c2c4816f7d6cb87d7,1
0xa6e2e910515e6cf485462eeb6e454df33c60cb0e,0x1919db36ca2fa2e15f9000fd9cdc2edcf863e685,1
0xa6e2e910515e6cf485462eeb6e454df33c60cb0e,0x2c2ed4b3876c442fee80bee76ce0ee2ca2a512af,1
0xa6e2e910515e6cf485462eeb6e454df33c60cb0e,0x54b174179ae825ed630da40b625bb3c883cd40ae,1
0xa6e2e910515e6cf485462eeb6e454df33c60cb0e,0xb3ee5011a7965905cde351ea4905ff4725189a3b,1
0xa6e2e910515e6cf485462eeb6e454df33c60cb0e,0xc40df87e16339f21fbb2e59fb38bf2a957a16ffd,1
0xa6e2e910515e6cf485462eeb6e454df33c60cb0e,0xd387a6e4e84a6c86bd90c158c6028a58cc8ac459,1
0xa6e2e910515e6cf485462eeb6e454df33c60cb0e,0xe052113bd7d7700d623414a0a4585bcae754e9d5,1
0xa6e2e910515e6cf485462eeb6e454df33c60cb0e,0xe18a94a1e60903b1ec39d9104bed27d9a73ad9e2,1
0xa958e6e90f570ca0293a01cdbbb6997de5848850,0x616ed054e0e0fdbfcad3fa2f42daed3d7d4ee448,1
0xa958e6e90f570ca0293a01cdbbb6997de5848850,0x81be7f475e335693fda594abc8b42bb0d873f9a0,1
0xb2a2a6a69e7a0ad66943f4c2869d45a9919cf740,0x0f4bc970e348a061b69d05b7e2e5c13eb687e5e3,1
0xb2a2a6a69e7a0ad66943f4c2869d45a9919cf740,0x8ab83d869f2bc250b781d26f6584fd5c562fdd9d,1
0xb2a2a6a69e7a0ad66943f4c2869d45a9919cf740,0x904778b44bd12a1f7c3f1b95ff3381a952296cd1,1
0xb32b4350c25141e779d392c1dbe857b62b60b4c9,0x07cc65ec4de72fdf7d2b6c39fd80c4ea4706215b,1
0xb32b4350c25141e779d392c1dbe857b62b60b4c9,0x49c3feafddaefc3bed06f4ff87ce86610c2c1076,1
0xb3ee5011a7965905cde351ea4905ff4725189a3b,0x020ca66c30bec2c4fe3861a94e4db4a498a35872,1
0xb3ee5011a7965905cde351ea4905ff4725189a3b,0xeb11f192e91e2d4abff199b58222c89472584bf4,1
0xb53349160e38739b37e4bbfcf950ed26e26fcb41,0x114f1388fab456c4ba31b1850b244eedcd024136,1
0xb53349160e38739b37e4bbfcf950ed26e26fcb41,0x3c6137504c38215fea30605b3e364a23c1d3e14f,1
0xb53349160e38739b37e4bbfcf950ed26e26fcb41,0x53fed1eb683745352886a363cc0b6e3415824ec8,1
0xb53349160e38739b37e4bbfcf950ed26e26fcb41,0x54b174179ae825ed630da40b625bb3c883cd40ae,1
0xb53349160e38739b37e4bbfcf950ed26e26fcb41,0x576b410d17d0cd216f6d87498b12ed1d4642563a,1
0xb53349160e38739b37e4bbfcf950ed26e26fcb41,0x65ab793bd82cf8d9f035d4742b95e2c16a6b8849,1
0xb53349160e38739b37e4bbfcf950ed26e26fcb41,0x701f373df763308d96d8537822e8f9b2bae4e847,1
0xb53349160e38739b37e4bbfcf950ed26e26fcb41,0xb630abd9a5367763b7cba316e870c4a54064cc9f,1
0xb53349160e38739b37e4bbfcf950ed26e26fcb41,0xc310e760778ecbca4c65b6c559874757a4c4ece0,1
0xb630abd9a5367763b7cba316e870c4a54064cc9f,0x0f4bc970e348a061b69d05b7e2e5c13eb687e5e3,1
0xb697b9455eeee9574ec5c5350cb10c8a5b752a39,0x2dab4ce3490bb50b2ea4c07ab1b6a9cfe29d89b3,1
0xb697b9455eeee9574ec5c5350cb10c8a5b752a39,0xa3818bc0ab0fc8273f308ba2793e49e10aa1f756,1
0xb697b9455eeee9574ec5c5350cb10c8a5b752a39,0xb630abd9a5367763b7cba316e870c4a54064cc9f,1
0xb697b9455eeee9574ec5c5350cb10c8a5b752a39,0xc310e760778ecbca4c65b6c559874757a4c4ece0,1
0xb697b9455eeee9574ec5c5350cb10c8a5b752a39,0xd387a6e4e84a6c86bd90c158c6028a58cc8ac459,1
0xb7f7f6c52f2e2fdb1963eab30438024864c313f6,0x38a4d889a1979133fbc1d58f970f0953e3715c26,1
0xb7f7f6c52f2e2fdb1963eab30438024864c313f6,0x46e449a3f88d0e35b4520bc36e8dfda195c896b0,1
0xb7f7f6c52f2e2fdb1963eab30438024864c313f6,0x577ebc5de943e35cdf9ecb5bbe1f7d7cb6c7c647,1
0xb7f7f6c52f2e2fdb1963eab30438024864c313f6,0x701f373df763308d96d8537822e8f9b2bae4e847,1
0xb7f7f6c52f2e2fdb1963eab30438024864c313f6,0x72fae93d08a060a7f0a8919708c0db74ca46cbb6,1
0xb7f7f6c52f2e2fdb1963eab30438024864c313f6,0xc16414ac1fedfdac4f8a09674d994e1bbb9d7113,1
0xbd74c3f96c38478460a0e3c88ac86dd133af72be,0x33e3c007d1d48e2b645c9ce22570267b0c82f578,1
0xbd74c3f96c38478460a0e3c88ac86dd133af72be,0xc310e760778ecbca4c65b6c559874757a4c4ece0,1
0xbd74c3f96c38478460a0e3c88ac86dd133af72be,0xe72eb31b59f85b19499a0f3b3260011894fa0d65,1
0xbdd95abe8a7694ccd77143376b0fbea183e6a740,0xc16414ac1fedfdac4f8a09674d994e1bbb9d7113,1
0xbec69dfce4c1fa8b7843fee1ca85788d84a86b06,0x052564eb0fd8b340803df55def89c25c432f43f4,1
0xbec69dfce4c1fa8b7843fee1ca85788d84a86b06,0x0e9aed5c7721c642a032812c2c4816f7d6cb87d7,1
0xbec69dfce4c1fa8b7843fee1ca85788d84a86b06,0x0f4bc970e348a061b69d05b7e2e5c13eb687e5e3,1
0xbec69dfce4c1fa8b7843fee1ca85788d84a86b06,0x113d754ff2e6ca9fd6ab51932493e4f9dabdf596,1
0xbec69dfce4c1fa8b7843fee1ca85788d84a86b06,0x268d3a8c4701000546dd0bf959bf6c8956cc3e5e,1
0xbec69dfce4c1fa8b7843fee1ca85788d84a86b06,0x38a4d889a1979133fbc1d58f970f0953e3715c26,1
0xbec69dfce4c1fa8b7843fee1ca85788d84a86b06,0x49c3feafddaefc3bed06f4ff87ce86610c2c1076,1
0xbec69dfce4c1fa8b7843fee1ca85788d84a86b06,0x54b174179ae825ed630da40b625bb3c883cd40ae,1
0xbec69dfce4c1fa8b7843fee1ca85788d84a86b06,0x69bab6810fa99475854bca0a3dd72ae6a0728ece,1
0xbff79922fcbf93f9c30abb22322b271460c6bebb,0x020ca66c30bec2c4fe3861a94e4db4a498a35872,1
0xbff79922fcbf93f9c30abb22322b271460c6bebb,0x0e9aed5c7721c642a032812c2c4816f7d6cb87d7,1
0xbff79922fcbf93f9c30abb22322b271460c6bebb,0x49c3feafddaefc3bed06f4ff87ce86610c2c1076,1
0xbff79922fcbf93f9c30abb22322b271460c6bebb,0x8ad272ac86c6c88683d9a60eb8ed57e6c304bb0c,1
0xbff79922fcbf93f9c30abb22322b271460c6bebb,0xb2a2a6a69e7a0ad66943f4c2869d45a9919cf740,1
0xbff79922fcbf93f9c30abb22322b271460c6bebb,0xe18a94a1e60903b1ec39d9104bed27d9a73ad9e2,1
0xc16414ac1fedfdac4f8a09674d994e1bbb9d7113,0x0f4bc970e348a061b69d05b7e2e5c13eb687e5e3,1
0xc16414ac1fedfdac4f8a09674d994e1bbb9d7113,0x46e449a3f88d0e35b4520bc36e8dfda195c896b0,1
0xc16414ac1fedfdac4f8a09674d994e1bbb9d7113,0x8ab83d869f2bc250b781d26f6584fd5c562fdd9d,1
0xc16414ac1fedfdac4f8a09674d994e1bbb9d7113,0xa958e6e90f570ca0293a01cdbbb6997de5848850,1
0xc16414ac1fedfdac4f8a09674d994e1bbb9d7113,0xb630abd9a5367763b7cba316e870c4a54064cc9f,1
0xc16414ac1fedfdac4f8a09674d994e1bbb9d7113,0xd387a6e4e84a6c86bd90c158c6028a58cc8ac459,1
0xc310e760778ecbca4c65b6c559874757a4c4ece0,0x07cc65ec4de72fdf7d2b6c39fd80c4ea4706215b,1
0xc310e760778ecbca4c65b6c559874757a4c4ece0,0x0f4bc970e348a061b69d05b7e2e5c13eb687e5e3,1
0xc310e760778ecbca4c65b6c559874757a4c4ece0,0x1731bdd386e021a7744282454887a87551725819,1
0xc310e760778ecbca4c65b6c559874757a4c4ece0,0x1ff2875cd548eeae6d22f26bae2d72a50fd143c7,1
0xc310e760778ecbca4c65b6c559874757a4c4ece0,0x54b174179ae825ed630da40b625bb3c883cd40ae,1
0xc310e760778ecbca4c65b6c559874757a4c4ece0,0x62bdc64a14405e797f86796ea3c2476209ee0bf9,1
0xc310e760778ecbca4c65b6c559874757a4c4ece0,0x6639c089adfba8bb9968da643c6be208a70d6daa,1
0xc310e760778ecbca4c65b6c559874757a4c4ece0,0x81be7f475e335693fda594abc8b42bb0d873f9a0,1
0xc310e760778ecbca4c65b6c559874757a4c4ece0,0x9048d24577d4c4bbf14f1020f20640b334f8c762,1
0xc310e760778ecbca4c65b6c559874757a4c4ece0,0x9cb15c0ed7548a2b6ed8233d82712daf52e8714e,1
0xc310e760778ecbca4c65b6c559874757a4c4ece0,0xb3ee5011a7965905cde351ea4905ff4725189a3b,1
0xc310e760778ecbca4c65b6c559874757a4c4ece0,0xbff79922fcbf93f9c30abb22322b271460c6bebb,1
0xc310e760778ecbca4c65b6c559874757a4c4ece0,0xeb11f192e91e2d4abff199b58222c89472584bf4,1
0xc352b534e8b987e036a93539fd6897f53488e56a,0x00d7c902fbbcd3c9db2da80a439c94486c50eb81,1
0xc352b534e8b987e036a93539fd6897f53488e56a,0x442dccee68425828c106a3662014b4f131e3bd9b,1
0xc352b534e8b987e036a93539fd6897f53488e56a,0x50664ede715e131f584d3e7eaabd7818bb20a068,1
0xc40df87e16339f21fbb2e59fb38bf2a957a16ffd,0x11360f0c5552443b33720a44408aba01a809905e,1
0xc40df87e16339f21fbb2e59fb38bf2a957a16ffd,0x113d754ff2e6ca9fd6ab51932493e4f9dabdf596,1
0xc40df87e16339f21fbb2e59fb38bf2a957a16ffd,0x1434a8eaa6d3725d44984d674e4f2dd9cc472bf4,1
0xc40df87e16339f21fbb2e59fb38bf2a957a16ffd,0x268d3a8c4701000546dd0bf959bf6c8956cc3e5e,1
0xc40df87e16339f21fbb2e59fb38bf2a957a16ffd,0xc46db2d89327d4c41eb81c43ed5e3dff111f9a8f,1
0xc46db2d89327d4c41eb81c43ed5e3dff111f9a8f,0x1919db36ca2fa2e15f9000fd9cdc2edcf863e685,1
0xc46db2d89327d4c41eb81c43ed5e3dff111f9a8f,0x83c8f28c26bf6aaca652df1dbbe0e1b56f8baba2,1
0xc46db2d89327d4c41eb81c43ed5e3dff111f9a8f,0xbec69dfce4c1fa8b7843fee1ca85788d84a86b06,1
0xc6de15da3b913764a695819b9835c9ea3f80df29,0x4fed1f42ba007d1f7a6f0df4ae100170adb305c6,1
0xc6de15da3b913764a695819b9835c9ea3f80df29,0x80845058350b8c3df5c3015d8a717d64b3bf9267,1
0xd387a6e4e84a6c86bd90c158c6028a58cc8ac459,0x052564eb0fd8b340803df55def89c25c432f43f4,1
0xd387a6e4e84a6c86bd90c158c6028a58cc8ac459,0x1919db36ca2fa2e15f9000fd9cdc2edcf863e685,1
0xd387a6e4e84a6c86bd90c158c6028a58cc8ac459,0x33e3c007d1d48e2b645c9ce22570267b0c82f578,1
0xd387a6e4e84a6c86bd90c158c6028a58cc8ac459,0x4fed1f42ba007d1f7a6f0df4ae100170adb305c6,1
0xd387a6e4e84a6c86bd90c158c6028a58cc8ac459,0x50664ede715e131f584d3e7eaabd7818bb20a068,1
0xd387a6e4e84a6c86bd90c158c6028a58cc8ac459,0x616ed054e0e0fdbfcad3fa2f42daed3d7d4ee448,1
0xd387a6e4e84a6c86bd90c158c6028a58cc8ac459,0xb32b4350c25141e779d392c1dbe857b62b60b4c9,1
0xd387a6e4e84a6c86bd90c158c6028a58cc8ac459,0xb3ee5011a7965905cde351ea4905ff4725189a3b,1
0xd387a6e4e84a6c86bd90c158c6028a58cc8ac459,0xb697b9455eeee9574ec5c5350cb10c8a5b752a39,1
0xd387a6e4e84a6c86bd90c158c6028a58cc8ac459,0xbff79922fcbf93f9c30abb22322b271460c6bebb,1
0xd387a6e4e84a6c86bd90c158c6028a58cc8ac459,0xc352b534e8b987e036a93539fd6897f53488e56a,1
0xd472b0798421159999e3db0aaa2d53bc0d7acfa3,0x54b174179ae825ed630da40b625bb3c883cd40ae,1
0xe052113bd7d7700d623414a0a4585bcae754e9d5,0xa3818bc0ab0fc8273f308ba2793e49e10aa1f756,1
0xe18a94a1e60903b1ec39d9104bed27d9a73ad9e2,0x07cc65ec4de72fdf7d2b6c39fd80c4ea4706215b,1
0xe18a94a1e60903b1ec39d9104bed27d9a73ad9e2,0x1434a8eaa6d3725d44984d674e4f2dd9cc472bf4,1
0xe72eb31b59f85b19499a0f3b3260011894fa0d65,0x577ebc5de943e35cdf9ecb5bbe1f7d7cb6c7c647,1
0xea39c551834d07ee2ee87f1ceff843c308e089af,0x020ca66c30bec2c4fe3861a94e4db4a498a35872,1
0xea39c551834d07ee2ee87f1ceff843c308e089af,0x07cc65ec4de72fdf7d2b6c39fd80c4ea4706215b,1
0xea39c551834d07ee2ee87f1ceff843c308e089af,0xd472b0798421159999e3db0aaa2d53bc0d7acfa3,1
0xea39c551834d07ee2ee87f1ceff843c308e089af,0xfc840af78a496b52e378dfa94838402e1b7f71dd,1
0xeb11f192e91e2d4abff199b58222c89472584bf4,0x2c2ed4b3876c442fee80bee76ce0ee2ca2a512af,1
0xf05155f792819710da259c103d30e4b70178ea9f,0x1919db36ca2fa2e15f9000fd9cdc2edcf863e685,1
0xf05155f792819710da259c103d30e4b70178ea9f,0xc16414ac1fedfdac4f8a09674d994e1bbb9d7113,1
0xfc840af78a496b52e378dfa94838402e1b7f71dd,0x702890594bd8944d22804b32965cbf5bccca9c12,1
0xfc840af78a496b52e378dfa94838402e1b7f71dd,0x9048d24577d4c4bbf14f1020f20640b334f8c762,1
