target,source,value
0x59d484a88823f90c25b7d6278a1d86116aee223d,0xdcf809bba1d9ee75c6991f1e2974163cf2555418,238
0xdcf809bba1d9ee75c6991f1e2974163cf2555418,0x59d484a88823f90c25b7d6278a1d86116aee223d,238
0x86632848578699919df3944fba490a614ed762a3,0x28d804bf2212e220bc2b7b6252993db8286df07f,176
0x1337f7970e8399ccbc625647fce58a9dada5aa66,0x30093f4c35626a182f179496ffbf6da6a2ce47f2,147
0x9726041047644626468922598128349778349982,0xa66734d48d564e4e1c016c8d2ea2e9131b41c1ad,132
0xa357f162fe9c383edeee81fbc905c4bc7fca166f,0xdcf809bba1d9ee75c6991f1e2974163cf2555418,86
0xdcf809bba1d9ee75c6991f1e2974163cf2555418,0xa357f162fe9c383edeee81fbc905c4bc7fca166f,86
0x43a330dec81bbd5e21f41c6b8354e54d481efc93,0x7b7785abbfed1f47315b77d11b37159294c7c8d0,67
0xa1175a219dac539f2291377f77afd786d20e5882,0xa357f162fe9c383edeee81fbc905c4bc7fca166f,42
0xb59825afbba29d5257f877a8a64265c3a10fc2ab,0xaaa3f05f25eed87ee3a268f4582ec914e6245577,42
0x9726041047644626468922598128349778349982,0x55e1490a1878d0b61811726e2cb96560022e764c,40
0x61e0841d103d77325e7743d1ff7117efe7c2c9f6,0xb3f3658bf332ba6c9c0cc5bc1201caba7ada819b,36
0x23324ed44904260fe555b18e5ba95c6030b9227d,0xa66734d48d564e4e1c016c8d2ea2e9131b41c1ad,32
0x930af7923b8b5f8d3461ad1999ceeb8a62884b19,0xa66734d48d564e4e1c016c8d2ea2e9131b41c1ad,32
0x56bfeddfb2591615cf86c71faf5b8f5adf24e3c8,0x43a330dec81bbd5e21f41c6b8354e54d481efc93,29
0x372812e9891b2a8f2c8d7788ad3d90a0826d73c6,0xdcf809bba1d9ee75c6991f1e2974163cf2555418,28
0xdcf809bba1d9ee75c6991f1e2974163cf2555418,0x372812e9891b2a8f2c8d7788ad3d90a0826d73c6,28
0xaaa3f05f25eed87ee3a268f4582ec914e6245577,0x4f4bbe22192dead2650463ee871aedcfaf4deefd,27
0x44dc2ec15b3483fc8590f6b396cea5f8f2fbf3bd,0x96dc89dbe84970ee42a2f0b35fb50599e6745ff8,23
0x38a4d889a1979133fbc1d58f970f0953e3715c26,0xa66734d48d564e4e1c016c8d2ea2e9131b41c1ad,20
0x87c4f83123d6c8c74483cc62b34151b1aa156b61,0xe4af2493bb1f8d86c82a3bb631fd243f73da529c,20
0x9726041047644626468922598128349778349982,0x0006e4548aed4502ec8c844567840ce6ef1013f5,20
0x9f533382024f02632c832ea2b66f4bbb1dbc4087,0x49ee33799264a9ab74f4905d0ffe70f47654bb38,20
0x9f533382024f02632c832ea2b66f4bbb1dbc4087,0x5398850a9399da87624874704feaa8a9c6c4089b,20
0xa66734d48d564e4e1c016c8d2ea2e9131b41c1ad,0x0ebac44fca2453616da415c0be23529920fb8223,20
0x8cb8f79ae7ade73ec16fbaf33c86583aa7dfb5a3,0x450638daf0caedbdd9f8cb4a41fa1b24788b123e,14
0xbb004852594c9591ebd3528fd18acc3292ba84ea,0xa66734d48d564e4e1c016c8d2ea2e9131b41c1ad,13
0x0ebac44fca2453616da415c0be23529920fb8223,0xa66734d48d564e4e1c016c8d2ea2e9131b41c1ad,11
0xb59825afbba29d5257f877a8a64265c3a10fc2ab,0x450638daf0caedbdd9f8cb4a41fa1b24788b123e,11
0x259f962e77262ee8d97cc6a112d0e0321323ea0d,0x450638daf0caedbdd9f8cb4a41fa1b24788b123e,10
0x67941779e59cefdbc61af9cb047d44c173301795,0xa66734d48d564e4e1c016c8d2ea2e9131b41c1ad,9
0x8842a9c8dcb147a19ad46c3d80e10e22ba286638,0xa96d5fef3029a46a31bf4865cfde08684a8b9bb3,9
0xa66734d48d564e4e1c016c8d2ea2e9131b41c1ad,0x67941779e59cefdbc61af9cb047d44c173301795,9
0x1eeb82a8cd3bcec675ebbf29ee8192106a59c6af,0xe4af2493bb1f8d86c82a3bb631fd243f73da529c,8
0x5398850a9399da87624874704feaa8a9c6c4089b,0xdcf809bba1d9ee75c6991f1e2974163cf2555418,8
0x895d331d3d8914c023b72b1df29426d742d571eb,0xdcf809bba1d9ee75c6991f1e2974163cf2555418,8
0x91e371c3cd3aa81af27b1602d4d8cf9d81ec5a90,0xdcf809bba1d9ee75c6991f1e2974163cf2555418,8
0x96dc89dbe84970ee42a2f0b35fb50599e6745ff8,0x44dc2ec15b3483fc8590f6b396cea5f8f2fbf3bd,8
0xc887fadc6baaa8cd234d9104a65b37265522b024,0x450638daf0caedbdd9f8cb4a41fa1b24788b123e,8
0xdcf809bba1d9ee75c6991f1e2974163cf2555418,0x5398850a9399da87624874704feaa8a9c6c4089b,8
0xdcf809bba1d9ee75c6991f1e2974163cf2555418,0x895d331d3d8914c023b72b1df29426d742d571eb,8
0xdcf809bba1d9ee75c6991f1e2974163cf2555418,0x91e371c3cd3aa81af27b1602d4d8cf9d81ec5a90,8
0x91e371c3cd3aa81af27b1602d4d8cf9d81ec5a90,0xa66734d48d564e4e1c016c8d2ea2e9131b41c1ad,6
0x0722692deb9c7b0b910c75e7d07c25a0ce920fe2,0xdcf809bba1d9ee75c6991f1e2974163cf2555418,5
0x28d804bf2212e220bc2b7b6252993db8286df07f,0x23c0bae29b2c92d90ebdf2b78ff86f1cb1bb667d,5
0x30093f4c35626a182f179496ffbf6da6a2ce47f2,0x59d484a88823f90c25b7d6278a1d86116aee223d,5
0x30093f4c35626a182f179496ffbf6da6a2ce47f2,0xf8cc874fe4696131725018138fc4bb44866433e0,5
0x91e371c3cd3aa81af27b1602d4d8cf9d81ec5a90,0x67941779e59cefdbc61af9cb047d44c173301795,5
0xa66734d48d564e4e1c016c8d2ea2e9131b41c1ad,0x42d0ed91b55065fabcfb9ab3516437d01430c0e6,5
0xbad2e065edc215cb54a0e78391fb2abcb173f77d,0x450638daf0caedbdd9f8cb4a41fa1b24788b123e,5
0xbb004852594c9591ebd3528fd18acc3292ba84ea,0x930af7923b8b5f8d3461ad1999ceeb8a62884b19,5
0xdcf809bba1d9ee75c6991f1e2974163cf2555418,0x0722692deb9c7b0b910c75e7d07c25a0ce920fe2,5
0xe0a36ce07ea9bd3719a03a28948d398a8a093059,0xa1175a219dac539f2291377f77afd786d20e5882,5
0x02a5cbbb6ca999812968f4f035c7ecc59c830128,0x59d484a88823f90c25b7d6278a1d86116aee223d,4
0x10fe160dae09a8d2fce9d19767f0e888237cdae1,0xa96d5fef3029a46a31bf4865cfde08684a8b9bb3,4
0x28d804bf2212e220bc2b7b6252993db8286df07f,0x59d484a88823f90c25b7d6278a1d86116aee223d,4
0x28d804bf2212e220bc2b7b6252993db8286df07f,0xa1175a219dac539f2291377f77afd786d20e5882,4
0x35e057137060cd397bd82e3dff54beba480e7012,0xdcf809bba1d9ee75c6991f1e2974163cf2555418,4
0x42d0ed91b55065fabcfb9ab3516437d01430c0e6,0xa66734d48d564e4e1c016c8d2ea2e9131b41c1ad,4
0x44dc2ec15b3483fc8590f6b396cea5f8f2fbf3bd,0xec6d36a487d85cf562b7b8464ce8dc60637362ac,4
0x59d484a88823f90c25b7d6278a1d86116aee223d,0x42d0ed91b55065fabcfb9ab3516437d01430c0e6,4
0x81151729760b98a6680b82df40165b41a8c9f5e2,0x052564eb0fd8b340803df55def89c25c432f43f4,4
0x9044ff973720bad47c16de225c59fa42629e1794,0x3c2b4bdcd2f742c55186fc599cb733a127e2b8ab,4
0x96dc89dbe84970ee42a2f0b35fb50599e6745ff8,0x450638daf0caedbdd9f8cb4a41fa1b24788b123e,4
0xdcf809bba1d9ee75c6991f1e2974163cf2555418,0x35e057137060cd397bd82e3dff54beba480e7012,4
0xfc7092d1e9133ff09607a9eff4edaf87bd4e1800,0xd71a41ec000089ae99873afb4d15cc7d54dd95bc,4
0x04212b21b40631d4de9653e5ec751267c2599d11,0x39b2bd7b6362f5282b98a3f5cf779e2b3457f82b,3
0x04212b21b40631d4de9653e5ec751267c2599d11,0xe72eb31b59f85b19499a0f3b3260011894fa0d65,3
0x052564eb0fd8b340803df55def89c25c432f43f4,0x2e5e227280b1d5ee28500a9000296c112dc8efc5,3
0x077dbad02c2f5b965758dfc78c1561ba96548bc6,0x895d331d3d8914c023b72b1df29426d742d571eb,3
0x0e277a62b93758eb5dbd70cc9588c10813aa3799,0x0417926c1504f17892cff3b0d0feeda89c711fce,3
0x10fe160dae09a8d2fce9d19767f0e888237cdae1,0x450638daf0caedbdd9f8cb4a41fa1b24788b123e,3
0x113d754ff2e6ca9fd6ab51932493e4f9dabdf596,0x7b7785abbfed1f47315b77d11b37159294c7c8d0,3
0x30093f4c35626a182f179496ffbf6da6a2ce47f2,0x372812e9891b2a8f2c8d7788ad3d90a0826d73c6,3
0x38a4d889a1979133fbc1d58f970f0953e3715c26,0x80845058350b8c3df5c3015d8a717d64b3bf9267,3
0x44dc2ec15b3483fc8590f6b396cea5f8f2fbf3bd,0x450638daf0caedbdd9f8cb4a41fa1b24788b123e,3
0x475b6ff6603f17177b7e419d1ad2791fb82a3a56,0x450638daf0caedbdd9f8cb4a41fa1b24788b123e,3
0x5f7670321668e6db551e39e7a5dff443d42dc97f,0xe72eb31b59f85b19499a0f3b3260011894fa0d65,3
0x63748140c409b490952c37dae5a60715bf915129,0x930af7923b8b5f8d3461ad1999ceeb8a62884b19,3
0x63748140c409b490952c37dae5a60715bf915129,0xc57d11d3d47873f490bdfd1b18ece28851bec5b5,3
0x81151729760b98a6680b82df40165b41a8c9f5e2,0x930af7923b8b5f8d3461ad1999ceeb8a62884b19,3
0x96dc89dbe84970ee42a2f0b35fb50599e6745ff8,0x2e5e227280b1d5ee28500a9000296c112dc8efc5,3
0x96dc89dbe84970ee42a2f0b35fb50599e6745ff8,0x3c2b4bdcd2f742c55186fc599cb733a127e2b8ab,3
0xa66734d48d564e4e1c016c8d2ea2e9131b41c1ad,0xafbc3f98eedb5f9a25a4ab2232d1346612efe77c,3
0xafbc3f98eedb5f9a25a4ab2232d1346612efe77c,0xa66734d48d564e4e1c016c8d2ea2e9131b41c1ad,3
0xb3f3658bf332ba6c9c0cc5bc1201caba7ada819b,0xa1175a219dac539f2291377f77afd786d20e5882,3
0xc887fadc6baaa8cd234d9104a65b37265522b024,0x930af7923b8b5f8d3461ad1999ceeb8a62884b19,3
0x0006e4548aed4502ec8c844567840ce6ef1013f5,0xdd3767abcab26f261e2508a1da1914053c7dda78,2
0x009988ff77eeaa00051238ee32c48f10a174933e,0xe468ce99444174bd3bbbed09209577d25d1ad673,2
0x018d917cb42af65a069ae7e88a327f97b0b62294,0x35e057137060cd397bd82e3dff54beba480e7012,2
0x018d917cb42af65a069ae7e88a327f97b0b62294,0xc57d11d3d47873f490bdfd1b18ece28851bec5b5,2
0x02a5cbbb6ca999812968f4f035c7ecc59c830128,0x3c2b4bdcd2f742c55186fc599cb733a127e2b8ab,2
0x04212b21b40631d4de9653e5ec751267c2599d11,0x475b6ff6603f17177b7e419d1ad2791fb82a3a56,2
0x077dbad02c2f5b965758dfc78c1561ba96548bc6,0x67941779e59cefdbc61af9cb047d44c173301795,2
0x077dbad02c2f5b965758dfc78c1561ba96548bc6,0x80845058350b8c3df5c3015d8a717d64b3bf9267,2
0x077dbad02c2f5b965758dfc78c1561ba96548bc6,0xa66734d48d564e4e1c016c8d2ea2e9131b41c1ad,2
0x09b3ed5392df96c5691a5c3e793acb4dc47d089e,0xc57d11d3d47873f490bdfd1b18ece28851bec5b5,2
0x0e277a62b93758eb5dbd70cc9588c10813aa3799,0x475b6ff6603f17177b7e419d1ad2791fb82a3a56,2
0x0e277a62b93758eb5dbd70cc9588c10813aa3799,0xdd3767abcab26f261e2508a1da1914053c7dda78,2
0x10fe160dae09a8d2fce9d19767f0e888237cdae1,0xc57d11d3d47873f490bdfd1b18ece28851bec5b5,2
0x113d754ff2e6ca9fd6ab51932493e4f9dabdf596,0x42d0ed91b55065fabcfb9ab3516437d01430c0e6,2
0x113d754ff2e6ca9fd6ab51932493e4f9dabdf596,0x80845058350b8c3df5c3015d8a717d64b3bf9267,2
0x1b9d39da4aab19dccfbc17a16f876effcc73eafd,0xad1cc527e94f15b47af2d54949912986a028f6c5,2
0x224ce899f5124ee40c1fdcb791383e628a4caae0,0x372812e9891b2a8f2c8d7788ad3d90a0826d73c6,2
0x259f962e77262ee8d97cc6a112d0e0321323ea0d,0x39b2bd7b6362f5282b98a3f5cf779e2b3457f82b,2
0x259f962e77262ee8d97cc6a112d0e0321323ea0d,0xc543330faaea16cf42d2973658e0036285b2ee25,2
0x28d804bf2212e220bc2b7b6252993db8286df07f,0x3c2b4bdcd2f742c55186fc599cb733a127e2b8ab,2
0x28d804bf2212e220bc2b7b6252993db8286df07f,0x42d0ed91b55065fabcfb9ab3516437d01430c0e6,2
0x30093f4c35626a182f179496ffbf6da6a2ce47f2,0x2e5e227280b1d5ee28500a9000296c112dc8efc5,2
0x30093f4c35626a182f179496ffbf6da6a2ce47f2,0xe72eb31b59f85b19499a0f3b3260011894fa0d65,2
0x38a4d889a1979133fbc1d58f970f0953e3715c26,0xc543330faaea16cf42d2973658e0036285b2ee25,2
0x39b2bd7b6362f5282b98a3f5cf779e2b3457f82b,0xe8616eab82aa739e532ab72f75bebb8e3238c583,2
0x3c2b4bdcd2f742c55186fc599cb733a127e2b8ab,0x0ebac44fca2453616da415c0be23529920fb8223,2
0x3c6137504c38215fea30605b3e364a23c1d3e14f,0x2e5e227280b1d5ee28500a9000296c112dc8efc5,2
0x49ee33799264a9ab74f4905d0ffe70f47654bb38,0x450638daf0caedbdd9f8cb4a41fa1b24788b123e,2
0x63748140c409b490952c37dae5a60715bf915129,0x23c0bae29b2c92d90ebdf2b78ff86f1cb1bb667d,2
0x63748140c409b490952c37dae5a60715bf915129,0x38a4d889a1979133fbc1d58f970f0953e3715c26,2
0x81151729760b98a6680b82df40165b41a8c9f5e2,0x450638daf0caedbdd9f8cb4a41fa1b24788b123e,2
0x87c4f83123d6c8c74483cc62b34151b1aa156b61,0xf8cc874fe4696131725018138fc4bb44866433e0,2
0x8842a9c8dcb147a19ad46c3d80e10e22ba286638,0x0e277a62b93758eb5dbd70cc9588c10813aa3799,2
0x8842a9c8dcb147a19ad46c3d80e10e22ba286638,0xc887fadc6baaa8cd234d9104a65b37265522b024,2
0x9044ff973720bad47c16de225c59fa42629e1794,0x61e0841d103d77325e7743d1ff7117efe7c2c9f6,2
0x9044ff973720bad47c16de225c59fa42629e1794,0xafbc3f98eedb5f9a25a4ab2232d1346612efe77c,2
0x91e371c3cd3aa81af27b1602d4d8cf9d81ec5a90,0x895d331d3d8914c023b72b1df29426d742d571eb,2
0xa357f162fe9c383edeee81fbc905c4bc7fca166f,0x67941779e59cefdbc61af9cb047d44c173301795,2
0xa66734d48d564e4e1c016c8d2ea2e9131b41c1ad,0xe72eb31b59f85b19499a0f3b3260011894fa0d65,2
0xac768d475e39fb9a3588ed342054c8007cc063c7,0xc57d11d3d47873f490bdfd1b18ece28851bec5b5,2
0xaeaf973270d08ed3c105edc33bd517a1afcf8e15,0x265cdd11b3abb0432a35300f6afb214777280817,2
0xb59825afbba29d5257f877a8a64265c3a10fc2ab,0x224ce899f5124ee40c1fdcb791383e628a4caae0,2
0xb630abd9a5367763b7cba316e870c4a54064cc9f,0x35e057137060cd397bd82e3dff54beba480e7012,2
0xbad2e065edc215cb54a0e78391fb2abcb173f77d,0xec6d36a487d85cf562b7b8464ce8dc60637362ac,2
0xbb214c93187e55cb74d24da8e44717aed3045cb8,0x450638daf0caedbdd9f8cb4a41fa1b24788b123e,2
0xc887fadc6baaa8cd234d9104a65b37265522b024,0x38a4d889a1979133fbc1d58f970f0953e3715c26,2
0xd71a41ec000089ae99873afb4d15cc7d54dd95bc,0x91e371c3cd3aa81af27b1602d4d8cf9d81ec5a90,2
0xdd3767abcab26f261e2508a1da1914053c7dda78,0x2e5e227280b1d5ee28500a9000296c112dc8efc5,2
0xe0a36ce07ea9bd3719a03a28948d398a8a093059,0x04cf1f492f3081c42a2bb3637ec207d1af667173,2
0xe0a36ce07ea9bd3719a03a28948d398a8a093059,0x23c0bae29b2c92d90ebdf2b78ff86f1cb1bb667d,2
0xe0a36ce07ea9bd3719a03a28948d398a8a093059,0x265cdd11b3abb0432a35300f6afb214777280817,2
0xe0a36ce07ea9bd3719a03a28948d398a8a093059,0x87c4f83123d6c8c74483cc62b34151b1aa156b61,2
0xe0a36ce07ea9bd3719a03a28948d398a8a093059,0x930af7923b8b5f8d3461ad1999ceeb8a62884b19,2
0xe468ce99444174bd3bbbed09209577d25d1ad673,0x009988ff77eeaa00051238ee32c48f10a174933e,2
0xfc7092d1e9133ff09607a9eff4edaf87bd4e1800,0xe72eb31b59f85b19499a0f3b3260011894fa0d65,2
0x009988ff77eeaa00051238ee32c48f10a174933e,0x35e057137060cd397bd82e3dff54beba480e7012,1
0x018d917cb42af65a069ae7e88a327f97b0b62294,0x09b3ed5392df96c5691a5c3e793acb4dc47d089e,1
0x018d917cb42af65a069ae7e88a327f97b0b62294,0x39b2bd7b6362f5282b98a3f5cf779e2b3457f82b,1
0x018d917cb42af65a069ae7e88a327f97b0b62294,0x42d0ed91b55065fabcfb9ab3516437d01430c0e6,1
0x018d917cb42af65a069ae7e88a327f97b0b62294,0xa1175a219dac539f2291377f77afd786d20e5882,1
0x018d917cb42af65a069ae7e88a327f97b0b62294,0xbb214c93187e55cb74d24da8e44717aed3045cb8,1
0x018d917cb42af65a069ae7e88a327f97b0b62294,0xf8cc874fe4696131725018138fc4bb44866433e0,1
0x02a5cbbb6ca999812968f4f035c7ecc59c830128,0x04cf1f492f3081c42a2bb3637ec207d1af667173,1
0x02a5cbbb6ca999812968f4f035c7ecc59c830128,0x42d0ed91b55065fabcfb9ab3516437d01430c0e6,1
0x02a5cbbb6ca999812968f4f035c7ecc59c830128,0x475b6ff6603f17177b7e419d1ad2791fb82a3a56,1
0x02a5cbbb6ca999812968f4f035c7ecc59c830128,0x930af7923b8b5f8d3461ad1999ceeb8a62884b19,1
0x02a5cbbb6ca999812968f4f035c7ecc59c830128,0xa1175a219dac539f2291377f77afd786d20e5882,1
0x02a5cbbb6ca999812968f4f035c7ecc59c830128,0xafbc3f98eedb5f9a25a4ab2232d1346612efe77c,1
0x02a5cbbb6ca999812968f4f035c7ecc59c830128,0xb59825afbba29d5257f877a8a64265c3a10fc2ab,1
0x02a5cbbb6ca999812968f4f035c7ecc59c830128,0xe8616eab82aa739e532ab72f75bebb8e3238c583,1
0x02a5cbbb6ca999812968f4f035c7ecc59c830128,0xec6d36a487d85cf562b7b8464ce8dc60637362ac,1
0x04212b21b40631d4de9653e5ec751267c2599d11,0x930af7923b8b5f8d3461ad1999ceeb8a62884b19,1
0x04212b21b40631d4de9653e5ec751267c2599d11,0xd71a41ec000089ae99873afb4d15cc7d54dd95bc,1
0x04cf1f492f3081c42a2bb3637ec207d1af667173,0x87c4f83123d6c8c74483cc62b34151b1aa156b61,1
0x04cf1f492f3081c42a2bb3637ec207d1af667173,0xa1175a219dac539f2291377f77afd786d20e5882,1
0x04cf1f492f3081c42a2bb3637ec207d1af667173,0xac768d475e39fb9a3588ed342054c8007cc063c7,1
0x04cf1f492f3081c42a2bb3637ec207d1af667173,0xc34f37006cb57957b5296e9d7cd4f71958ec0b8f,1
0x0722692deb9c7b0b910c75e7d07c25a0ce920fe2,0x04cf1f492f3081c42a2bb3637ec207d1af667173,1
0x077dbad02c2f5b965758dfc78c1561ba96548bc6,0x3199a37ff1411acf56869b80de66b442572e71b2,1
0x077dbad02c2f5b965758dfc78c1561ba96548bc6,0x49ee33799264a9ab74f4905d0ffe70f47654bb38,1
0x077dbad02c2f5b965758dfc78c1561ba96548bc6,0x56bfeddfb2591615cf86c71faf5b8f5adf24e3c8,1
0x09b3ed5392df96c5691a5c3e793acb4dc47d089e,0x265cdd11b3abb0432a35300f6afb214777280817,1
0x09b3ed5392df96c5691a5c3e793acb4dc47d089e,0xa1175a219dac539f2291377f77afd786d20e5882,1
0x09b3ed5392df96c5691a5c3e793acb4dc47d089e,0xc77fa6c05b4e472feee7c0f9b20e70c5bf33a99b,1
0x0e277a62b93758eb5dbd70cc9588c10813aa3799,0x49ee33799264a9ab74f4905d0ffe70f47654bb38,1
0x0e277a62b93758eb5dbd70cc9588c10813aa3799,0xc0ffee22f360792a89db39f159f103daafe9c57d,1
0x10fe160dae09a8d2fce9d19767f0e888237cdae1,0x0006e4548aed4502ec8c844567840ce6ef1013f5,1
0x10fe160dae09a8d2fce9d19767f0e888237cdae1,0x009988ff77eeaa00051238ee32c48f10a174933e,1
0x10fe160dae09a8d2fce9d19767f0e888237cdae1,0x09b3ed5392df96c5691a5c3e793acb4dc47d089e,1
0x10fe160dae09a8d2fce9d19767f0e888237cdae1,0x43a330dec81bbd5e21f41c6b8354e54d481efc93,1
0x10fe160dae09a8d2fce9d19767f0e888237cdae1,0xad1cc527e94f15b47af2d54949912986a028f6c5,1
0x113d754ff2e6ca9fd6ab51932493e4f9dabdf596,0x0ebac44fca2453616da415c0be23529920fb8223,1
0x113d754ff2e6ca9fd6ab51932493e4f9dabdf596,0x56bfeddfb2591615cf86c71faf5b8f5adf24e3c8,1
0x113d754ff2e6ca9fd6ab51932493e4f9dabdf596,0x67941779e59cefdbc61af9cb047d44c173301795,1
0x1b9d39da4aab19dccfbc17a16f876effcc73eafd,0x052564eb0fd8b340803df55def89c25c432f43f4,1
0x1b9d39da4aab19dccfbc17a16f876effcc73eafd,0x0ebac44fca2453616da415c0be23529920fb8223,1
0x1b9d39da4aab19dccfbc17a16f876effcc73eafd,0x930af7923b8b5f8d3461ad1999ceeb8a62884b19,1
0x1b9d39da4aab19dccfbc17a16f876effcc73eafd,0xec6d36a487d85cf562b7b8464ce8dc60637362ac,1
0x224ce899f5124ee40c1fdcb791383e628a4caae0,0xac768d475e39fb9a3588ed342054c8007cc063c7,1
0x23324ed44904260fe555b18e5ba95c6030b9227d,0x04cf1f492f3081c42a2bb3637ec207d1af667173,1
0x23324ed44904260fe555b18e5ba95c6030b9227d,0x1eeb82a8cd3bcec675ebbf29ee8192106a59c6af,1
0x259f962e77262ee8d97cc6a112d0e0321323ea0d,0x3b3525f60eeea4a1ef554df5425912c2a532875d,1
0x259f962e77262ee8d97cc6a112d0e0321323ea0d,0xa96d5fef3029a46a31bf4865cfde08684a8b9bb3,1
0x259f962e77262ee8d97cc6a112d0e0321323ea0d,0xafbc3f98eedb5f9a25a4ab2232d1346612efe77c,1
0x259f962e77262ee8d97cc6a112d0e0321323ea0d,0xb630abd9a5367763b7cba316e870c4a54064cc9f,1
0x265cdd11b3abb0432a35300f6afb214777280817,0x38a4d889a1979133fbc1d58f970f0953e3715c26,1
0x265cdd11b3abb0432a35300f6afb214777280817,0xac768d475e39fb9a3588ed342054c8007cc063c7,1
0x265cdd11b3abb0432a35300f6afb214777280817,0xad1cc527e94f15b47af2d54949912986a028f6c5,1
0x265cdd11b3abb0432a35300f6afb214777280817,0xc57d11d3d47873f490bdfd1b18ece28851bec5b5,1
0x28d804bf2212e220bc2b7b6252993db8286df07f,0x0006e4548aed4502ec8c844567840ce6ef1013f5,1
0x28d804bf2212e220bc2b7b6252993db8286df07f,0x1eeb82a8cd3bcec675ebbf29ee8192106a59c6af,1
0x28d804bf2212e220bc2b7b6252993db8286df07f,0x265cdd11b3abb0432a35300f6afb214777280817,1
0x28d804bf2212e220bc2b7b6252993db8286df07f,0x475b6ff6603f17177b7e419d1ad2791fb82a3a56,1
0x28d804bf2212e220bc2b7b6252993db8286df07f,0xaaa3f05f25eed87ee3a268f4582ec914e6245577,1
0x28d804bf2212e220bc2b7b6252993db8286df07f,0xac768d475e39fb9a3588ed342054c8007cc063c7,1
0x28d804bf2212e220bc2b7b6252993db8286df07f,0xc77fa6c05b4e472feee7c0f9b20e70c5bf33a99b,1
0x30093f4c35626a182f179496ffbf6da6a2ce47f2,0x0ebac44fca2453616da415c0be23529920fb8223,1
0x30093f4c35626a182f179496ffbf6da6a2ce47f2,0x1eeb82a8cd3bcec675ebbf29ee8192106a59c6af,1
0x30093f4c35626a182f179496ffbf6da6a2ce47f2,0x23c0bae29b2c92d90ebdf2b78ff86f1cb1bb667d,1
0x30093f4c35626a182f179496ffbf6da6a2ce47f2,0x38a4d889a1979133fbc1d58f970f0953e3715c26,1
0x30093f4c35626a182f179496ffbf6da6a2ce47f2,0x3c2b4bdcd2f742c55186fc599cb733a127e2b8ab,1
0x30093f4c35626a182f179496ffbf6da6a2ce47f2,0x930af7923b8b5f8d3461ad1999ceeb8a62884b19,1
0x30093f4c35626a182f179496ffbf6da6a2ce47f2,0xad1cc527e94f15b47af2d54949912986a028f6c5,1
0x30093f4c35626a182f179496ffbf6da6a2ce47f2,0xbb214c93187e55cb74d24da8e44717aed3045cb8,1
0x30093f4c35626a182f179496ffbf6da6a2ce47f2,0xc34f37006cb57957b5296e9d7cd4f71958ec0b8f,1
0x30093f4c35626a182f179496ffbf6da6a2ce47f2,0xc77fa6c05b4e472feee7c0f9b20e70c5bf33a99b,1
0x30093f4c35626a182f179496ffbf6da6a2ce47f2,0xec6d36a487d85cf562b7b8464ce8dc60637362ac,1
0x35e057137060cd397bd82e3dff54beba480e7012,0x43a330dec81bbd5e21f41c6b8354e54d481efc93,1
0x35e057137060cd397bd82e3dff54beba480e7012,0x67941779e59cefdbc61af9cb047d44c173301795,1
0x35e057137060cd397bd82e3dff54beba480e7012,0x895d331d3d8914c023b72b1df29426d742d571eb,1
0x35e057137060cd397bd82e3dff54beba480e7012,0xac768d475e39fb9a3588ed342054c8007cc063c7,1
0x35e057137060cd397bd82e3dff54beba480e7012,0xc57d11d3d47873f490bdfd1b18ece28851bec5b5,1
0x38a4d889a1979133fbc1d58f970f0953e3715c26,0x009988ff77eeaa00051238ee32c48f10a174933e,1
0x38a4d889a1979133fbc1d58f970f0953e3715c26,0x077dbad02c2f5b965758dfc78c1561ba96548bc6,1
0x38a4d889a1979133fbc1d58f970f0953e3715c26,0x80d50ad51fa01044ada9bea7e3cad20af839cb3c,1
0x38a4d889a1979133fbc1d58f970f0953e3715c26,0x895d331d3d8914c023b72b1df29426d742d571eb,1
0x3912779a96bde42eda610c7acb103ce624d7145a,0x23c0bae29b2c92d90ebdf2b78ff86f1cb1bb667d,1
0x3912779a96bde42eda610c7acb103ce624d7145a,0x265cdd11b3abb0432a35300f6afb214777280817,1
0x3912779a96bde42eda610c7acb103ce624d7145a,0x3c2b4bdcd2f742c55186fc599cb733a127e2b8ab,1
0x3912779a96bde42eda610c7acb103ce624d7145a,0xc543330faaea16cf42d2973658e0036285b2ee25,1
0x3912779a96bde42eda610c7acb103ce624d7145a,0xc77fa6c05b4e472feee7c0f9b20e70c5bf33a99b,1
0x3912779a96bde42eda610c7acb103ce624d7145a,0xe468ce99444174bd3bbbed09209577d25d1ad673,1
0x3912779a96bde42eda610c7acb103ce624d7145a,0xf8cc874fe4696131725018138fc4bb44866433e0,1
0x39b2bd7b6362f5282b98a3f5cf779e2b3457f82b,0x35e057137060cd397bd82e3dff54beba480e7012,1
0x39b2bd7b6362f5282b98a3f5cf779e2b3457f82b,0x43a330dec81bbd5e21f41c6b8354e54d481efc93,1
0x3b3525f60eeea4a1ef554df5425912c2a532875d,0x052564eb0fd8b340803df55def89c25c432f43f4,1
0x3b3525f60eeea4a1ef554df5425912c2a532875d,0xa1175a219dac539f2291377f77afd786d20e5882,1
0x3b3525f60eeea4a1ef554df5425912c2a532875d,0xad1cc527e94f15b47af2d54949912986a028f6c5,1
0x3b3525f60eeea4a1ef554df5425912c2a532875d,0xb630abd9a5367763b7cba316e870c4a54064cc9f,1
0x3b3525f60eeea4a1ef554df5425912c2a532875d,0xc57d11d3d47873f490bdfd1b18ece28851bec5b5,1
0x3b3525f60eeea4a1ef554df5425912c2a532875d,0xd71a41ec000089ae99873afb4d15cc7d54dd95bc,1
0x3c2b4bdcd2f742c55186fc599cb733a127e2b8ab,0x052564eb0fd8b340803df55def89c25c432f43f4,1
0x3c2b4bdcd2f742c55186fc599cb733a127e2b8ab,0x372812e9891b2a8f2c8d7788ad3d90a0826d73c6,1
0x3c2b4bdcd2f742c55186fc599cb733a127e2b8ab,0x42d0ed91b55065fabcfb9ab3516437d01430c0e6,1
0x3c2b4bdcd2f742c55186fc599cb733a127e2b8ab,0x43a330dec81bbd5e21f41c6b8354e54d481efc93,1
0x3c2b4bdcd2f742c55186fc599cb733a127e2b8ab,0x80d50ad51fa01044ada9bea7e3cad20af839cb3c,1
0x3c2b4bdcd2f742c55186fc599cb733a127e2b8ab,0x930af7923b8b5f8d3461ad1999ceeb8a62884b19,1
0x3c2b4bdcd2f742c55186fc599cb733a127e2b8ab,0xb59825afbba29d5257f877a8a64265c3a10fc2ab,1
0x3c2b4bdcd2f742c55186fc599cb733a127e2b8ab,0xb630abd9a5367763b7cba316e870c4a54064cc9f,1
0x3c2b4bdcd2f742c55186fc599cb733a127e2b8ab,0xbb214c93187e55cb74d24da8e44717aed3045cb8,1
0x3c6137504c38215fea30605b3e364a23c1d3e14f,0x1b9d39da4aab19dccfbc17a16f876effcc73eafd,1
0x3c6137504c38215fea30605b3e364a23c1d3e14f,0x1eeb82a8cd3bcec675ebbf29ee8192106a59c6af,1
0x3c6137504c38215fea30605b3e364a23c1d3e14f,0x3199a37ff1411acf56869b80de66b442572e71b2,1
0x3c6137504c38215fea30605b3e364a23c1d3e14f,0x87c4f83123d6c8c74483cc62b34151b1aa156b61,1
0x3c6137504c38215fea30605b3e364a23c1d3e14f,0xac768d475e39fb9a3588ed342054c8007cc063c7,1
0x3c6137504c38215fea30605b3e364a23c1d3e14f,0xf8cc874fe4696131725018138fc4bb44866433e0,1
0x44dc2ec15b3483fc8590f6b396cea5f8f2fbf3bd,0x265cdd11b3abb0432a35300f6afb214777280817,1
0x44dc2ec15b3483fc8590f6b396cea5f8f2fbf3bd,0x38a4d889a1979133fbc1d58f970f0953e3715c26,1
0x475b6ff6603f17177b7e419d1ad2791fb82a3a56,0x09b3ed5392df96c5691a5c3e793acb4dc47d089e,1
0x475b6ff6603f17177b7e419d1ad2791fb82a3a56,0x113d754ff2e6ca9fd6ab51932493e4f9dabdf596,1
0x475b6ff6603f17177b7e419d1ad2791fb82a3a56,0x372812e9891b2a8f2c8d7788ad3d90a0826d73c6,1
0x475b6ff6603f17177b7e419d1ad2791fb82a3a56,0xec6d36a487d85cf562b7b8464ce8dc60637362ac,1
0x49ee33799264a9ab74f4905d0ffe70f47654bb38,0x91e371c3cd3aa81af27b1602d4d8cf9d81ec5a90,1
0x49ee33799264a9ab74f4905d0ffe70f47654bb38,0xc887fadc6baaa8cd234d9104a65b37265522b024,1
0x49ee33799264a9ab74f4905d0ffe70f47654bb38,0xec6d36a487d85cf562b7b8464ce8dc60637362ac,1
0x4f4bbe22192dead2650463ee871aedcfaf4deefd,0x3199a37ff1411acf56869b80de66b442572e71b2,1
0x4f4bbe22192dead2650463ee871aedcfaf4deefd,0x35e057137060cd397bd82e3dff54beba480e7012,1
0x4f4bbe22192dead2650463ee871aedcfaf4deefd,0x55e1490a1878d0b61811726e2cb96560022e764c,1
0x4f4bbe22192dead2650463ee871aedcfaf4deefd,0x895d331d3d8914c023b72b1df29426d742d571eb,1
0x5398850a9399da87624874704feaa8a9c6c4089b,0x42d0ed91b55065fabcfb9ab3516437d01430c0e6,1
0x5398850a9399da87624874704feaa8a9c6c4089b,0xe8616eab82aa739e532ab72f75bebb8e3238c583,1
0x5398850a9399da87624874704feaa8a9c6c4089b,0xf8cc874fe4696131725018138fc4bb44866433e0,1
0x55e1490a1878d0b61811726e2cb96560022e764c,0xac768d475e39fb9a3588ed342054c8007cc063c7,1
0x5f7670321668e6db551e39e7a5dff443d42dc97f,0x450638daf0caedbdd9f8cb4a41fa1b24788b123e,1
0x5f7670321668e6db551e39e7a5dff443d42dc97f,0xa1175a219dac539f2291377f77afd786d20e5882,1
0x61e0841d103d77325e7743d1ff7117efe7c2c9f6,0x224ce899f5124ee40c1fdcb791383e628a4caae0,1
0x63748140c409b490952c37dae5a60715bf915129,0x0006e4548aed4502ec8c844567840ce6ef1013f5,1
0x63748140c409b490952c37dae5a60715bf915129,0x1b9d39da4aab19dccfbc17a16f876effcc73eafd,1
0x63748140c409b490952c37dae5a60715bf915129,0x372812e9891b2a8f2c8d7788ad3d90a0826d73c6,1
0x63748140c409b490952c37dae5a60715bf915129,0x87c4f83123d6c8c74483cc62b34151b1aa156b61,1
0x63748140c409b490952c37dae5a60715bf915129,0xa96d5fef3029a46a31bf4865cfde08684a8b9bb3,1
0x63748140c409b490952c37dae5a60715bf915129,0xbb214c93187e55cb74d24da8e44717aed3045cb8,1
0x63748140c409b490952c37dae5a60715bf915129,0xd71a41ec000089ae99873afb4d15cc7d54dd95bc,1
0x63748140c409b490952c37dae5a60715bf915129,0xec6d36a487d85cf562b7b8464ce8dc60637362ac,1
0x80d50ad51fa01044ada9bea7e3cad20af839cb3c,0x43a330dec81bbd5e21f41c6b8354e54d481efc93,1
0x80d50ad51fa01044ada9bea7e3cad20af839cb3c,0x59d484a88823f90c25b7d6278a1d86116aee223d,1
0x80d50ad51fa01044ada9bea7e3cad20af839cb3c,0x61e0841d103d77325e7743d1ff7117efe7c2c9f6,1
0x81151729760b98a6680b82df40165b41a8c9f5e2,0x55e1490a1878d0b61811726e2cb96560022e764c,1
0x81151729760b98a6680b82df40165b41a8c9f5e2,0x91e371c3cd3aa81af27b1602d4d8cf9d81ec5a90,1
0x81151729760b98a6680b82df40165b41a8c9f5e2,0xa1175a219dac539f2291377f77afd786d20e5882,1
0x81151729760b98a6680b82df40165b41a8c9f5e2,0xe72eb31b59f85b19499a0f3b3260011894fa0d65,1
0x87c4f83123d6c8c74483cc62b34151b1aa156b61,0x113d754ff2e6ca9fd6ab51932493e4f9dabdf596,1
0x8842a9c8dcb147a19ad46c3d80e10e22ba286638,0x450638daf0caedbdd9f8cb4a41fa1b24788b123e,1
0x8842a9c8dcb147a19ad46c3d80e10e22ba286638,0x930af7923b8b5f8d3461ad1999ceeb8a62884b19,1
0x8cb8f79ae7ade73ec16fbaf33c86583aa7dfb5a3,0x0e277a62b93758eb5dbd70cc9588c10813aa3799,1
0x8cb8f79ae7ade73ec16fbaf33c86583aa7dfb5a3,0x113d754ff2e6ca9fd6ab51932493e4f9dabdf596,1
0x8cb8f79ae7ade73ec16fbaf33c86583aa7dfb5a3,0x930af7923b8b5f8d3461ad1999ceeb8a62884b19,1
0x8cb8f79ae7ade73ec16fbaf33c86583aa7dfb5a3,0xafbc3f98eedb5f9a25a4ab2232d1346612efe77c,1
0x9044ff973720bad47c16de225c59fa42629e1794,0x91e371c3cd3aa81af27b1602d4d8cf9d81ec5a90,1
0x9044ff973720bad47c16de225c59fa42629e1794,0xad1cc527e94f15b47af2d54949912986a028f6c5,1
0x9044ff973720bad47c16de225c59fa42629e1794,0xfc7092d1e9133ff09607a9eff4edaf87bd4e1800,1
0x91e371c3cd3aa81af27b1602d4d8cf9d81ec5a90,0x42d0ed91b55065fabcfb9ab3516437d01430c0e6,1
0x91e371c3cd3aa81af27b1602d4d8cf9d81ec5a90,0x7b7785abbfed1f47315b77d11b37159294c7c8d0,1
0x96dc89dbe84970ee42a2f0b35fb50599e6745ff8,0x052564eb0fd8b340803df55def89c25c432f43f4,1
0x96dc89dbe84970ee42a2f0b35fb50599e6745ff8,0x39b2bd7b6362f5282b98a3f5cf779e2b3457f82b,1
0x96dc89dbe84970ee42a2f0b35fb50599e6745ff8,0x3c6137504c38215fea30605b3e364a23c1d3e14f,1
0x96dc89dbe84970ee42a2f0b35fb50599e6745ff8,0x59d484a88823f90c25b7d6278a1d86116aee223d,1
0x96dc89dbe84970ee42a2f0b35fb50599e6745ff8,0xb59825afbba29d5257f877a8a64265c3a10fc2ab,1
0x96dc89dbe84970ee42a2f0b35fb50599e6745ff8,0xd71a41ec000089ae99873afb4d15cc7d54dd95bc,1
0x96dc89dbe84970ee42a2f0b35fb50599e6745ff8,0xe72eb31b59f85b19499a0f3b3260011894fa0d65,1
0x96dc89dbe84970ee42a2f0b35fb50599e6745ff8,0xec6d36a487d85cf562b7b8464ce8dc60637362ac,1
0x9726041047644626468922598128349778349982,0x265cdd11b3abb0432a35300f6afb214777280817,1
0x9726041047644626468922598128349778349982,0xafbc3f98eedb5f9a25a4ab2232d1346612efe77c,1
0x9726041047644626468922598128349778349982,0xf8cc874fe4696131725018138fc4bb44866433e0,1
0xa1175a219dac539f2291377f77afd786d20e5882,0x1eeb82a8cd3bcec675ebbf29ee8192106a59c6af,1
0xaaa3f05f25eed87ee3a268f4582ec914e6245577,0x1eeb82a8cd3bcec675ebbf29ee8192106a59c6af,1
0xaaa3f05f25eed87ee3a268f4582ec914e6245577,0x23c0bae29b2c92d90ebdf2b78ff86f1cb1bb667d,1
0xaaa3f05f25eed87ee3a268f4582ec914e6245577,0x2e5e227280b1d5ee28500a9000296c112dc8efc5,1
0xaaa3f05f25eed87ee3a268f4582ec914e6245577,0x42d0ed91b55065fabcfb9ab3516437d01430c0e6,1
0xac768d475e39fb9a3588ed342054c8007cc063c7,0x009988ff77eeaa00051238ee32c48f10a174933e,1
0xac768d475e39fb9a3588ed342054c8007cc063c7,0xc34f37006cb57957b5296e9d7cd4f71958ec0b8f,1
0xad1cc527e94f15b47af2d54949912986a028f6c5,0x450638daf0caedbdd9f8cb4a41fa1b24788b123e,1
0xad1cc527e94f15b47af2d54949912986a028f6c5,0x930af7923b8b5f8d3461ad1999ceeb8a62884b19,1
0xad1cc527e94f15b47af2d54949912986a028f6c5,0xac768d475e39fb9a3588ed342054c8007cc063c7,1
0xad1cc527e94f15b47af2d54949912986a028f6c5,0xb59825afbba29d5257f877a8a64265c3a10fc2ab,1
0xad1cc527e94f15b47af2d54949912986a028f6c5,0xc0ffee22f360792a89db39f159f103daafe9c57d,1
0xaeaf973270d08ed3c105edc33bd517a1afcf8e15,0x0ebac44fca2453616da415c0be23529920fb8223,1
0xaeaf973270d08ed3c105edc33bd517a1afcf8e15,0x1eeb82a8cd3bcec675ebbf29ee8192106a59c6af,1
0xaeaf973270d08ed3c105edc33bd517a1afcf8e15,0x3c2b4bdcd2f742c55186fc599cb733a127e2b8ab,1
0xafbc3f98eedb5f9a25a4ab2232d1346612efe77c,0x43a330dec81bbd5e21f41c6b8354e54d481efc93,1
0xafbc3f98eedb5f9a25a4ab2232d1346612efe77c,0xa1175a219dac539f2291377f77afd786d20e5882,1
0xafbc3f98eedb5f9a25a4ab2232d1346612efe77c,0xe468ce99444174bd3bbbed09209577d25d1ad673,1
0xb2218bc679868bbaac432ec58fb4050870894e18,0x09b3ed5392df96c5691a5c3e793acb4dc47d089e,1
0xb2218bc679868bbaac432ec58fb4050870894e18,0x372812e9891b2a8f2c8d7788ad3d90a0826d73c6,1
0xb2218bc679868bbaac432ec58fb4050870894e18,0x38a4d889a1979133fbc1d58f970f0953e3715c26,1
0xb2218bc679868bbaac432ec58fb4050870894e18,0x450638daf0caedbdd9f8cb4a41fa1b24788b123e,1
0xb2218bc679868bbaac432ec58fb4050870894e18,0x930af7923b8b5f8d3461ad1999ceeb8a62884b19,1
0xb2218bc679868bbaac432ec58fb4050870894e18,0xafbc3f98eedb5f9a25a4ab2232d1346612efe77c,1
0xb2218bc679868bbaac432ec58fb4050870894e18,0xec6d36a487d85cf562b7b8464ce8dc60637362ac,1
0xb3f3658bf332ba6c9c0cc5bc1201caba7ada819b,0x09b3ed5392df96c5691a5c3e793acb4dc47d089e,1
0xb3f3658bf332ba6c9c0cc5bc1201caba7ada819b,0xc34f37006cb57957b5296e9d7cd4f71958ec0b8f,1
0xb59825afbba29d5257f877a8a64265c3a10fc2ab,0x052564eb0fd8b340803df55def89c25c432f43f4,1
0xb59825afbba29d5257f877a8a64265c3a10fc2ab,0x38a4d889a1979133fbc1d58f970f0953e3715c26,1
0xb59825afbba29d5257f877a8a64265c3a10fc2ab,0x39b2bd7b6362f5282b98a3f5cf779e2b3457f82b,1
0xb59825afbba29d5257f877a8a64265c3a10fc2ab,0xafbc3f98eedb5f9a25a4ab2232d1346612efe77c,1
0xb59825afbba29d5257f877a8a64265c3a10fc2ab,0xc0ffee22f360792a89db39f159f103daafe9c57d,1
0xb59825afbba29d5257f877a8a64265c3a10fc2ab,0xc887fadc6baaa8cd234d9104a65b37265522b024,1
0xbad2e065edc215cb54a0e78391fb2abcb173f77d,0x3b3525f60eeea4a1ef554df5425912c2a532875d,1
0xbad2e065edc215cb54a0e78391fb2abcb173f77d,0xc543330faaea16cf42d2973658e0036285b2ee25,1
0xbb004852594c9591ebd3528fd18acc3292ba84ea,0x475b6ff6603f17177b7e419d1ad2791fb82a3a56,1
0xbb004852594c9591ebd3528fd18acc3292ba84ea,0xc34f37006cb57957b5296e9d7cd4f71958ec0b8f,1
0xbb004852594c9591ebd3528fd18acc3292ba84ea,0xc57d11d3d47873f490bdfd1b18ece28851bec5b5,1
0xbb004852594c9591ebd3528fd18acc3292ba84ea,0xe468ce99444174bd3bbbed09209577d25d1ad673,1
0xbb214c93187e55cb74d24da8e44717aed3045cb8,0x113d754ff2e6ca9fd6ab51932493e4f9dabdf596,1
0xbb214c93187e55cb74d24da8e44717aed3045cb8,0x3c2b4bdcd2f742c55186fc599cb733a127e2b8ab,1
0xc0ffee22f360792a89db39f159f103daafe9c57d,0x0ebac44fca2453616da415c0be23529920fb8223,1
0xc0ffee22f360792a89db39f159f103daafe9c57d,0x450638daf0caedbdd9f8cb4a41fa1b24788b123e,1
0xc0ffee22f360792a89db39f159f103daafe9c57d,0xaaa3f05f25eed87ee3a268f4582ec914e6245577,1
0xc34f37006cb57957b5296e9d7cd4f71958ec0b8f,0x09b3ed5392df96c5691a5c3e793acb4dc47d089e,1
0xc34f37006cb57957b5296e9d7cd4f71958ec0b8f,0x2e5e227280b1d5ee28500a9000296c112dc8efc5,1
0xc34f37006cb57957b5296e9d7cd4f71958ec0b8f,0x475b6ff6603f17177b7e419d1ad2791fb82a3a56,1
0xc543330faaea16cf42d2973658e0036285b2ee25,0x1eeb82a8cd3bcec675ebbf29ee8192106a59c6af,1
0xc543330faaea16cf42d2973658e0036285b2ee25,0x265cdd11b3abb0432a35300f6afb214777280817,1
0xc543330faaea16cf42d2973658e0036285b2ee25,0x67941779e59cefdbc61af9cb047d44c173301795,1
0xc543330faaea16cf42d2973658e0036285b2ee25,0x80845058350b8c3df5c3015d8a717d64b3bf9267,1
0xc543330faaea16cf42d2973658e0036285b2ee25,0xa357f162fe9c383edeee81fbc905c4bc7fca166f,1
0xc543330faaea16cf42d2973658e0036285b2ee25,0xac768d475e39fb9a3588ed342054c8007cc063c7,1
0xc543330faaea16cf42d2973658e0036285b2ee25,0xc34f37006cb57957b5296e9d7cd4f71958ec0b8f,1
0xc543330faaea16cf42d2973658e0036285b2ee25,0xf8cc874fe4696131725018138fc4bb44866433e0,1
0xc887fadc6baaa8cd234d9104a65b37265522b024,0x224ce899f5124ee40c1fdcb791383e628a4caae0,1
0xc887fadc6baaa8cd234d9104a65b37265522b024,0x3b3525f60eeea4a1ef554df5425912c2a532875d,1
0xc887fadc6baaa8cd234d9104a65b37265522b024,0xe468ce99444174bd3bbbed09209577d25d1ad673,1
0xd71a41ec000089ae99873afb4d15cc7d54dd95bc,0xac768d475e39fb9a3588ed342054c8007cc063c7,1
0xdd3767abcab26f261e2508a1da1914053c7dda78,0x7b7785abbfed1f47315b77d11b37159294c7c8d0,1
0xdd3767abcab26f261e2508a1da1914053c7dda78,0x87c4f83123d6c8c74483cc62b34151b1aa156b61,1
0xe0a36ce07ea9bd3719a03a28948d398a8a093059,0x372812e9891b2a8f2c8d7788ad3d90a0826d73c6,1
0xe0a36ce07ea9bd3719a03a28948d398a8a093059,0xc543330faaea16cf42d2973658e0036285b2ee25,1
0xe468ce99444174bd3bbbed09209577d25d1ad673,0x3912779a96bde42eda610c7acb103ce624d7145a,1
0xe468ce99444174bd3bbbed09209577d25d1ad673,0xafbc3f98eedb5f9a25a4ab2232d1346612efe77c,1
0xe468ce99444174bd3bbbed09209577d25d1ad673,0xc887fadc6baaa8cd234d9104a65b37265522b024,1
0xe8616eab82aa739e532ab72f75bebb8e3238c583,0x113d754ff2e6ca9fd6ab51932493e4f9dabdf596,1
0xe8616eab82aa739e532ab72f75bebb8e3238c583,0x1eeb82a8cd3bcec675ebbf29ee8192106a59c6af,1
0xe8616eab82aa739e532ab72f75bebb8e3238c583,0x2e5e227280b1d5ee28500a9000296c112dc8efc5,1
0xec6d36a487d85cf562b7b8464ce8dc60637362ac,0x09b3ed5392df96c5691a5c3e793acb4dc47d089e,1
0xec6d36a487d85cf562b7b8464ce8dc60637362ac,0xf8cc874fe4696131725018138fc4bb44866433e0,1
0xf7789b4bdad8d8f5e2dc02bb1da3363048e3515a,0x67941779e59cefdbc61af9cb047d44c173301795,1
0xf7789b4bdad8d8f5e2dc02bb1da3363048e3515a,0x80845058350b8c3df5c3015d8a717d64b3bf9267,1
0xfc7092d1e9133ff09607a9eff4edaf87bd4e1800,0x0e277a62b93758eb5dbd70cc9588c10813aa3799,1
0xfc7092d1e9133ff09607a9eff4edaf87bd4e1800,0x38a4d889a1979133fbc1d58f970f0953e3715c26,1
0xfc7092d1e9133ff09607a9eff4edaf87bd4e1800,0xafbc3f98eedb5f9a25a4ab2232d1346612efe77c,1
0xfc7092d1e9133ff09607a9eff4edaf87bd4e1800,0xb630abd9a5367763b7cba316e870c4a54064cc9f,1
