target,source,value
0xf00a927ec2fe6c9201986717ad8e73534c71c30c,0xde148fe55eac0c0584a331711f2b621514a1a25f,88
0xfeae9fe11170fc19b6f40796fd1debfa360daacc,0x721931508df2764fd4f70c53da646cb8aed16ace,71
0xab61cc776cc19af7e99d3ba4539435311fa74e8a,0xe301612b0751f6d862a27be205fb8e3c40c8c6db,42
0xe74ca58ef724b94fac7f2e09e2e48536a5c1ad03,0x88341d1a8f672d2780c8dc725902aae72f143b0c,41
0x88341d1a8f672d2780c8dc725902aae72f143b0c,0xe74ca58ef724b94fac7f2e09e2e48536a5c1ad03,39
0x95306e91f11fbd86ddcd7a1bc8eed6b06b338a05,0xb7cc2f9cadb0665debfd419cc0edb1569259dbb2,38
0x94de7e2c73529ebf3206aa3459e699fbcdfcd49b,0x5ee16428738078ffbd6ef9f436cb1a6ff1fc478b,31
0x7be6e974dfc6e29515a91b704cf9a0fbc21d1624,0x5d8bff9300b6944cb2a2b88ae36fbaf8ee820afa,26
0x29b1b2d083456fd07b19649f8b85f9927a29b1ab,0xf36972bbff0bb63dbc8f2c8a93625647b32e024b,25
0x641927e970222b10b2e8cdbc96b1b4f427316f16,0xa1a18c3558365c098ad1306075d8ac9b9ab78219,24
0x61be6fac719f871a24d9bdcdf97b6c94772c7e28,0xa1a18c3558365c098ad1306075d8ac9b9ab78219,17
0x8f6b1e467fbe74d7dd43d59de0558f693c736798,0xef764bac8a438e7e498c2e5fccf0f174c3e3f8db,13
0xf36972bbff0bb63dbc8f2c8a93625647b32e024b,0x29b1b2d083456fd07b19649f8b85f9927a29b1ab,13
0x4bbb41f61fffc1bbe65a2aa192c65281e16ea758,0xb36592765e61e1277778ab27162f87303de803ba,11
0xa1a18c3558365c098ad1306075d8ac9b9ab78219,0x61be6fac719f871a24d9bdcdf97b6c94772c7e28,11
0x29b1b2d083456fd07b19649f8b85f9927a29b1ab,0x54b174179ae825ed630da40b625bb3c883cd40ae,10
0x61be6fac719f871a24d9bdcdf97b6c94772c7e28,0xb89d16beac18e513743baa6a6e09f60460367ac8,9
0xabf107de3e01c7c257e64e0a18d60a733aad395d,0xf36972bbff0bb63dbc8f2c8a93625647b32e024b,9
0x53fed1eb683745352886a363cc0b6e3415824ec8,0x61be6fac719f871a24d9bdcdf97b6c94772c7e28,8
0x0a2542a170aa02b96b588aa3af8b09ab22a9d7ac,0x22aa3f5d1daffe1a9df298e79a0cf2f98c1b92ff,7
0x2d75fb5482d92062cf5c52adf1d9a439dcd38b08,0x7be6e974dfc6e29515a91b704cf9a0fbc21d1624,7
0x61be6fac719f871a24d9bdcdf97b6c94772c7e28,0x53fed1eb683745352886a363cc0b6e3415824ec8,7
0x641927e970222b10b2e8cdbc96b1b4f427316f16,0xb89d16beac18e513743baa6a6e09f60460367ac8,7
0x83c8f28c26bf6aaca652df1dbbe0e1b56f8baba2,0x14ae8100ea85a11bbb36578f83ab1b5c1cfdd61c,7
0x9048d24577d4c4bbf14f1020f20640b334f8c762,0x61be6fac719f871a24d9bdcdf97b6c94772c7e28,7
0xba19ba5233b49794c33f01654e99a60e579e6f29,0xa158ffb97cc5b65c7c762b31d3e8111688ee6940,7
0xda6ad74619e62503c4cbefbe02ae05c8f4314591,0x22aa3f5d1daffe1a9df298e79a0cf2f98c1b92ff,7
0x29b1b2d083456fd07b19649f8b85f9927a29b1ab,0xa637522a82f89ec36fb358382c8b01610a4b5432,6
0x2d75fb5482d92062cf5c52adf1d9a439dcd38b08,0xc78ebf0eb5b008605eeabdb6a07584fe23ab75e6,6
0x4bbb41f61fffc1bbe65a2aa192c65281e16ea758,0x7dd711c04e7426bda145aea0635e79e8fbbd8fbc,6
0x61be6fac719f871a24d9bdcdf97b6c94772c7e28,0x9048d24577d4c4bbf14f1020f20640b334f8c762,6
0x6f4a2d3a4f47f9c647d86c929755593911ee91ec,0x33d27f0bb797de3d20e519f4a192b7570c56681b,6
0x7be6e974dfc6e29515a91b704cf9a0fbc21d1624,0x51a528da1083ba23943ba2092ee2a278c8715779,6
0x8f6b1e467fbe74d7dd43d59de0558f693c736798,0xbcba11ef0dc585f028d8f4442e82ee6ceecbcbba,6
0x8f6b1e467fbe74d7dd43d59de0558f693c736798,0xda6ad74619e62503c4cbefbe02ae05c8f4314591,6
0xd387a6e4e84a6c86bd90c158c6028a58cc8ac459,0x0b7059d9e71bbd6e28677386b4c13c56b74b944d,6
0x2d75fb5482d92062cf5c52adf1d9a439dcd38b08,0xa158ffb97cc5b65c7c762b31d3e8111688ee6940,5
0x51a528da1083ba23943ba2092ee2a278c8715779,0x7be6e974dfc6e29515a91b704cf9a0fbc21d1624,5
0x61be6fac719f871a24d9bdcdf97b6c94772c7e28,0x6b4331048c411795a89d54484e3653107d58a64e,5
0x641927e970222b10b2e8cdbc96b1b4f427316f16,0xa158ffb97cc5b65c7c762b31d3e8111688ee6940,5
0x8b27de7f6a7542ee70e2420e1bc67fc479d01984,0x7be6e974dfc6e29515a91b704cf9a0fbc21d1624,5
0x94de7e2c73529ebf3206aa3459e699fbcdfcd49b,0xf00a927ec2fe6c9201986717ad8e73534c71c30c,5
0xa158ffb97cc5b65c7c762b31d3e8111688ee6940,0x641927e970222b10b2e8cdbc96b1b4f427316f16,5
0x14ae8100ea85a11bbb36578f83ab1b5c1cfdd61c,0x65ab793bd82cf8d9f035d4742b95e2c16a6b8849,4
0x5d8bff9300b6944cb2a2b88ae36fbaf8ee820afa,0xd0fd6d1c05b15f5b141253f13855c86cc3e655b8,4
0x641927e970222b10b2e8cdbc96b1b4f427316f16,0x0b7059d9e71bbd6e28677386b4c13c56b74b944d,4
0x83c8f28c26bf6aaca652df1dbbe0e1b56f8baba2,0x4191131cd452e9729546b79f9f4e00c12e1d1c22,4
0x9048d24577d4c4bbf14f1020f20640b334f8c762,0xc73b768d1b12c553fdb355cac7bb03bfa75bc260,4
0xb19d7b838ae2e6212fa79e14f52a463e0fc5ea43,0x3612b2e93b49f6c797066ca8c38b7f522b32c7cb,4
0xba19ba5233b49794c33f01654e99a60e579e6f29,0x61a4fc9028048e562b2a49d8dccf2378b644df03,4
0xcc7c335f3365ae3f7e4e8c9535dc92780a4add9d,0x83c8f28c26bf6aaca652df1dbbe0e1b56f8baba2,4
0xd0fd6d1c05b15f5b141253f13855c86cc3e655b8,0x5d8bff9300b6944cb2a2b88ae36fbaf8ee820afa,4
0xd387a6e4e84a6c86bd90c158c6028a58cc8ac459,0xef764bac8a438e7e498c2e5fccf0f174c3e3f8db,4
0xdde8df9a7dc9f68bdac815f493d1d731de911b5a,0xf00a927ec2fe6c9201986717ad8e73534c71c30c,4
0xf36972bbff0bb63dbc8f2c8a93625647b32e024b,0xd0fd6d1c05b15f5b141253f13855c86cc3e655b8,4
0x0a2542a170aa02b96b588aa3af8b09ab22a9d7ac,0xcc6c1d21e8474b3578e69eb036c712ab08ffdfbb,3
0x1a491fc7dacae7e270bf9a116c026987d0e6be0a,0x362b638b43f767350ac0a01b67baad825c108f3d,3
0x1a491fc7dacae7e270bf9a116c026987d0e6be0a,0xa7e1551ced00a5e3036c227c3e8ded7ebb688e6a,3
0x2a030ff3a0a001834eac35b2fe4bef3478ed04bb,0xf00a927ec2fe6c9201986717ad8e73534c71c30c,3
0x3c6137504c38215fea30605b3e364a23c1d3e14f,0x61be6fac719f871a24d9bdcdf97b6c94772c7e28,3
0x50664ede715e131f584d3e7eaabd7818bb20a068,0x56178626332fc530561535eeaa914b863aa455f2,3
0x6b4331048c411795a89d54484e3653107d58a64e,0x61be6fac719f871a24d9bdcdf97b6c94772c7e28,3
0x6f4a2d3a4f47f9c647d86c929755593911ee91ec,0xa7e1551ced00a5e3036c227c3e8ded7ebb688e6a,3
0x7be6e974dfc6e29515a91b704cf9a0fbc21d1624,0xa158ffb97cc5b65c7c762b31d3e8111688ee6940,3
0x8b27de7f6a7542ee70e2420e1bc67fc479d01984,0x51a528da1083ba23943ba2092ee2a278c8715779,3
0x8b27de7f6a7542ee70e2420e1bc67fc479d01984,0xc78ebf0eb5b008605eeabdb6a07584fe23ab75e6,3
0x8f6b1e467fbe74d7dd43d59de0558f693c736798,0x54b174179ae825ed630da40b625bb3c883cd40ae,3
0xa1a18c3558365c098ad1306075d8ac9b9ab78219,0x641927e970222b10b2e8cdbc96b1b4f427316f16,3
0xb7cc2f9cadb0665debfd419cc0edb1569259dbb2,0x51a528da1083ba23943ba2092ee2a278c8715779,3
0xba19ba5233b49794c33f01654e99a60e579e6f29,0xc78ebf0eb5b008605eeabdb6a07584fe23ab75e6,3
0xcc7c335f3365ae3f7e4e8c9535dc92780a4add9d,0x54b174179ae825ed630da40b625bb3c883cd40ae,3
0xdde8df9a7dc9f68bdac815f493d1d731de911b5a,0x9f65a3a3cb9420a2e06cb4bd75d439fecf7869e2,3
0xdde8df9a7dc9f68bdac815f493d1d731de911b5a,0xa158ffb97cc5b65c7c762b31d3e8111688ee6940,3
0xf0b145a02139f91f998d093f2a12b9ecf2ef5405,0xda6ad74619e62503c4cbefbe02ae05c8f4314591,3
0xfc9da8787fa75c20985dde414181e2013ced4080,0xe18a94a1e60903b1ec39d9104bed27d9a73ad9e2,3
0x02d1e2ce7c875622ce6436b290cefeb9591f0505,0xa7e1551ced00a5e3036c227c3e8ded7ebb688e6a,2
0x0a2542a170aa02b96b588aa3af8b09ab22a9d7ac,0x65ab793bd82cf8d9f035d4742b95e2c16a6b8849,2
0x0e9aed5c7721c642a032812c2c4816f7d6cb87d7,0x3612b2e93b49f6c797066ca8c38b7f522b32c7cb,2
0x0e9aed5c7721c642a032812c2c4816f7d6cb87d7,0x78f0269f5b1ca914c8c58993f41181f89e212b27,2
0x163ee09deeea9dab68df0ae49f48c8e07ad54aa2,0x3612b2e93b49f6c797066ca8c38b7f522b32c7cb,2
0x163ee09deeea9dab68df0ae49f48c8e07ad54aa2,0x51a528da1083ba23943ba2092ee2a278c8715779,2
0x29b1b2d083456fd07b19649f8b85f9927a29b1ab,0x65ab793bd82cf8d9f035d4742b95e2c16a6b8849,2
0x2a030ff3a0a001834eac35b2fe4bef3478ed04bb,0x54b174179ae825ed630da40b625bb3c883cd40ae,2
0x2a030ff3a0a001834eac35b2fe4bef3478ed04bb,0xf36972bbff0bb63dbc8f2c8a93625647b32e024b,2
0x2b84773955eee20e0ab23e44f0a174d92633fe84,0xf36972bbff0bb63dbc8f2c8a93625647b32e024b,2
0x342c6bfa287ce37b8b53eee0e5b6e6bcbea98c76,0xef764bac8a438e7e498c2e5fccf0f174c3e3f8db,2
0x3c6137504c38215fea30605b3e364a23c1d3e14f,0x1a491fc7dacae7e270bf9a116c026987d0e6be0a,2
0x3c6137504c38215fea30605b3e364a23c1d3e14f,0x641927e970222b10b2e8cdbc96b1b4f427316f16,2
0x4b172710306decf6cfd12e8f0e6b3382d02627ed,0xc78ebf0eb5b008605eeabdb6a07584fe23ab75e6,2
0x50664ede715e131f584d3e7eaabd7818bb20a068,0xc6136d5d747350f0a9d46730c12bb6c5a14adcce,2
0x50664ede715e131f584d3e7eaabd7818bb20a068,0xe74ca58ef724b94fac7f2e09e2e48536a5c1ad03,2
0x50664ede715e131f584d3e7eaabd7818bb20a068,0xf36972bbff0bb63dbc8f2c8a93625647b32e024b,2
0x54b174179ae825ed630da40b625bb3c883cd40ae,0xabf107de3e01c7c257e64e0a18d60a733aad395d,2
0x5d8bff9300b6944cb2a2b88ae36fbaf8ee820afa,0x2a030ff3a0a001834eac35b2fe4bef3478ed04bb,2
0x5ee16428738078ffbd6ef9f436cb1a6ff1fc478b,0x0f4bc970e348a061b69d05b7e2e5c13eb687e5e3,2
0x61a4fc9028048e562b2a49d8dccf2378b644df03,0x641927e970222b10b2e8cdbc96b1b4f427316f16,2
0x61be6fac719f871a24d9bdcdf97b6c94772c7e28,0x3c6137504c38215fea30605b3e364a23c1d3e14f,2
0x641927e970222b10b2e8cdbc96b1b4f427316f16,0xd0fd6d1c05b15f5b141253f13855c86cc3e655b8,2
0x641927e970222b10b2e8cdbc96b1b4f427316f16,0xf00a927ec2fe6c9201986717ad8e73534c71c30c,2
0x65ab793bd82cf8d9f035d4742b95e2c16a6b8849,0x0b7059d9e71bbd6e28677386b4c13c56b74b944d,2
0x65ab793bd82cf8d9f035d4742b95e2c16a6b8849,0x2a030ff3a0a001834eac35b2fe4bef3478ed04bb,2
0x65ab793bd82cf8d9f035d4742b95e2c16a6b8849,0xa158ffb97cc5b65c7c762b31d3e8111688ee6940,2
0x65ab793bd82cf8d9f035d4742b95e2c16a6b8849,0xa1a18c3558365c098ad1306075d8ac9b9ab78219,2
0x696ed7b26f4b019ceec78dc8b9140ad64a6f354b,0x33d27f0bb797de3d20e519f4a192b7570c56681b,2
0x696ed7b26f4b019ceec78dc8b9140ad64a6f354b,0x641927e970222b10b2e8cdbc96b1b4f427316f16,2
0x696ed7b26f4b019ceec78dc8b9140ad64a6f354b,0xa7e1551ced00a5e3036c227c3e8ded7ebb688e6a,2
0x6f4a2d3a4f47f9c647d86c929755593911ee91ec,0x1a491fc7dacae7e270bf9a116c026987d0e6be0a,2
0x6f4a2d3a4f47f9c647d86c929755593911ee91ec,0x40a252330daed1dd6378d7e8283ef3d7c1da28a6,2
0x6f4a2d3a4f47f9c647d86c929755593911ee91ec,0xa158ffb97cc5b65c7c762b31d3e8111688ee6940,2
0x78f0269f5b1ca914c8c58993f41181f89e212b27,0x3612b2e93b49f6c797066ca8c38b7f522b32c7cb,2
0x7be6e974dfc6e29515a91b704cf9a0fbc21d1624,0xc78ebf0eb5b008605eeabdb6a07584fe23ab75e6,2
0x8b27de7f6a7542ee70e2420e1bc67fc479d01984,0x4b172710306decf6cfd12e8f0e6b3382d02627ed,2
0x8b27de7f6a7542ee70e2420e1bc67fc479d01984,0x53fed1eb683745352886a363cc0b6e3415824ec8,2
0x97b5d56d02c0b97b02346d2eb61a1747b63a72d9,0x54b174179ae825ed630da40b625bb3c883cd40ae,2
0xa6e2e910515e6cf485462eeb6e454df33c60cb0e,0x9f65a3a3cb9420a2e06cb4bd75d439fecf7869e2,2
0xb19d7b838ae2e6212fa79e14f52a463e0fc5ea43,0x0f4bc970e348a061b69d05b7e2e5c13eb687e5e3,2
0xb19d7b838ae2e6212fa79e14f52a463e0fc5ea43,0xef764bac8a438e7e498c2e5fccf0f174c3e3f8db,2
0xb36592765e61e1277778ab27162f87303de803ba,0xe18a94a1e60903b1ec39d9104bed27d9a73ad9e2,2
0xb89d16beac18e513743baa6a6e09f60460367ac8,0xc6136d5d747350f0a9d46730c12bb6c5a14adcce,2
0xba19ba5233b49794c33f01654e99a60e579e6f29,0x61be6fac719f871a24d9bdcdf97b6c94772c7e28,2
0xc24f574d6853f6f6a31c19d468a8c1b3f31c0e54,0xbcba11ef0dc585f028d8f4442e82ee6ceecbcbba,2
0xcc7c335f3365ae3f7e4e8c9535dc92780a4add9d,0xf019b2770b4fac719b5d2bef115acc50bd3394b3,2
0xd0fd6d1c05b15f5b141253f13855c86cc3e655b8,0x641927e970222b10b2e8cdbc96b1b4f427316f16,2
0xd0fd6d1c05b15f5b141253f13855c86cc3e655b8,0xf36972bbff0bb63dbc8f2c8a93625647b32e024b,2
0xd387a6e4e84a6c86bd90c158c6028a58cc8ac459,0x56178626332fc530561535eeaa914b863aa455f2,2
0xd387a6e4e84a6c86bd90c158c6028a58cc8ac459,0xab61cc776cc19af7e99d3ba4539435311fa74e8a,2
0xd387a6e4e84a6c86bd90c158c6028a58cc8ac459,0xb807152435c2cb5e45948da7481a0d6c59f820b6,2
0xdde8df9a7dc9f68bdac815f493d1d731de911b5a,0xa1a18c3558365c098ad1306075d8ac9b9ab78219,2
0xdde8df9a7dc9f68bdac815f493d1d731de911b5a,0xb89d16beac18e513743baa6a6e09f60460367ac8,2
0xe18a94a1e60903b1ec39d9104bed27d9a73ad9e2,0x485f1c06a29b78093a9d350ae92aa70b70d4cf11,2
0xf36972bbff0bb63dbc8f2c8a93625647b32e024b,0xe74ca58ef724b94fac7f2e09e2e48536a5c1ad03,2
0xfc9da8787fa75c20985dde414181e2013ced4080,0x9f65a3a3cb9420a2e06cb4bd75d439fecf7869e2,2
0xfeae9fe11170fc19b6f40796fd1debfa360daacc,0xef764bac8a438e7e498c2e5fccf0f174c3e3f8db,2
0x02d1e2ce7c875622ce6436b290cefeb9591f0505,0x1a491fc7dacae7e270bf9a116c026987d0e6be0a,1
0x02d1e2ce7c875622ce6436b290cefeb9591f0505,0xa158ffb97cc5b65c7c762b31d3e8111688ee6940,1
0x0a2542a170aa02b96b588aa3af8b09ab22a9d7ac,0x54b174179ae825ed630da40b625bb3c883cd40ae,1
0x0a2542a170aa02b96b588aa3af8b09ab22a9d7ac,0xc78ebf0eb5b008605eeabdb6a07584fe23ab75e6,1
0x0a2542a170aa02b96b588aa3af8b09ab22a9d7ac,0xef764bac8a438e7e498c2e5fccf0f174c3e3f8db,1
0x0b7059d9e71bbd6e28677386b4c13c56b74b944d,0x36ed2d75a82e180e0871456b15c239b73b4ee9f4,1
0x0b7059d9e71bbd6e28677386b4c13c56b74b944d,0x641927e970222b10b2e8cdbc96b1b4f427316f16,1
0x0e9aed5c7721c642a032812c2c4816f7d6cb87d7,0x641927e970222b10b2e8cdbc96b1b4f427316f16,1
0x0e9aed5c7721c642a032812c2c4816f7d6cb87d7,0xa7e1551ced00a5e3036c227c3e8ded7ebb688e6a,1
0x0e9aed5c7721c642a032812c2c4816f7d6cb87d7,0xef3d9ddf59f3622a04753c61e6c4d596e7fc610d,1
0x0e9aed5c7721c642a032812c2c4816f7d6cb87d7,0xf36972bbff0bb63dbc8f2c8a93625647b32e024b,1
0x0f4bc970e348a061b69d05b7e2e5c13eb687e5e3,0xab61cc776cc19af7e99d3ba4539435311fa74e8a,1
0x0f4bc970e348a061b69d05b7e2e5c13eb687e5e3,0xef764bac8a438e7e498c2e5fccf0f174c3e3f8db,1
0x14ae8100ea85a11bbb36578f83ab1b5c1cfdd61c,0xa158ffb97cc5b65c7c762b31d3e8111688ee6940,1
0x1623fc10b8a985e74e11c9a5e7188df99787097d,0x83c8f28c26bf6aaca652df1dbbe0e1b56f8baba2,1
0x1623fc10b8a985e74e11c9a5e7188df99787097d,0xc78ebf0eb5b008605eeabdb6a07584fe23ab75e6,1
0x163ee09deeea9dab68df0ae49f48c8e07ad54aa2,0x442dccee68425828c106a3662014b4f131e3bd9b,1
0x163ee09deeea9dab68df0ae49f48c8e07ad54aa2,0x54b174179ae825ed630da40b625bb3c883cd40ae,1
0x163ee09deeea9dab68df0ae49f48c8e07ad54aa2,0x61a4fc9028048e562b2a49d8dccf2378b644df03,1
0x163ee09deeea9dab68df0ae49f48c8e07ad54aa2,0xa158ffb97cc5b65c7c762b31d3e8111688ee6940,1
0x1a491fc7dacae7e270bf9a116c026987d0e6be0a,0x4b172710306decf6cfd12e8f0e6b3382d02627ed,1
0x1a491fc7dacae7e270bf9a116c026987d0e6be0a,0x57a1290bb834644cd65dfa7dc257054a502e2893,1
0x1a491fc7dacae7e270bf9a116c026987d0e6be0a,0xc6136d5d747350f0a9d46730c12bb6c5a14adcce,1
0x22aa3f5d1daffe1a9df298e79a0cf2f98c1b92ff,0x1a491fc7dacae7e270bf9a116c026987d0e6be0a,1
0x22aa3f5d1daffe1a9df298e79a0cf2f98c1b92ff,0xf36972bbff0bb63dbc8f2c8a93625647b32e024b,1
0x28d804bf2212e220bc2b7b6252993db8286df07f,0x1a491fc7dacae7e270bf9a116c026987d0e6be0a,1
0x28d804bf2212e220bc2b7b6252993db8286df07f,0x7be6e974dfc6e29515a91b704cf9a0fbc21d1624,1
0x29b1b2d083456fd07b19649f8b85f9927a29b1ab,0x22aa3f5d1daffe1a9df298e79a0cf2f98c1b92ff,1
0x29b1b2d083456fd07b19649f8b85f9927a29b1ab,0x51a528da1083ba23943ba2092ee2a278c8715779,1
0x29b1b2d083456fd07b19649f8b85f9927a29b1ab,0xda6ad74619e62503c4cbefbe02ae05c8f4314591,1
0x2a030ff3a0a001834eac35b2fe4bef3478ed04bb,0xa637522a82f89ec36fb358382c8b01610a4b5432,1
0x2a030ff3a0a001834eac35b2fe4bef3478ed04bb,0xc73b768d1b12c553fdb355cac7bb03bfa75bc260,1
0x2b84773955eee20e0ab23e44f0a174d92633fe84,0x1a491fc7dacae7e270bf9a116c026987d0e6be0a,1
0x2b84773955eee20e0ab23e44f0a174d92633fe84,0xf00a927ec2fe6c9201986717ad8e73534c71c30c,1
0x2d75fb5482d92062cf5c52adf1d9a439dcd38b08,0x4b172710306decf6cfd12e8f0e6b3382d02627ed,1
0x2f700deed41639e1ae24d193f7d67453c4002ee3,0x95306e91f11fbd86ddcd7a1bc8eed6b06b338a05,1
0x33d27f0bb797de3d20e519f4a192b7570c56681b,0x3c6137504c38215fea30605b3e364a23c1d3e14f,1
0x33d27f0bb797de3d20e519f4a192b7570c56681b,0x40a252330daed1dd6378d7e8283ef3d7c1da28a6,1
0x33d27f0bb797de3d20e519f4a192b7570c56681b,0x51a528da1083ba23943ba2092ee2a278c8715779,1
0x33d27f0bb797de3d20e519f4a192b7570c56681b,0x61be6fac719f871a24d9bdcdf97b6c94772c7e28,1
0x33d27f0bb797de3d20e519f4a192b7570c56681b,0xa637522a82f89ec36fb358382c8b01610a4b5432,1
0x33d27f0bb797de3d20e519f4a192b7570c56681b,0xa7e1551ced00a5e3036c227c3e8ded7ebb688e6a,1
0x33d27f0bb797de3d20e519f4a192b7570c56681b,0xda6ad74619e62503c4cbefbe02ae05c8f4314591,1
0x342c6bfa287ce37b8b53eee0e5b6e6bcbea98c76,0x4b172710306decf6cfd12e8f0e6b3382d02627ed,1
0x342c6bfa287ce37b8b53eee0e5b6e6bcbea98c76,0x65ab793bd82cf8d9f035d4742b95e2c16a6b8849,1
0x3612b2e93b49f6c797066ca8c38b7f522b32c7cb,0xb89d16beac18e513743baa6a6e09f60460367ac8,1
0x36ed2d75a82e180e0871456b15c239b73b4ee9f4,0x0b7059d9e71bbd6e28677386b4c13c56b74b944d,1
0x36ed2d75a82e180e0871456b15c239b73b4ee9f4,0x54b174179ae825ed630da40b625bb3c883cd40ae,1
0x3c6137504c38215fea30605b3e364a23c1d3e14f,0x0a149ed9dc2d03faee1128100669e9ea27292473,1
0x3c6137504c38215fea30605b3e364a23c1d3e14f,0x40a252330daed1dd6378d7e8283ef3d7c1da28a6,1
0x3c6137504c38215fea30605b3e364a23c1d3e14f,0x51a528da1083ba23943ba2092ee2a278c8715779,1
0x3c6137504c38215fea30605b3e364a23c1d3e14f,0x53fed1eb683745352886a363cc0b6e3415824ec8,1
0x3c6137504c38215fea30605b3e364a23c1d3e14f,0x56178626332fc530561535eeaa914b863aa455f2,1
0x3c6137504c38215fea30605b3e364a23c1d3e14f,0x696ed7b26f4b019ceec78dc8b9140ad64a6f354b,1
0x3c6137504c38215fea30605b3e364a23c1d3e14f,0xc2b46c60afe93cda3855f67fcda6d6844723ddb8,1
0x40a252330daed1dd6378d7e8283ef3d7c1da28a6,0xf36972bbff0bb63dbc8f2c8a93625647b32e024b,1
0x442dccee68425828c106a3662014b4f131e3bd9b,0x56178626332fc530561535eeaa914b863aa455f2,1
0x442dccee68425828c106a3662014b4f131e3bd9b,0xab61cc776cc19af7e99d3ba4539435311fa74e8a,1
0x485f1c06a29b78093a9d350ae92aa70b70d4cf11,0xe18a94a1e60903b1ec39d9104bed27d9a73ad9e2,1
0x4b172710306decf6cfd12e8f0e6b3382d02627ed,0xd0fd6d1c05b15f5b141253f13855c86cc3e655b8,1
0x4b172710306decf6cfd12e8f0e6b3382d02627ed,0xf36972bbff0bb63dbc8f2c8a93625647b32e024b,1
0x4bbb41f61fffc1bbe65a2aa192c65281e16ea758,0x2a030ff3a0a001834eac35b2fe4bef3478ed04bb,1
0x4bbb41f61fffc1bbe65a2aa192c65281e16ea758,0x4191131cd452e9729546b79f9f4e00c12e1d1c22,1
0x4bbb41f61fffc1bbe65a2aa192c65281e16ea758,0x9f65a3a3cb9420a2e06cb4bd75d439fecf7869e2,1
0x4bbb41f61fffc1bbe65a2aa192c65281e16ea758,0xa158ffb97cc5b65c7c762b31d3e8111688ee6940,1
0x4bbb41f61fffc1bbe65a2aa192c65281e16ea758,0xd0fd6d1c05b15f5b141253f13855c86cc3e655b8,1
0x4bbb41f61fffc1bbe65a2aa192c65281e16ea758,0xe18a94a1e60903b1ec39d9104bed27d9a73ad9e2,1
0x50664ede715e131f584d3e7eaabd7818bb20a068,0x02d1e2ce7c875622ce6436b290cefeb9591f0505,1
0x50664ede715e131f584d3e7eaabd7818bb20a068,0x1a491fc7dacae7e270bf9a116c026987d0e6be0a,1
0x50664ede715e131f584d3e7eaabd7818bb20a068,0x2f700deed41639e1ae24d193f7d67453c4002ee3,1
0x50664ede715e131f584d3e7eaabd7818bb20a068,0x36ed2d75a82e180e0871456b15c239b73b4ee9f4,1
0x50664ede715e131f584d3e7eaabd7818bb20a068,0x54b174179ae825ed630da40b625bb3c883cd40ae,1
0x50664ede715e131f584d3e7eaabd7818bb20a068,0xd0fd6d1c05b15f5b141253f13855c86cc3e655b8,1
0x51a528da1083ba23943ba2092ee2a278c8715779,0x641927e970222b10b2e8cdbc96b1b4f427316f16,1
0x51a528da1083ba23943ba2092ee2a278c8715779,0x6b4331048c411795a89d54484e3653107d58a64e,1
0x51a528da1083ba23943ba2092ee2a278c8715779,0xc6136d5d747350f0a9d46730c12bb6c5a14adcce,1
0x53fed1eb683745352886a363cc0b6e3415824ec8,0x1a491fc7dacae7e270bf9a116c026987d0e6be0a,1
0x53fed1eb683745352886a363cc0b6e3415824ec8,0x2a030ff3a0a001834eac35b2fe4bef3478ed04bb,1
0x53fed1eb683745352886a363cc0b6e3415824ec8,0x61a4fc9028048e562b2a49d8dccf2378b644df03,1
0x53fed1eb683745352886a363cc0b6e3415824ec8,0xc2b46c60afe93cda3855f67fcda6d6844723ddb8,1
0x54b174179ae825ed630da40b625bb3c883cd40ae,0x14ae8100ea85a11bbb36578f83ab1b5c1cfdd61c,1
0x54b174179ae825ed630da40b625bb3c883cd40ae,0xab61cc776cc19af7e99d3ba4539435311fa74e8a,1
0x56178626332fc530561535eeaa914b863aa455f2,0x14ae8100ea85a11bbb36578f83ab1b5c1cfdd61c,1
0x56178626332fc530561535eeaa914b863aa455f2,0x362b638b43f767350ac0a01b67baad825c108f3d,1
0x56178626332fc530561535eeaa914b863aa455f2,0x696ed7b26f4b019ceec78dc8b9140ad64a6f354b,1
0x56178626332fc530561535eeaa914b863aa455f2,0xf36972bbff0bb63dbc8f2c8a93625647b32e024b,1
0x57a1290bb834644cd65dfa7dc257054a502e2893,0xf00a927ec2fe6c9201986717ad8e73534c71c30c,1
0x5d8bff9300b6944cb2a2b88ae36fbaf8ee820afa,0x1a491fc7dacae7e270bf9a116c026987d0e6be0a,1
0x5ee16428738078ffbd6ef9f436cb1a6ff1fc478b,0x3612b2e93b49f6c797066ca8c38b7f522b32c7cb,1
0x5ee16428738078ffbd6ef9f436cb1a6ff1fc478b,0x54b174179ae825ed630da40b625bb3c883cd40ae,1
0x5ee16428738078ffbd6ef9f436cb1a6ff1fc478b,0xef764bac8a438e7e498c2e5fccf0f174c3e3f8db,1
0x61be6fac719f871a24d9bdcdf97b6c94772c7e28,0x33d27f0bb797de3d20e519f4a192b7570c56681b,1
0x61be6fac719f871a24d9bdcdf97b6c94772c7e28,0x4191131cd452e9729546b79f9f4e00c12e1d1c22,1
0x641927e970222b10b2e8cdbc96b1b4f427316f16,0x0e9aed5c7721c642a032812c2c4816f7d6cb87d7,1
0x641927e970222b10b2e8cdbc96b1b4f427316f16,0x51a528da1083ba23943ba2092ee2a278c8715779,1
0x641927e970222b10b2e8cdbc96b1b4f427316f16,0x61a4fc9028048e562b2a49d8dccf2378b644df03,1
0x641927e970222b10b2e8cdbc96b1b4f427316f16,0x6b4331048c411795a89d54484e3653107d58a64e,1
0x65ab793bd82cf8d9f035d4742b95e2c16a6b8849,0x0a149ed9dc2d03faee1128100669e9ea27292473,1
0x65ab793bd82cf8d9f035d4742b95e2c16a6b8849,0x1a491fc7dacae7e270bf9a116c026987d0e6be0a,1
0x65ab793bd82cf8d9f035d4742b95e2c16a6b8849,0x3612b2e93b49f6c797066ca8c38b7f522b32c7cb,1
0x65ab793bd82cf8d9f035d4742b95e2c16a6b8849,0x36ed2d75a82e180e0871456b15c239b73b4ee9f4,1
0x65ab793bd82cf8d9f035d4742b95e2c16a6b8849,0xc78ebf0eb5b008605eeabdb6a07584fe23ab75e6,1
0x65ab793bd82cf8d9f035d4742b95e2c16a6b8849,0xef3d9ddf59f3622a04753c61e6c4d596e7fc610d,1
0x696ed7b26f4b019ceec78dc8b9140ad64a6f354b,0x40a252330daed1dd6378d7e8283ef3d7c1da28a6,1
0x696ed7b26f4b019ceec78dc8b9140ad64a6f354b,0xf36972bbff0bb63dbc8f2c8a93625647b32e024b,1
0x6b4331048c411795a89d54484e3653107d58a64e,0x51a528da1083ba23943ba2092ee2a278c8715779,1
0x6b4331048c411795a89d54484e3653107d58a64e,0x641927e970222b10b2e8cdbc96b1b4f427316f16,1
0x6b4331048c411795a89d54484e3653107d58a64e,0xc78ebf0eb5b008605eeabdb6a07584fe23ab75e6,1
0x6f4a2d3a4f47f9c647d86c929755593911ee91ec,0x0a149ed9dc2d03faee1128100669e9ea27292473,1
0x6f4a2d3a4f47f9c647d86c929755593911ee91ec,0x22aa3f5d1daffe1a9df298e79a0cf2f98c1b92ff,1
0x6f4a2d3a4f47f9c647d86c929755593911ee91ec,0x3612b2e93b49f6c797066ca8c38b7f522b32c7cb,1
0x6f4a2d3a4f47f9c647d86c929755593911ee91ec,0x51a528da1083ba23943ba2092ee2a278c8715779,1
0x6f4a2d3a4f47f9c647d86c929755593911ee91ec,0x78f0269f5b1ca914c8c58993f41181f89e212b27,1
0x6f4a2d3a4f47f9c647d86c929755593911ee91ec,0x94de7e2c73529ebf3206aa3459e699fbcdfcd49b,1
0x6f4a2d3a4f47f9c647d86c929755593911ee91ec,0xabf107de3e01c7c257e64e0a18d60a733aad395d,1
0x6f4a2d3a4f47f9c647d86c929755593911ee91ec,0xc2b46c60afe93cda3855f67fcda6d6844723ddb8,1
0x6f4a2d3a4f47f9c647d86c929755593911ee91ec,0xc78ebf0eb5b008605eeabdb6a07584fe23ab75e6,1
0x6f4a2d3a4f47f9c647d86c929755593911ee91ec,0xda6ad74619e62503c4cbefbe02ae05c8f4314591,1
0x6f4a2d3a4f47f9c647d86c929755593911ee91ec,0xef3d9ddf59f3622a04753c61e6c4d596e7fc610d,1
0x6f4a2d3a4f47f9c647d86c929755593911ee91ec,0xef764bac8a438e7e498c2e5fccf0f174c3e3f8db,1
0x6f4a2d3a4f47f9c647d86c929755593911ee91ec,0xf36972bbff0bb63dbc8f2c8a93625647b32e024b,1
0x721931508df2764fd4f70c53da646cb8aed16ace,0x54b174179ae825ed630da40b625bb3c883cd40ae,1
0x721931508df2764fd4f70c53da646cb8aed16ace,0xda6ad74619e62503c4cbefbe02ae05c8f4314591,1
0x78f0269f5b1ca914c8c58993f41181f89e212b27,0x40a252330daed1dd6378d7e8283ef3d7c1da28a6,1
0x78f0269f5b1ca914c8c58993f41181f89e212b27,0xc78ebf0eb5b008605eeabdb6a07584fe23ab75e6,1
0x78f0269f5b1ca914c8c58993f41181f89e212b27,0xef764bac8a438e7e498c2e5fccf0f174c3e3f8db,1
0x7be6e974dfc6e29515a91b704cf9a0fbc21d1624,0x61a4fc9028048e562b2a49d8dccf2378b644df03,1
0x7dd711c04e7426bda145aea0635e79e8fbbd8fbc,0x485f1c06a29b78093a9d350ae92aa70b70d4cf11,1
0x7dd711c04e7426bda145aea0635e79e8fbbd8fbc,0x9f65a3a3cb9420a2e06cb4bd75d439fecf7869e2,1
0x7dd711c04e7426bda145aea0635e79e8fbbd8fbc,0xe18a94a1e60903b1ec39d9104bed27d9a73ad9e2,1
0x83c8f28c26bf6aaca652df1dbbe0e1b56f8baba2,0xb36592765e61e1277778ab27162f87303de803ba,1
0x8b27de7f6a7542ee70e2420e1bc67fc479d01984,0x61a4fc9028048e562b2a49d8dccf2378b644df03,1
0x8b27de7f6a7542ee70e2420e1bc67fc479d01984,0x6b4331048c411795a89d54484e3653107d58a64e,1
0x8b27de7f6a7542ee70e2420e1bc67fc479d01984,0xa1a18c3558365c098ad1306075d8ac9b9ab78219,1
0x8b27de7f6a7542ee70e2420e1bc67fc479d01984,0xcc6c1d21e8474b3578e69eb036c712ab08ffdfbb,1
0x8b27de7f6a7542ee70e2420e1bc67fc479d01984,0xf36972bbff0bb63dbc8f2c8a93625647b32e024b,1
0x8f6b1e467fbe74d7dd43d59de0558f693c736798,0xa637522a82f89ec36fb358382c8b01610a4b5432,1
0x9048d24577d4c4bbf14f1020f20640b334f8c762,0x0a149ed9dc2d03faee1128100669e9ea27292473,1
0x9048d24577d4c4bbf14f1020f20640b334f8c762,0x0b7059d9e71bbd6e28677386b4c13c56b74b944d,1
0x9048d24577d4c4bbf14f1020f20640b334f8c762,0x95306e91f11fbd86ddcd7a1bc8eed6b06b338a05,1
0x9048d24577d4c4bbf14f1020f20640b334f8c762,0xa158ffb97cc5b65c7c762b31d3e8111688ee6940,1
0x9048d24577d4c4bbf14f1020f20640b334f8c762,0xf36972bbff0bb63dbc8f2c8a93625647b32e024b,1
0x97b5d56d02c0b97b02346d2eb61a1747b63a72d9,0x485f1c06a29b78093a9d350ae92aa70b70d4cf11,1
0x97b5d56d02c0b97b02346d2eb61a1747b63a72d9,0x83c8f28c26bf6aaca652df1dbbe0e1b56f8baba2,1
0x97b5d56d02c0b97b02346d2eb61a1747b63a72d9,0x9f65a3a3cb9420a2e06cb4bd75d439fecf7869e2,1
0x97b5d56d02c0b97b02346d2eb61a1747b63a72d9,0xa158ffb97cc5b65c7c762b31d3e8111688ee6940,1
0x9f65a3a3cb9420a2e06cb4bd75d439fecf7869e2,0x95306e91f11fbd86ddcd7a1bc8eed6b06b338a05,1
0x9f65a3a3cb9420a2e06cb4bd75d439fecf7869e2,0xe18a94a1e60903b1ec39d9104bed27d9a73ad9e2,1
0x9f65a3a3cb9420a2e06cb4bd75d439fecf7869e2,0xeb11f192e91e2d4abff199b58222c89472584bf4,1
0x9f65a3a3cb9420a2e06cb4bd75d439fecf7869e2,0xf00a927ec2fe6c9201986717ad8e73534c71c30c,1
0x9f6ad0756e9c521a850a8a1b47fde0a53e2db08c,0x14ae8100ea85a11bbb36578f83ab1b5c1cfdd61c,1
0x9f6ad0756e9c521a850a8a1b47fde0a53e2db08c,0x3612b2e93b49f6c797066ca8c38b7f522b32c7cb,1
0x9f6ad0756e9c521a850a8a1b47fde0a53e2db08c,0x50664ede715e131f584d3e7eaabd7818bb20a068,1
0x9f6ad0756e9c521a850a8a1b47fde0a53e2db08c,0xa637522a82f89ec36fb358382c8b01610a4b5432,1
0x9f6ad0756e9c521a850a8a1b47fde0a53e2db08c,0xf36972bbff0bb63dbc8f2c8a93625647b32e024b,1
0xa158ffb97cc5b65c7c762b31d3e8111688ee6940,0x40a252330daed1dd6378d7e8283ef3d7c1da28a6,1
0xa158ffb97cc5b65c7c762b31d3e8111688ee6940,0xd0fd6d1c05b15f5b141253f13855c86cc3e655b8,1
0xa158ffb97cc5b65c7c762b31d3e8111688ee6940,0xeb11f192e91e2d4abff199b58222c89472584bf4,1
0xa158ffb97cc5b65c7c762b31d3e8111688ee6940,0xef3d9ddf59f3622a04753c61e6c4d596e7fc610d,1
0xa1a18c3558365c098ad1306075d8ac9b9ab78219,0x02d1e2ce7c875622ce6436b290cefeb9591f0505,1
0xa1a18c3558365c098ad1306075d8ac9b9ab78219,0x0b7059d9e71bbd6e28677386b4c13c56b74b944d,1
0xa1a18c3558365c098ad1306075d8ac9b9ab78219,0xc6136d5d747350f0a9d46730c12bb6c5a14adcce,1
0xa1a18c3558365c098ad1306075d8ac9b9ab78219,0xc78ebf0eb5b008605eeabdb6a07584fe23ab75e6,1
0xa637522a82f89ec36fb358382c8b01610a4b5432,0x4191131cd452e9729546b79f9f4e00c12e1d1c22,1
0xa637522a82f89ec36fb358382c8b01610a4b5432,0x4b172710306decf6cfd12e8f0e6b3382d02627ed,1
0xa637522a82f89ec36fb358382c8b01610a4b5432,0x51a528da1083ba23943ba2092ee2a278c8715779,1
0xa637522a82f89ec36fb358382c8b01610a4b5432,0x54b174179ae825ed630da40b625bb3c883cd40ae,1
0xa637522a82f89ec36fb358382c8b01610a4b5432,0x57a1290bb834644cd65dfa7dc257054a502e2893,1
0xa637522a82f89ec36fb358382c8b01610a4b5432,0xa158ffb97cc5b65c7c762b31d3e8111688ee6940,1
0xa637522a82f89ec36fb358382c8b01610a4b5432,0xeb11f192e91e2d4abff199b58222c89472584bf4,1
0xa6e2e910515e6cf485462eeb6e454df33c60cb0e,0x1a491fc7dacae7e270bf9a116c026987d0e6be0a,1
0xa6e2e910515e6cf485462eeb6e454df33c60cb0e,0x4191131cd452e9729546b79f9f4e00c12e1d1c22,1
0xa6e2e910515e6cf485462eeb6e454df33c60cb0e,0x54b174179ae825ed630da40b625bb3c883cd40ae,1
0xa6e2e910515e6cf485462eeb6e454df33c60cb0e,0xa158ffb97cc5b65c7c762b31d3e8111688ee6940,1
0xa6e2e910515e6cf485462eeb6e454df33c60cb0e,0xa637522a82f89ec36fb358382c8b01610a4b5432,1
0xa6e2e910515e6cf485462eeb6e454df33c60cb0e,0xc78ebf0eb5b008605eeabdb6a07584fe23ab75e6,1
0xa6e2e910515e6cf485462eeb6e454df33c60cb0e,0xd0fd6d1c05b15f5b141253f13855c86cc3e655b8,1
0xa6e2e910515e6cf485462eeb6e454df33c60cb0e,0xe18a94a1e60903b1ec39d9104bed27d9a73ad9e2,1
0xa6e2e910515e6cf485462eeb6e454df33c60cb0e,0xf019b2770b4fac719b5d2bef115acc50bd3394b3,1
0xa6e2e910515e6cf485462eeb6e454df33c60cb0e,0xf36972bbff0bb63dbc8f2c8a93625647b32e024b,1
0xabf107de3e01c7c257e64e0a18d60a733aad395d,0x0f4bc970e348a061b69d05b7e2e5c13eb687e5e3,1
0xabf107de3e01c7c257e64e0a18d60a733aad395d,0x54b174179ae825ed630da40b625bb3c883cd40ae,1
0xabf107de3e01c7c257e64e0a18d60a733aad395d,0x94de7e2c73529ebf3206aa3459e699fbcdfcd49b,1
0xabf107de3e01c7c257e64e0a18d60a733aad395d,0xa637522a82f89ec36fb358382c8b01610a4b5432,1
0xabf107de3e01c7c257e64e0a18d60a733aad395d,0xef764bac8a438e7e498c2e5fccf0f174c3e3f8db,1
0xb19d7b838ae2e6212fa79e14f52a463e0fc5ea43,0x61a4fc9028048e562b2a49d8dccf2378b644df03,1
0xb19d7b838ae2e6212fa79e14f52a463e0fc5ea43,0x65ab793bd82cf8d9f035d4742b95e2c16a6b8849,1
0xb19d7b838ae2e6212fa79e14f52a463e0fc5ea43,0x7be6e974dfc6e29515a91b704cf9a0fbc21d1624,1
0xb7cc2f9cadb0665debfd419cc0edb1569259dbb2,0x54b174179ae825ed630da40b625bb3c883cd40ae,1
0xb7cc2f9cadb0665debfd419cc0edb1569259dbb2,0x7dd711c04e7426bda145aea0635e79e8fbbd8fbc,1
0xb7cc2f9cadb0665debfd419cc0edb1569259dbb2,0xe18a94a1e60903b1ec39d9104bed27d9a73ad9e2,1
0xb807152435c2cb5e45948da7481a0d6c59f820b6,0x53fed1eb683745352886a363cc0b6e3415824ec8,1
0xb89d16beac18e513743baa6a6e09f60460367ac8,0x61be6fac719f871a24d9bdcdf97b6c94772c7e28,1
0xb89d16beac18e513743baa6a6e09f60460367ac8,0x641927e970222b10b2e8cdbc96b1b4f427316f16,1
0xba19ba5233b49794c33f01654e99a60e579e6f29,0x4b172710306decf6cfd12e8f0e6b3382d02627ed,1
0xba19ba5233b49794c33f01654e99a60e579e6f29,0x78f0269f5b1ca914c8c58993f41181f89e212b27,1
0xba19ba5233b49794c33f01654e99a60e579e6f29,0x7be6e974dfc6e29515a91b704cf9a0fbc21d1624,1
0xba19ba5233b49794c33f01654e99a60e579e6f29,0xef3d9ddf59f3622a04753c61e6c4d596e7fc610d,1
0xba19ba5233b49794c33f01654e99a60e579e6f29,0xf36972bbff0bb63dbc8f2c8a93625647b32e024b,1
0xbcba11ef0dc585f028d8f4442e82ee6ceecbcbba,0x3c6137504c38215fea30605b3e364a23c1d3e14f,1
0xbcba11ef0dc585f028d8f4442e82ee6ceecbcbba,0xef3d9ddf59f3622a04753c61e6c4d596e7fc610d,1
0xc24f574d6853f6f6a31c19d468a8c1b3f31c0e54,0x1a491fc7dacae7e270bf9a116c026987d0e6be0a,1
0xc24f574d6853f6f6a31c19d468a8c1b3f31c0e54,0xa7e1551ced00a5e3036c227c3e8ded7ebb688e6a,1
0xc24f574d6853f6f6a31c19d468a8c1b3f31c0e54,0xef3d9ddf59f3622a04753c61e6c4d596e7fc610d,1
0xc24f574d6853f6f6a31c19d468a8c1b3f31c0e54,0xef764bac8a438e7e498c2e5fccf0f174c3e3f8db,1
0xc2b46c60afe93cda3855f67fcda6d6844723ddb8,0x02d1e2ce7c875622ce6436b290cefeb9591f0505,1
0xc2b46c60afe93cda3855f67fcda6d6844723ddb8,0x2f700deed41639e1ae24d193f7d67453c4002ee3,1
0xc2b46c60afe93cda3855f67fcda6d6844723ddb8,0x40a252330daed1dd6378d7e8283ef3d7c1da28a6,1
0xc2b46c60afe93cda3855f67fcda6d6844723ddb8,0x54b174179ae825ed630da40b625bb3c883cd40ae,1
0xc6136d5d747350f0a9d46730c12bb6c5a14adcce,0x1a491fc7dacae7e270bf9a116c026987d0e6be0a,1
0xc6136d5d747350f0a9d46730c12bb6c5a14adcce,0xf36972bbff0bb63dbc8f2c8a93625647b32e024b,1
0xc78ebf0eb5b008605eeabdb6a07584fe23ab75e6,0x4b172710306decf6cfd12e8f0e6b3382d02627ed,1
0xc78ebf0eb5b008605eeabdb6a07584fe23ab75e6,0x641927e970222b10b2e8cdbc96b1b4f427316f16,1
0xcc6c1d21e8474b3578e69eb036c712ab08ffdfbb,0x362b638b43f767350ac0a01b67baad825c108f3d,1
0xcc6c1d21e8474b3578e69eb036c712ab08ffdfbb,0x50664ede715e131f584d3e7eaabd7818bb20a068,1
0xcc6c1d21e8474b3578e69eb036c712ab08ffdfbb,0x78f0269f5b1ca914c8c58993f41181f89e212b27,1
0xcc6c1d21e8474b3578e69eb036c712ab08ffdfbb,0xa158ffb97cc5b65c7c762b31d3e8111688ee6940,1
0xcc6c1d21e8474b3578e69eb036c712ab08ffdfbb,0xa7e1551ced00a5e3036c227c3e8ded7ebb688e6a,1
0xcc7c335f3365ae3f7e4e8c9535dc92780a4add9d,0x22aa3f5d1daffe1a9df298e79a0cf2f98c1b92ff,1
0xcc7c335f3365ae3f7e4e8c9535dc92780a4add9d,0x4b172710306decf6cfd12e8f0e6b3382d02627ed,1
0xcc7c335f3365ae3f7e4e8c9535dc92780a4add9d,0x6b4331048c411795a89d54484e3653107d58a64e,1
0xcc7c335f3365ae3f7e4e8c9535dc92780a4add9d,0xa158ffb97cc5b65c7c762b31d3e8111688ee6940,1
0xcc7c335f3365ae3f7e4e8c9535dc92780a4add9d,0xab61cc776cc19af7e99d3ba4539435311fa74e8a,1
0xcc7c335f3365ae3f7e4e8c9535dc92780a4add9d,0xcc6c1d21e8474b3578e69eb036c712ab08ffdfbb,1
0xcc7c335f3365ae3f7e4e8c9535dc92780a4add9d,0xda6ad74619e62503c4cbefbe02ae05c8f4314591,1
0xcc7c335f3365ae3f7e4e8c9535dc92780a4add9d,0xef764bac8a438e7e498c2e5fccf0f174c3e3f8db,1
0xcc7c335f3365ae3f7e4e8c9535dc92780a4add9d,0xf17a57cc21b2d9bbe8e2da1fa6a0f14a8c85ff1f,1
0xd387a6e4e84a6c86bd90c158c6028a58cc8ac459,0x0f4bc970e348a061b69d05b7e2e5c13eb687e5e3,1
0xd387a6e4e84a6c86bd90c158c6028a58cc8ac459,0x40a252330daed1dd6378d7e8283ef3d7c1da28a6,1
0xd387a6e4e84a6c86bd90c158c6028a58cc8ac459,0x4b172710306decf6cfd12e8f0e6b3382d02627ed,1
0xd387a6e4e84a6c86bd90c158c6028a58cc8ac459,0x51a528da1083ba23943ba2092ee2a278c8715779,1
0xd387a6e4e84a6c86bd90c158c6028a58cc8ac459,0xc6136d5d747350f0a9d46730c12bb6c5a14adcce,1
0xd387a6e4e84a6c86bd90c158c6028a58cc8ac459,0xc78ebf0eb5b008605eeabdb6a07584fe23ab75e6,1
0xd387a6e4e84a6c86bd90c158c6028a58cc8ac459,0xf36972bbff0bb63dbc8f2c8a93625647b32e024b,1
0xda6ad74619e62503c4cbefbe02ae05c8f4314591,0x14ae8100ea85a11bbb36578f83ab1b5c1cfdd61c,1
0xda6ad74619e62503c4cbefbe02ae05c8f4314591,0x3612b2e93b49f6c797066ca8c38b7f522b32c7cb,1
0xda6ad74619e62503c4cbefbe02ae05c8f4314591,0x94de7e2c73529ebf3206aa3459e699fbcdfcd49b,1
0xdde8df9a7dc9f68bdac815f493d1d731de911b5a,0x36ed2d75a82e180e0871456b15c239b73b4ee9f4,1
0xdde8df9a7dc9f68bdac815f493d1d731de911b5a,0x56178626332fc530561535eeaa914b863aa455f2,1
0xdde8df9a7dc9f68bdac815f493d1d731de911b5a,0xa637522a82f89ec36fb358382c8b01610a4b5432,1
0xdde8df9a7dc9f68bdac815f493d1d731de911b5a,0xf019b2770b4fac719b5d2bef115acc50bd3394b3,1
0xdde8df9a7dc9f68bdac815f493d1d731de911b5a,0xf36972bbff0bb63dbc8f2c8a93625647b32e024b,1
0xe18a94a1e60903b1ec39d9104bed27d9a73ad9e2,0x4191131cd452e9729546b79f9f4e00c12e1d1c22,1
0xe18a94a1e60903b1ec39d9104bed27d9a73ad9e2,0x61a4fc9028048e562b2a49d8dccf2378b644df03,1
0xe18a94a1e60903b1ec39d9104bed27d9a73ad9e2,0x6b4331048c411795a89d54484e3653107d58a64e,1
0xe18a94a1e60903b1ec39d9104bed27d9a73ad9e2,0x83c8f28c26bf6aaca652df1dbbe0e1b56f8baba2,1
0xe301612b0751f6d862a27be205fb8e3c40c8c6db,0x1a491fc7dacae7e270bf9a116c026987d0e6be0a,1
0xe301612b0751f6d862a27be205fb8e3c40c8c6db,0xc6136d5d747350f0a9d46730c12bb6c5a14adcce,1
0xe74ca58ef724b94fac7f2e09e2e48536a5c1ad03,0x54b174179ae825ed630da40b625bb3c883cd40ae,1
0xe74ca58ef724b94fac7f2e09e2e48536a5c1ad03,0xf019b2770b4fac719b5d2bef115acc50bd3394b3,1
0xef3d9ddf59f3622a04753c61e6c4d596e7fc610d,0x02d1e2ce7c875622ce6436b290cefeb9591f0505,1
0xef3d9ddf59f3622a04753c61e6c4d596e7fc610d,0x1a491fc7dacae7e270bf9a116c026987d0e6be0a,1
0xef764bac8a438e7e498c2e5fccf0f174c3e3f8db,0x56178626332fc530561535eeaa914b863aa455f2,1
0xef764bac8a438e7e498c2e5fccf0f174c3e3f8db,0xe301612b0751f6d862a27be205fb8e3c40c8c6db,1
0xf019b2770b4fac719b5d2bef115acc50bd3394b3,0x362b638b43f767350ac0a01b67baad825c108f3d,1
0xf0b145a02139f91f998d093f2a12b9ecf2ef5405,0xc6136d5d747350f0a9d46730c12bb6c5a14adcce,1
0xf17a57cc21b2d9bbe8e2da1fa6a0f14a8c85ff1f,0x02d1e2ce7c875622ce6436b290cefeb9591f0505,1
0xf17a57cc21b2d9bbe8e2da1fa6a0f14a8c85ff1f,0x1a491fc7dacae7e270bf9a116c026987d0e6be0a,1
0xf17a57cc21b2d9bbe8e2da1fa6a0f14a8c85ff1f,0xa7e1551ced00a5e3036c227c3e8ded7ebb688e6a,1
0xf36972bbff0bb63dbc8f2c8a93625647b32e024b,0x36ed2d75a82e180e0871456b15c239b73b4ee9f4,1
0xf36972bbff0bb63dbc8f2c8a93625647b32e024b,0xcc6c1d21e8474b3578e69eb036c712ab08ffdfbb,1
0xf36972bbff0bb63dbc8f2c8a93625647b32e024b,0xf019b2770b4fac719b5d2bef115acc50bd3394b3,1
0xfc9da8787fa75c20985dde414181e2013ced4080,0x50664ede715e131f584d3e7eaabd7818bb20a068,1
0xfc9da8787fa75c20985dde414181e2013ced4080,0x7be6e974dfc6e29515a91b704cf9a0fbc21d1624,1
0xfc9da8787fa75c20985dde414181e2013ced4080,0xab61cc776cc19af7e99d3ba4539435311fa74e8a,1
0xfc9da8787fa75c20985dde414181e2013ced4080,0xc78ebf0eb5b008605eeabdb6a07584fe23ab75e6,1
0xfc9da8787fa75c20985dde414181e2013ced4080,0xd0fd6d1c05b15f5b141253f13855c86cc3e655b8,1
0xfeae9fe11170fc19b6f40796fd1debfa360daacc,0x54b174179ae825ed630da40b625bb3c883cd40ae,1
0xfeae9fe11170fc19b6f40796fd1debfa360daacc,0xda6ad74619e62503c4cbefbe02ae05c8f4314591,1
0xfeae9fe11170fc19b6f40796fd1debfa360daacc,0xe74ca58ef724b94fac7f2e09e2e48536a5c1ad03,1
