target,source,value
0x28e9162fc10bb3a7f98f44e90fa7273698fce360,0x1999a92711cf8815b7f6b07bd34b4287d853cfba,131
0x3693aba8f2d90b40ba5c975967a665ac30f67746,0x1999a92711cf8815b7f6b07bd34b4287d853cfba,72
0x38a4d889a1979133fbc1d58f970f0953e3715c26,0x28e9162fc10bb3a7f98f44e90fa7273698fce360,65
0xb630abd9a5367763b7cba316e870c4a54064cc9f,0xc665a60f22dda926b920deb8ffac0ef9d8a17460,62
0x1999a92711cf8815b7f6b07bd34b4287d853cfba,0x38a4d889a1979133fbc1d58f970f0953e3715c26,49
0x9c291280b4c50c1c083d3070019e00c5e62f9563,0xc40df87e16339f21fbb2e59fb38bf2a957a16ffd,44
0xef7f9d712a82ae54c6ece9d95b7e1ec7449747ed,0x1999a92711cf8815b7f6b07bd34b4287d853cfba,40
0x8bd8795cbeed15f8d5074f493c53b39c11ed37b2,0x6237c88fe026b1b27f494f49ba399448aaaa93c0,37
0x49c3feafddaefc3bed06f4ff87ce86610c2c1076,0x42de10a720c59ed8dcc6e55d5e61e03b5ad70905,34
0x2e07df27127b34d9d497ac9154309bf2740e1ca7,0x268d3a8c4701000546dd0bf959bf6c8956cc3e5e,32
0xfd3ea1d43d610d315de7064478f30d4c502b4f17,0x1ff2875cd548eeae6d22f26bae2d72a50fd143c7,23
0x1999a92711cf8815b7f6b07bd34b4287d853cfba,0xfd3ea1d43d610d315de7064478f30d4c502b4f17,22
0x1999a92711cf8815b7f6b07bd34b4287d853cfba,0x113d754ff2e6ca9fd6ab51932493e4f9dabdf596,20
0x113d754ff2e6ca9fd6ab51932493e4f9dabdf596,0x28e9162fc10bb3a7f98f44e90fa7273698fce360,12
0x6237c88fe026b1b27f494f49ba399448aaaa93c0,0x8bd8795cbeed15f8d5074f493c53b39c11ed37b2,12
0x882ff1134f17017fe2c1f4b464eee7d4f0b0d476,0x3693aba8f2d90b40ba5c975967a665ac30f67746,10
0xfd3ea1d43d610d315de7064478f30d4c502b4f17,0x3693aba8f2d90b40ba5c975967a665ac30f67746,10
0x1999a92711cf8815b7f6b07bd34b4287d853cfba,0x899241b0c41051313ce36271a7e13d54c94877a1,9
0x1ff2875cd548eeae6d22f26bae2d72a50fd143c7,0xfd3ea1d43d610d315de7064478f30d4c502b4f17,9
0x49c3feafddaefc3bed06f4ff87ce86610c2c1076,0x28e9162fc10bb3a7f98f44e90fa7273698fce360,7
0x899241b0c41051313ce36271a7e13d54c94877a1,0x28e9162fc10bb3a7f98f44e90fa7273698fce360,7
0xc665a60f22dda926b920deb8ffac0ef9d8a17460,0xb630abd9a5367763b7cba316e870c4a54064cc9f,7
0x1999a92711cf8815b7f6b07bd34b4287d853cfba,0x268d3a8c4701000546dd0bf959bf6c8956cc3e5e,6
0x4f6580083b3395c8d7ba49dbb2aaf03c9b3b8e79,0xc310e760778ecbca4c65b6c559874757a4c4ece0,6
0xc310e760778ecbca4c65b6c559874757a4c4ece0,0x268d3a8c4701000546dd0bf959bf6c8956cc3e5e,6
0xc6b89634f0afb34b59c05a0b7cd132141778addd,0x1999a92711cf8815b7f6b07bd34b4287d853cfba,6
0xe72eb31b59f85b19499a0f3b3260011894fa0d65,0xe72eb31b59f85b19499a0f3b3260011894fa0d65,5
0xe74ca58ef724b94fac7f2e09e2e48536a5c1ad03,0x88341d1a8f672d2780c8dc725902aae72f143b0c,5
0x113d754ff2e6ca9fd6ab51932493e4f9dabdf596,0x3693aba8f2d90b40ba5c975967a665ac30f67746,4
0x1434a8eaa6d3725d44984d674e4f2dd9cc472bf4,0x3693aba8f2d90b40ba5c975967a665ac30f67746,4
0x1434a8eaa6d3725d44984d674e4f2dd9cc472bf4,0xbec69dfce4c1fa8b7843fee1ca85788d84a86b06,4
0x1999a92711cf8815b7f6b07bd34b4287d853cfba,0x1434a8eaa6d3725d44984d674e4f2dd9cc472bf4,4
0x1999a92711cf8815b7f6b07bd34b4287d853cfba,0x1ff2875cd548eeae6d22f26bae2d72a50fd143c7,4
0x1999a92711cf8815b7f6b07bd34b4287d853cfba,0x616ed054e0e0fdbfcad3fa2f42daed3d7d4ee448,4
0x1999a92711cf8815b7f6b07bd34b4287d853cfba,0x97df501354ba30868c93ffb113d9ce675c7e5929,4
0x268d3a8c4701000546dd0bf959bf6c8956cc3e5e,0x1999a92711cf8815b7f6b07bd34b4287d853cfba,4
0x6237c88fe026b1b27f494f49ba399448aaaa93c0,0x1999a92711cf8815b7f6b07bd34b4287d853cfba,4
0x6237c88fe026b1b27f494f49ba399448aaaa93c0,0x28e9162fc10bb3a7f98f44e90fa7273698fce360,4
0xb630abd9a5367763b7cba316e870c4a54064cc9f,0x28e9162fc10bb3a7f98f44e90fa7273698fce360,4
0xc310e760778ecbca4c65b6c559874757a4c4ece0,0xc6b89634f0afb34b59c05a0b7cd132141778addd,4
0xc665a60f22dda926b920deb8ffac0ef9d8a17460,0x3693aba8f2d90b40ba5c975967a665ac30f67746,4
0x1434a8eaa6d3725d44984d674e4f2dd9cc472bf4,0x009988ff77eeaa00051238ee32c48f10a174933e,3
0x1999a92711cf8815b7f6b07bd34b4287d853cfba,0xb630abd9a5367763b7cba316e870c4a54064cc9f,3
0x1999a92711cf8815b7f6b07bd34b4287d853cfba,0xf6b5f6b9f1624c6426d0a0bb1ebe7d8dbff1f9a3,3
0x1ff2875cd548eeae6d22f26bae2d72a50fd143c7,0xf476cd75be8fdd197ae0b466a2ec2ae44da41897,3
0x268d3a8c4701000546dd0bf959bf6c8956cc3e5e,0x113d754ff2e6ca9fd6ab51932493e4f9dabdf596,3
0x268d3a8c4701000546dd0bf959bf6c8956cc3e5e,0x4f6580083b3395c8d7ba49dbb2aaf03c9b3b8e79,3
0x38a4d889a1979133fbc1d58f970f0953e3715c26,0x1999a92711cf8815b7f6b07bd34b4287d853cfba,3
0x49c3feafddaefc3bed06f4ff87ce86610c2c1076,0x1434a8eaa6d3725d44984d674e4f2dd9cc472bf4,3
0x616ed054e0e0fdbfcad3fa2f42daed3d7d4ee448,0x268d3a8c4701000546dd0bf959bf6c8956cc3e5e,3
0x88341d1a8f672d2780c8dc725902aae72f143b0c,0xe74ca58ef724b94fac7f2e09e2e48536a5c1ad03,3
0x899241b0c41051313ce36271a7e13d54c94877a1,0x1999a92711cf8815b7f6b07bd34b4287d853cfba,3
0xb59825afbba29d5257f877a8a64265c3a10fc2ab,0x3693aba8f2d90b40ba5c975967a665ac30f67746,3
0xbec69dfce4c1fa8b7843fee1ca85788d84a86b06,0x1434a8eaa6d3725d44984d674e4f2dd9cc472bf4,3
0xbec69dfce4c1fa8b7843fee1ca85788d84a86b06,0xc40df87e16339f21fbb2e59fb38bf2a957a16ffd,3
0xc40df87e16339f21fbb2e59fb38bf2a957a16ffd,0xbec69dfce4c1fa8b7843fee1ca85788d84a86b06,3
0xcba9f4a67a51fea7023e09030e75523ad6f41533,0xbec69dfce4c1fa8b7843fee1ca85788d84a86b06,3
0x02280ba7e8c77d1e164700450f517b87fa01fb6b,0x757553c12d575854beda378f6644a4e82103e792,2
0x0ecbba0ccb440e0d396456bacdb3ce2a716b96e5,0xbec69dfce4c1fa8b7843fee1ca85788d84a86b06,2
0x113d754ff2e6ca9fd6ab51932493e4f9dabdf596,0xbec69dfce4c1fa8b7843fee1ca85788d84a86b06,2
0x1434a8eaa6d3725d44984d674e4f2dd9cc472bf4,0x1999a92711cf8815b7f6b07bd34b4287d853cfba,2
0x1999a92711cf8815b7f6b07bd34b4287d853cfba,0x62bdc64a14405e797f86796ea3c2476209ee0bf9,2
0x1999a92711cf8815b7f6b07bd34b4287d853cfba,0xb59825afbba29d5257f877a8a64265c3a10fc2ab,2
0x1999a92711cf8815b7f6b07bd34b4287d853cfba,0xe72eb31b59f85b19499a0f3b3260011894fa0d65,2
0x1ff2875cd548eeae6d22f26bae2d72a50fd143c7,0x28e9162fc10bb3a7f98f44e90fa7273698fce360,2
0x1ff2875cd548eeae6d22f26bae2d72a50fd143c7,0xbec69dfce4c1fa8b7843fee1ca85788d84a86b06,2
0x20a6f27e11edc08d32c21454b4625eecfb22bb21,0x38a4d889a1979133fbc1d58f970f0953e3715c26,2
0x2333fcc3833d2e951ce8e821235ed3b729141996,0x2465bd53a0e4f726dc6bf059e07979715c44dc0b,2
0x2465bd53a0e4f726dc6bf059e07979715c44dc0b,0x49c3feafddaefc3bed06f4ff87ce86610c2c1076,2
0x24e013156619a4a28abac56bda14c516667bf975,0x49c3feafddaefc3bed06f4ff87ce86610c2c1076,2
0x268d3a8c4701000546dd0bf959bf6c8956cc3e5e,0x009988ff77eeaa00051238ee32c48f10a174933e,2
0x268d3a8c4701000546dd0bf959bf6c8956cc3e5e,0xc310e760778ecbca4c65b6c559874757a4c4ece0,2
0x42de10a720c59ed8dcc6e55d5e61e03b5ad70905,0x113d754ff2e6ca9fd6ab51932493e4f9dabdf596,2
0x42de10a720c59ed8dcc6e55d5e61e03b5ad70905,0xd6d7ea4833f22edbed3dbd3d71adf3cdd8e36a01,2
0x42f3f76ba5202d7a4c48fd428b5613c657689bcc,0x1999a92711cf8815b7f6b07bd34b4287d853cfba,2
0x464a4cc807aeec9ee71bbd1a510c2356af351bee,0x1ff2875cd548eeae6d22f26bae2d72a50fd143c7,2
0x46e449a3f88d0e35b4520bc36e8dfda195c896b0,0x1ff2875cd548eeae6d22f26bae2d72a50fd143c7,2
0x46e449a3f88d0e35b4520bc36e8dfda195c896b0,0x42de10a720c59ed8dcc6e55d5e61e03b5ad70905,2
0x49c3feafddaefc3bed06f4ff87ce86610c2c1076,0x46e449a3f88d0e35b4520bc36e8dfda195c896b0,2
0x49c3feafddaefc3bed06f4ff87ce86610c2c1076,0xb630abd9a5367763b7cba316e870c4a54064cc9f,2
0x49c3feafddaefc3bed06f4ff87ce86610c2c1076,0xead6605b9e105e28bd35e9f494131c10c1281ce9,2
0x570d4e8f2886432a9e3bfa61d49558b25999a969,0xf03372d290442637dea47f2252d6aaa13c7758ed,2
0x59c76c664ea5e3703507a04a63f7655d8cbf84be,0xd7a9ccad4ddb88f9a39fcc87748a045767baf5dd,2
0x616ed054e0e0fdbfcad3fa2f42daed3d7d4ee448,0x1434a8eaa6d3725d44984d674e4f2dd9cc472bf4,2
0x616ed054e0e0fdbfcad3fa2f42daed3d7d4ee448,0x1999a92711cf8815b7f6b07bd34b4287d853cfba,2
0x62bdc64a14405e797f86796ea3c2476209ee0bf9,0x1999a92711cf8815b7f6b07bd34b4287d853cfba,2
0x62bdc64a14405e797f86796ea3c2476209ee0bf9,0x3693aba8f2d90b40ba5c975967a665ac30f67746,2
0x62bdc64a14405e797f86796ea3c2476209ee0bf9,0x49c3feafddaefc3bed06f4ff87ce86610c2c1076,2
0x67f155474eb685aef6cd874169f25b3bded6aea6,0xbec69dfce4c1fa8b7843fee1ca85788d84a86b06,2
0x7a1682faf72e41e1e23a11a4cc248c1d4444eb9f,0x8894fd37a63d8959c748f639913aafd70bfc1678,2
0x7af6ecd8c7bfe0039acaddd76cbb99b11afe426b,0x38a4d889a1979133fbc1d58f970f0953e3715c26,2
0x882ff1134f17017fe2c1f4b464eee7d4f0b0d476,0x28e9162fc10bb3a7f98f44e90fa7273698fce360,2
0x899241b0c41051313ce36271a7e13d54c94877a1,0x3693aba8f2d90b40ba5c975967a665ac30f67746,2
0x899241b0c41051313ce36271a7e13d54c94877a1,0xc01d9815ce225d4f3f33eb1dec297553382a74ce,2
0x8f8b4759dc93ca55bd6997df719f20f581f10f5c,0x8894fd37a63d8959c748f639913aafd70bfc1678,2
0x97df501354ba30868c93ffb113d9ce675c7e5929,0x3693aba8f2d90b40ba5c975967a665ac30f67746,2
0xb59825afbba29d5257f877a8a64265c3a10fc2ab,0x28e9162fc10bb3a7f98f44e90fa7273698fce360,2
0xbff79922fcbf93f9c30abb22322b271460c6bebb,0x38a4d889a1979133fbc1d58f970f0953e3715c26,2
0xc310e760778ecbca4c65b6c559874757a4c4ece0,0x2e07df27127b34d9d497ac9154309bf2740e1ca7,2
0xc40df87e16339f21fbb2e59fb38bf2a957a16ffd,0xe74ca58ef724b94fac7f2e09e2e48536a5c1ad03,2
0xc665a60f22dda926b920deb8ffac0ef9d8a17460,0x1434a8eaa6d3725d44984d674e4f2dd9cc472bf4,2
0xc665a60f22dda926b920deb8ffac0ef9d8a17460,0xbec69dfce4c1fa8b7843fee1ca85788d84a86b06,2
0xc6b89634f0afb34b59c05a0b7cd132141778addd,0xc310e760778ecbca4c65b6c559874757a4c4ece0,2
0xce477c20771a75d80eadb455daa5f4a4ed20dd0c,0x4f6580083b3395c8d7ba49dbb2aaf03c9b3b8e79,2
0xe72eb31b59f85b19499a0f3b3260011894fa0d65,0x1999a92711cf8815b7f6b07bd34b4287d853cfba,2
0xf476cd75be8fdd197ae0b466a2ec2ae44da41897,0x62bdc64a14405e797f86796ea3c2476209ee0bf9,2
0xf533a9a5bddf9d79801468d7078584d94eb316cd,0xbec69dfce4c1fa8b7843fee1ca85788d84a86b06,2
0xfd3ea1d43d610d315de7064478f30d4c502b4f17,0x2736ecb14b2f74a1bf673bf9d0790ad67a7f1fe4,2
0xfd3ea1d43d610d315de7064478f30d4c502b4f17,0x28e9162fc10bb3a7f98f44e90fa7273698fce360,2
0x009988ff77eeaa00051238ee32c48f10a174933e,0x268d3a8c4701000546dd0bf959bf6c8956cc3e5e,1
0x009988ff77eeaa00051238ee32c48f10a174933e,0x2e07df27127b34d9d497ac9154309bf2740e1ca7,1
0x009988ff77eeaa00051238ee32c48f10a174933e,0x4f6580083b3395c8d7ba49dbb2aaf03c9b3b8e79,1
0x009988ff77eeaa00051238ee32c48f10a174933e,0x8f8b4759dc93ca55bd6997df719f20f581f10f5c,1
0x009988ff77eeaa00051238ee32c48f10a174933e,0xd6d7ea4833f22edbed3dbd3d71adf3cdd8e36a01,1
0x02280ba7e8c77d1e164700450f517b87fa01fb6b,0x268d3a8c4701000546dd0bf959bf6c8956cc3e5e,1
0x0bd22d333f6cf380ca3dae47dc2bc53fbda789fb,0x7a1682faf72e41e1e23a11a4cc248c1d4444eb9f,1
0x0bd22d333f6cf380ca3dae47dc2bc53fbda789fb,0xb630abd9a5367763b7cba316e870c4a54064cc9f,1
0x0bd22d333f6cf380ca3dae47dc2bc53fbda789fb,0xbec69dfce4c1fa8b7843fee1ca85788d84a86b06,1
0x0f4bc970e348a061b69d05b7e2e5c13eb687e5e3,0x1ff2875cd548eeae6d22f26bae2d72a50fd143c7,1
0x0f4bc970e348a061b69d05b7e2e5c13eb687e5e3,0x67f155474eb685aef6cd874169f25b3bded6aea6,1
0x0f4bc970e348a061b69d05b7e2e5c13eb687e5e3,0x97df501354ba30868c93ffb113d9ce675c7e5929,1
0x113d754ff2e6ca9fd6ab51932493e4f9dabdf596,0x1ff2875cd548eeae6d22f26bae2d72a50fd143c7,1
0x113d754ff2e6ca9fd6ab51932493e4f9dabdf596,0x4f6580083b3395c8d7ba49dbb2aaf03c9b3b8e79,1
0x113d754ff2e6ca9fd6ab51932493e4f9dabdf596,0x55a9c5180dcafc98d99d3f3e4b248e9156b12ac1,1
0x113d754ff2e6ca9fd6ab51932493e4f9dabdf596,0x62bdc64a14405e797f86796ea3c2476209ee0bf9,1
0x113d754ff2e6ca9fd6ab51932493e4f9dabdf596,0x98a3da6293e56674d250fa9ada4c684dc34e4e0b,1
0x113d754ff2e6ca9fd6ab51932493e4f9dabdf596,0xe001c29fb7f68df1d787f1377753a67762401589,1
0x1434a8eaa6d3725d44984d674e4f2dd9cc472bf4,0x113d754ff2e6ca9fd6ab51932493e4f9dabdf596,1
0x1434a8eaa6d3725d44984d674e4f2dd9cc472bf4,0x38a4d889a1979133fbc1d58f970f0953e3715c26,1
0x1434a8eaa6d3725d44984d674e4f2dd9cc472bf4,0x49c3feafddaefc3bed06f4ff87ce86610c2c1076,1
0x1434a8eaa6d3725d44984d674e4f2dd9cc472bf4,0x4df00689952974edbe1cc05d2710ea1b2b6e185f,1
0x1434a8eaa6d3725d44984d674e4f2dd9cc472bf4,0x59c76c664ea5e3703507a04a63f7655d8cbf84be,1
0x1434a8eaa6d3725d44984d674e4f2dd9cc472bf4,0x666348d1e5403bbaa71e7c8e912bde08a5c93bf9,1
0x1434a8eaa6d3725d44984d674e4f2dd9cc472bf4,0x67f155474eb685aef6cd874169f25b3bded6aea6,1
0x1434a8eaa6d3725d44984d674e4f2dd9cc472bf4,0x69c4486803c60fd263dd61bb5f269bcfb815a7bd,1
0x1434a8eaa6d3725d44984d674e4f2dd9cc472bf4,0x8bd8795cbeed15f8d5074f493c53b39c11ed37b2,1
0x1434a8eaa6d3725d44984d674e4f2dd9cc472bf4,0x8f6663a1ac7a98c060280b562c814a84b79b3123,1
0x1434a8eaa6d3725d44984d674e4f2dd9cc472bf4,0x98a3da6293e56674d250fa9ada4c684dc34e4e0b,1
0x1434a8eaa6d3725d44984d674e4f2dd9cc472bf4,0xa3818bc0ab0fc8273f308ba2793e49e10aa1f756,1
0x1434a8eaa6d3725d44984d674e4f2dd9cc472bf4,0xc6b89634f0afb34b59c05a0b7cd132141778addd,1
0x1434a8eaa6d3725d44984d674e4f2dd9cc472bf4,0xd64d7b3bd6f744ab507a4cb081af05bbdf93cd4e,1
0x1434a8eaa6d3725d44984d674e4f2dd9cc472bf4,0xe001c29fb7f68df1d787f1377753a67762401589,1
0x1434a8eaa6d3725d44984d674e4f2dd9cc472bf4,0xf533a9a5bddf9d79801468d7078584d94eb316cd,1
0x1434a8eaa6d3725d44984d674e4f2dd9cc472bf4,0xf6b5f6b9f1624c6426d0a0bb1ebe7d8dbff1f9a3,1
0x1999a92711cf8815b7f6b07bd34b4287d853cfba,0x4298e663517593284ad4fe199b21815bd48a9969,1
0x1999a92711cf8815b7f6b07bd34b4287d853cfba,0x6237c88fe026b1b27f494f49ba399448aaaa93c0,1
0x1999a92711cf8815b7f6b07bd34b4287d853cfba,0x882ff1134f17017fe2c1f4b464eee7d4f0b0d476,1
0x1999a92711cf8815b7f6b07bd34b4287d853cfba,0x8bd8795cbeed15f8d5074f493c53b39c11ed37b2,1
0x1999a92711cf8815b7f6b07bd34b4287d853cfba,0xc665a60f22dda926b920deb8ffac0ef9d8a17460,1
0x1999a92711cf8815b7f6b07bd34b4287d853cfba,0xc6b89634f0afb34b59c05a0b7cd132141778addd,1
0x1cc3195c46c2f6af665ae281ad861eab88ed8fb5,0x1ff2875cd548eeae6d22f26bae2d72a50fd143c7,1
0x1ff2875cd548eeae6d22f26bae2d72a50fd143c7,0x113d754ff2e6ca9fd6ab51932493e4f9dabdf596,1
0x1ff2875cd548eeae6d22f26bae2d72a50fd143c7,0x2736ecb14b2f74a1bf673bf9d0790ad67a7f1fe4,1
0x1ff2875cd548eeae6d22f26bae2d72a50fd143c7,0x3693aba8f2d90b40ba5c975967a665ac30f67746,1
0x1ff2875cd548eeae6d22f26bae2d72a50fd143c7,0x570d4e8f2886432a9e3bfa61d49558b25999a969,1
0x1ff2875cd548eeae6d22f26bae2d72a50fd143c7,0x69c4486803c60fd263dd61bb5f269bcfb815a7bd,1
0x1ff2875cd548eeae6d22f26bae2d72a50fd143c7,0xb523170d7d9010a5046e7753ee8c814ad9ec0c05,1
0x1ff2875cd548eeae6d22f26bae2d72a50fd143c7,0xb630abd9a5367763b7cba316e870c4a54064cc9f,1
0x1ff2875cd548eeae6d22f26bae2d72a50fd143c7,0xf03372d290442637dea47f2252d6aaa13c7758ed,1
0x20a6f27e11edc08d32c21454b4625eecfb22bb21,0x009988ff77eeaa00051238ee32c48f10a174933e,1
0x20a6f27e11edc08d32c21454b4625eecfb22bb21,0x1434a8eaa6d3725d44984d674e4f2dd9cc472bf4,1
0x20a6f27e11edc08d32c21454b4625eecfb22bb21,0x49c3feafddaefc3bed06f4ff87ce86610c2c1076,1
0x20a6f27e11edc08d32c21454b4625eecfb22bb21,0x882ff1134f17017fe2c1f4b464eee7d4f0b0d476,1
0x2333fcc3833d2e951ce8e821235ed3b729141996,0x49c3feafddaefc3bed06f4ff87ce86610c2c1076,1
0x2333fcc3833d2e951ce8e821235ed3b729141996,0x8f8b4759dc93ca55bd6997df719f20f581f10f5c,1
0x2333fcc3833d2e951ce8e821235ed3b729141996,0xd946f4983dce96a0057e34ebd27f807125504d15,1
0x2465bd53a0e4f726dc6bf059e07979715c44dc0b,0x570d4e8f2886432a9e3bfa61d49558b25999a969,1
0x2465bd53a0e4f726dc6bf059e07979715c44dc0b,0x5f298bd43168b7d3cbb71b1ea017ddbe250220ae,1
0x2465bd53a0e4f726dc6bf059e07979715c44dc0b,0x7b41f235e12ae2d3696caae3f921412d7c2fca2b,1
0x2465bd53a0e4f726dc6bf059e07979715c44dc0b,0xca1a96013336eb971a682de6949ec9a52a0eeaa3,1
0x24e013156619a4a28abac56bda14c516667bf975,0x1ff2875cd548eeae6d22f26bae2d72a50fd143c7,1
0x24e013156619a4a28abac56bda14c516667bf975,0x7b41f235e12ae2d3696caae3f921412d7c2fca2b,1
0x24e013156619a4a28abac56bda14c516667bf975,0x8f10ae3ffd993bfb0a71e58e1bb606439dd5b301,1
0x265cdd11b3abb0432a35300f6afb214777280817,0x4298e663517593284ad4fe199b21815bd48a9969,1
0x265cdd11b3abb0432a35300f6afb214777280817,0x49c3feafddaefc3bed06f4ff87ce86610c2c1076,1
0x265cdd11b3abb0432a35300f6afb214777280817,0x666348d1e5403bbaa71e7c8e912bde08a5c93bf9,1
0x268d3a8c4701000546dd0bf959bf6c8956cc3e5e,0x2465bd53a0e4f726dc6bf059e07979715c44dc0b,1
0x268d3a8c4701000546dd0bf959bf6c8956cc3e5e,0x49c3feafddaefc3bed06f4ff87ce86610c2c1076,1
0x268d3a8c4701000546dd0bf959bf6c8956cc3e5e,0x8bd8795cbeed15f8d5074f493c53b39c11ed37b2,1
0x268d3a8c4701000546dd0bf959bf6c8956cc3e5e,0xbec69dfce4c1fa8b7843fee1ca85788d84a86b06,1
0x268d3a8c4701000546dd0bf959bf6c8956cc3e5e,0xc665a60f22dda926b920deb8ffac0ef9d8a17460,1
0x268d3a8c4701000546dd0bf959bf6c8956cc3e5e,0xc6b89634f0afb34b59c05a0b7cd132141778addd,1
0x268d3a8c4701000546dd0bf959bf6c8956cc3e5e,0xca1a96013336eb971a682de6949ec9a52a0eeaa3,1
0x268d3a8c4701000546dd0bf959bf6c8956cc3e5e,0xe72eb31b59f85b19499a0f3b3260011894fa0d65,1
0x268d3a8c4701000546dd0bf959bf6c8956cc3e5e,0xe74ca58ef724b94fac7f2e09e2e48536a5c1ad03,1
0x2736ecb14b2f74a1bf673bf9d0790ad67a7f1fe4,0x0bd22d333f6cf380ca3dae47dc2bc53fbda789fb,1
0x2736ecb14b2f74a1bf673bf9d0790ad67a7f1fe4,0x113d754ff2e6ca9fd6ab51932493e4f9dabdf596,1
0x2736ecb14b2f74a1bf673bf9d0790ad67a7f1fe4,0x4298e663517593284ad4fe199b21815bd48a9969,1
0x2736ecb14b2f74a1bf673bf9d0790ad67a7f1fe4,0x6237c88fe026b1b27f494f49ba399448aaaa93c0,1
0x2736ecb14b2f74a1bf673bf9d0790ad67a7f1fe4,0x80bddfc2bd0b7c7fbc9691859948060c5bf86d59,1
0x2736ecb14b2f74a1bf673bf9d0790ad67a7f1fe4,0xd7a9ccad4ddb88f9a39fcc87748a045767baf5dd,1
0x2d1194e75b408c9395a8bbbedc0079322b62c0a4,0x1434a8eaa6d3725d44984d674e4f2dd9cc472bf4,1
0x2e07df27127b34d9d497ac9154309bf2740e1ca7,0x98a3da6293e56674d250fa9ada4c684dc34e4e0b,1
0x2e07df27127b34d9d497ac9154309bf2740e1ca7,0xbec69dfce4c1fa8b7843fee1ca85788d84a86b06,1
0x2e07df27127b34d9d497ac9154309bf2740e1ca7,0xd946f4983dce96a0057e34ebd27f807125504d15,1
0x38a4d889a1979133fbc1d58f970f0953e3715c26,0x1434a8eaa6d3725d44984d674e4f2dd9cc472bf4,1
0x38a4d889a1979133fbc1d58f970f0953e3715c26,0x3693aba8f2d90b40ba5c975967a665ac30f67746,1
0x38a4d889a1979133fbc1d58f970f0953e3715c26,0x59c76c664ea5e3703507a04a63f7655d8cbf84be,1
0x38a4d889a1979133fbc1d58f970f0953e3715c26,0xb630abd9a5367763b7cba316e870c4a54064cc9f,1
0x38a4d889a1979133fbc1d58f970f0953e3715c26,0xc01d9815ce225d4f3f33eb1dec297553382a74ce,1
0x400a721b900402cb40ef3707f169ccce7bcbef00,0x009988ff77eeaa00051238ee32c48f10a174933e,1
0x400a721b900402cb40ef3707f169ccce7bcbef00,0xd4c4015775c99d20f0baa118d738ae0e01f58234,1
0x4298e663517593284ad4fe199b21815bd48a9969,0x28e9162fc10bb3a7f98f44e90fa7273698fce360,1
0x4298e663517593284ad4fe199b21815bd48a9969,0xe052113bd7d7700d623414a0a4585bcae754e9d5,1
0x42de10a720c59ed8dcc6e55d5e61e03b5ad70905,0x1434a8eaa6d3725d44984d674e4f2dd9cc472bf4,1
0x42de10a720c59ed8dcc6e55d5e61e03b5ad70905,0x1ff2875cd548eeae6d22f26bae2d72a50fd143c7,1
0x42de10a720c59ed8dcc6e55d5e61e03b5ad70905,0x49c3feafddaefc3bed06f4ff87ce86610c2c1076,1
0x42de10a720c59ed8dcc6e55d5e61e03b5ad70905,0x882ff1134f17017fe2c1f4b464eee7d4f0b0d476,1
0x42de10a720c59ed8dcc6e55d5e61e03b5ad70905,0xf03372d290442637dea47f2252d6aaa13c7758ed,1
0x42f3f76ba5202d7a4c48fd428b5613c657689bcc,0x1434a8eaa6d3725d44984d674e4f2dd9cc472bf4,1
0x42f3f76ba5202d7a4c48fd428b5613c657689bcc,0x8bd8795cbeed15f8d5074f493c53b39c11ed37b2,1
0x42f3f76ba5202d7a4c48fd428b5613c657689bcc,0xb630abd9a5367763b7cba316e870c4a54064cc9f,1
0x464a4cc807aeec9ee71bbd1a510c2356af351bee,0x882ff1134f17017fe2c1f4b464eee7d4f0b0d476,1
0x464a4cc807aeec9ee71bbd1a510c2356af351bee,0x8f8b4759dc93ca55bd6997df719f20f581f10f5c,1
0x464a4cc807aeec9ee71bbd1a510c2356af351bee,0xb2a2a6a69e7a0ad66943f4c2869d45a9919cf740,1
0x46e449a3f88d0e35b4520bc36e8dfda195c896b0,0x009988ff77eeaa00051238ee32c48f10a174933e,1
0x46e449a3f88d0e35b4520bc36e8dfda195c896b0,0x98a3da6293e56674d250fa9ada4c684dc34e4e0b,1
0x46e449a3f88d0e35b4520bc36e8dfda195c896b0,0xbec69dfce4c1fa8b7843fee1ca85788d84a86b06,1
0x46e449a3f88d0e35b4520bc36e8dfda195c896b0,0xf03372d290442637dea47f2252d6aaa13c7758ed,1
0x46e449a3f88d0e35b4520bc36e8dfda195c896b0,0xf476cd75be8fdd197ae0b466a2ec2ae44da41897,1
0x49c3feafddaefc3bed06f4ff87ce86610c2c1076,0x009988ff77eeaa00051238ee32c48f10a174933e,1
0x49c3feafddaefc3bed06f4ff87ce86610c2c1076,0x113d754ff2e6ca9fd6ab51932493e4f9dabdf596,1
0x49c3feafddaefc3bed06f4ff87ce86610c2c1076,0x7a1682faf72e41e1e23a11a4cc248c1d4444eb9f,1
0x49c3feafddaefc3bed06f4ff87ce86610c2c1076,0x7af6ecd8c7bfe0039acaddd76cbb99b11afe426b,1
0x49c3feafddaefc3bed06f4ff87ce86610c2c1076,0x8f8b4759dc93ca55bd6997df719f20f581f10f5c,1
0x49c3feafddaefc3bed06f4ff87ce86610c2c1076,0xd6d7ea4833f22edbed3dbd3d71adf3cdd8e36a01,1
0x4f23f946562d26f62a80c06b4a6909da371cc4f7,0x7a1682faf72e41e1e23a11a4cc248c1d4444eb9f,1
0x4f23f946562d26f62a80c06b4a6909da371cc4f7,0xb59825afbba29d5257f877a8a64265c3a10fc2ab,1
0x4f23f946562d26f62a80c06b4a6909da371cc4f7,0xb630abd9a5367763b7cba316e870c4a54064cc9f,1
0x4f23f946562d26f62a80c06b4a6909da371cc4f7,0xc6b89634f0afb34b59c05a0b7cd132141778addd,1
0x4f6580083b3395c8d7ba49dbb2aaf03c9b3b8e79,0xe052113bd7d7700d623414a0a4585bcae754e9d5,1
0x55a9c5180dcafc98d99d3f3e4b248e9156b12ac1,0xd4c4015775c99d20f0baa118d738ae0e01f58234,1
0x570d4e8f2886432a9e3bfa61d49558b25999a969,0x113d754ff2e6ca9fd6ab51932493e4f9dabdf596,1
0x570d4e8f2886432a9e3bfa61d49558b25999a969,0x1434a8eaa6d3725d44984d674e4f2dd9cc472bf4,1
0x570d4e8f2886432a9e3bfa61d49558b25999a969,0x1ff2875cd548eeae6d22f26bae2d72a50fd143c7,1
0x570d4e8f2886432a9e3bfa61d49558b25999a969,0xc6b89634f0afb34b59c05a0b7cd132141778addd,1
0x59c76c664ea5e3703507a04a63f7655d8cbf84be,0x113d754ff2e6ca9fd6ab51932493e4f9dabdf596,1
0x5e92a45225c3925b6180b8672a3cf5dd75bcc4a1,0x1434a8eaa6d3725d44984d674e4f2dd9cc472bf4,1
0x5e92a45225c3925b6180b8672a3cf5dd75bcc4a1,0x1ff2875cd548eeae6d22f26bae2d72a50fd143c7,1
0x5e92a45225c3925b6180b8672a3cf5dd75bcc4a1,0x49c3feafddaefc3bed06f4ff87ce86610c2c1076,1
0x5e92a45225c3925b6180b8672a3cf5dd75bcc4a1,0x62bdc64a14405e797f86796ea3c2476209ee0bf9,1
0x5e92a45225c3925b6180b8672a3cf5dd75bcc4a1,0xc40df87e16339f21fbb2e59fb38bf2a957a16ffd,1
0x5e92a45225c3925b6180b8672a3cf5dd75bcc4a1,0xf6b5f6b9f1624c6426d0a0bb1ebe7d8dbff1f9a3,1
0x5f298bd43168b7d3cbb71b1ea017ddbe250220ae,0x8f6663a1ac7a98c060280b562c814a84b79b3123,1
0x5f298bd43168b7d3cbb71b1ea017ddbe250220ae,0xcba9f4a67a51fea7023e09030e75523ad6f41533,1
0x5f298bd43168b7d3cbb71b1ea017ddbe250220ae,0xe72eb31b59f85b19499a0f3b3260011894fa0d65,1
0x616ed054e0e0fdbfcad3fa2f42daed3d7d4ee448,0x757553c12d575854beda378f6644a4e82103e792,1
0x616ed054e0e0fdbfcad3fa2f42daed3d7d4ee448,0x8f8b4759dc93ca55bd6997df719f20f581f10f5c,1
0x616ed054e0e0fdbfcad3fa2f42daed3d7d4ee448,0xb2a2a6a69e7a0ad66943f4c2869d45a9919cf740,1
0x616ed054e0e0fdbfcad3fa2f42daed3d7d4ee448,0xbec69dfce4c1fa8b7843fee1ca85788d84a86b06,1
0x616ed054e0e0fdbfcad3fa2f42daed3d7d4ee448,0xf6b5f6b9f1624c6426d0a0bb1ebe7d8dbff1f9a3,1
0x61e29379b06491ea5a0be90fae954c56c91fd9c4,0x59c76c664ea5e3703507a04a63f7655d8cbf84be,1
0x6237c88fe026b1b27f494f49ba399448aaaa93c0,0x113d754ff2e6ca9fd6ab51932493e4f9dabdf596,1
0x62bdc64a14405e797f86796ea3c2476209ee0bf9,0x1434a8eaa6d3725d44984d674e4f2dd9cc472bf4,1
0x62bdc64a14405e797f86796ea3c2476209ee0bf9,0x55a9c5180dcafc98d99d3f3e4b248e9156b12ac1,1
0x62bdc64a14405e797f86796ea3c2476209ee0bf9,0x8f8b4759dc93ca55bd6997df719f20f581f10f5c,1
0x666348d1e5403bbaa71e7c8e912bde08a5c93bf9,0x1434a8eaa6d3725d44984d674e4f2dd9cc472bf4,1
0x666348d1e5403bbaa71e7c8e912bde08a5c93bf9,0x268d3a8c4701000546dd0bf959bf6c8956cc3e5e,1
0x666348d1e5403bbaa71e7c8e912bde08a5c93bf9,0x6237c88fe026b1b27f494f49ba399448aaaa93c0,1
0x666348d1e5403bbaa71e7c8e912bde08a5c93bf9,0x8f6663a1ac7a98c060280b562c814a84b79b3123,1
0x67f155474eb685aef6cd874169f25b3bded6aea6,0x570d4e8f2886432a9e3bfa61d49558b25999a969,1
0x67f155474eb685aef6cd874169f25b3bded6aea6,0xfc33080e56aad6d5856b46f206d2be9d70366ca5,1
0x757553c12d575854beda378f6644a4e82103e792,0x59c76c664ea5e3703507a04a63f7655d8cbf84be,1
0x7af6ecd8c7bfe0039acaddd76cbb99b11afe426b,0x1434a8eaa6d3725d44984d674e4f2dd9cc472bf4,1
0x7af6ecd8c7bfe0039acaddd76cbb99b11afe426b,0x7b41f235e12ae2d3696caae3f921412d7c2fca2b,1
0x7b41f235e12ae2d3696caae3f921412d7c2fca2b,0xa3818bc0ab0fc8273f308ba2793e49e10aa1f756,1
0x882ff1134f17017fe2c1f4b464eee7d4f0b0d476,0x42de10a720c59ed8dcc6e55d5e61e03b5ad70905,1
0x882ff1134f17017fe2c1f4b464eee7d4f0b0d476,0x570d4e8f2886432a9e3bfa61d49558b25999a969,1
0x882ff1134f17017fe2c1f4b464eee7d4f0b0d476,0xd6d7ea4833f22edbed3dbd3d71adf3cdd8e36a01,1
0x8894fd37a63d8959c748f639913aafd70bfc1678,0x666348d1e5403bbaa71e7c8e912bde08a5c93bf9,1
0x8894fd37a63d8959c748f639913aafd70bfc1678,0xbec69dfce4c1fa8b7843fee1ca85788d84a86b06,1
0x8bd8795cbeed15f8d5074f493c53b39c11ed37b2,0x49c3feafddaefc3bed06f4ff87ce86610c2c1076,1
0x8f6663a1ac7a98c060280b562c814a84b79b3123,0x2e07df27127b34d9d497ac9154309bf2740e1ca7,1
0x8f8b4759dc93ca55bd6997df719f20f581f10f5c,0x1434a8eaa6d3725d44984d674e4f2dd9cc472bf4,1
0x8f8b4759dc93ca55bd6997df719f20f581f10f5c,0x6237c88fe026b1b27f494f49ba399448aaaa93c0,1
0x91dccaa260cc4616e1a6e6b693db7207c5e42937,0x59c76c664ea5e3703507a04a63f7655d8cbf84be,1
0x91dccaa260cc4616e1a6e6b693db7207c5e42937,0x6237c88fe026b1b27f494f49ba399448aaaa93c0,1
0x97df501354ba30868c93ffb113d9ce675c7e5929,0x8f10ae3ffd993bfb0a71e58e1bb606439dd5b301,1
0x97df501354ba30868c93ffb113d9ce675c7e5929,0xb523170d7d9010a5046e7753ee8c814ad9ec0c05,1
0x98a3da6293e56674d250fa9ada4c684dc34e4e0b,0x1434a8eaa6d3725d44984d674e4f2dd9cc472bf4,1
0x98a3da6293e56674d250fa9ada4c684dc34e4e0b,0x268d3a8c4701000546dd0bf959bf6c8956cc3e5e,1
0x98a3da6293e56674d250fa9ada4c684dc34e4e0b,0xc40df87e16339f21fbb2e59fb38bf2a957a16ffd,1
0x98a3da6293e56674d250fa9ada4c684dc34e4e0b,0xfc33080e56aad6d5856b46f206d2be9d70366ca5,1
0x9c291280b4c50c1c083d3070019e00c5e62f9563,0x49c3feafddaefc3bed06f4ff87ce86610c2c1076,1
0xa3818bc0ab0fc8273f308ba2793e49e10aa1f756,0xd7a9ccad4ddb88f9a39fcc87748a045767baf5dd,1
0xb1cbed4ab864e9215206cc88c5f758fda4e01e25,0x38a4d889a1979133fbc1d58f970f0953e3715c26,1
0xb1cbed4ab864e9215206cc88c5f758fda4e01e25,0x80bddfc2bd0b7c7fbc9691859948060c5bf86d59,1
0xb1cbed4ab864e9215206cc88c5f758fda4e01e25,0xca1a96013336eb971a682de6949ec9a52a0eeaa3,1
0xb2a2a6a69e7a0ad66943f4c2869d45a9919cf740,0x49c3feafddaefc3bed06f4ff87ce86610c2c1076,1
0xb425e49991ba69e9f4626091fe5948d418350891,0x55a9c5180dcafc98d99d3f3e4b248e9156b12ac1,1
0xb425e49991ba69e9f4626091fe5948d418350891,0x69c4486803c60fd263dd61bb5f269bcfb815a7bd,1
0xb425e49991ba69e9f4626091fe5948d418350891,0x8894fd37a63d8959c748f639913aafd70bfc1678,1
0xb523170d7d9010a5046e7753ee8c814ad9ec0c05,0x1ff2875cd548eeae6d22f26bae2d72a50fd143c7,1
0xb523170d7d9010a5046e7753ee8c814ad9ec0c05,0x8894fd37a63d8959c748f639913aafd70bfc1678,1
0xb59825afbba29d5257f877a8a64265c3a10fc2ab,0x42de10a720c59ed8dcc6e55d5e61e03b5ad70905,1
0xb59825afbba29d5257f877a8a64265c3a10fc2ab,0xb523170d7d9010a5046e7753ee8c814ad9ec0c05,1
0xb59825afbba29d5257f877a8a64265c3a10fc2ab,0xca1a96013336eb971a682de6949ec9a52a0eeaa3,1
0xb59825afbba29d5257f877a8a64265c3a10fc2ab,0xef7f9d712a82ae54c6ece9d95b7e1ec7449747ed,1
0xb630abd9a5367763b7cba316e870c4a54064cc9f,0x0f4bc970e348a061b69d05b7e2e5c13eb687e5e3,1
0xb630abd9a5367763b7cba316e870c4a54064cc9f,0x7b41f235e12ae2d3696caae3f921412d7c2fca2b,1
0xbec69dfce4c1fa8b7843fee1ca85788d84a86b06,0x113d754ff2e6ca9fd6ab51932493e4f9dabdf596,1
0xbec69dfce4c1fa8b7843fee1ca85788d84a86b06,0x268d3a8c4701000546dd0bf959bf6c8956cc3e5e,1
0xbec69dfce4c1fa8b7843fee1ca85788d84a86b06,0x49c3feafddaefc3bed06f4ff87ce86610c2c1076,1
0xbec69dfce4c1fa8b7843fee1ca85788d84a86b06,0x69c4486803c60fd263dd61bb5f269bcfb815a7bd,1
0xbec69dfce4c1fa8b7843fee1ca85788d84a86b06,0xd6d7ea4833f22edbed3dbd3d71adf3cdd8e36a01,1
0xbec69dfce4c1fa8b7843fee1ca85788d84a86b06,0xf03372d290442637dea47f2252d6aaa13c7758ed,1
0xbec69dfce4c1fa8b7843fee1ca85788d84a86b06,0xf533a9a5bddf9d79801468d7078584d94eb316cd,1
0xbec69dfce4c1fa8b7843fee1ca85788d84a86b06,0xf6b5f6b9f1624c6426d0a0bb1ebe7d8dbff1f9a3,1
0xbff79922fcbf93f9c30abb22322b271460c6bebb,0xb2a2a6a69e7a0ad66943f4c2869d45a9919cf740,1
0xbff79922fcbf93f9c30abb22322b271460c6bebb,0xca1a96013336eb971a682de6949ec9a52a0eeaa3,1
0xbff79922fcbf93f9c30abb22322b271460c6bebb,0xd6d7ea4833f22edbed3dbd3d71adf3cdd8e36a01,1
0xc01d9815ce225d4f3f33eb1dec297553382a74ce,0x1434a8eaa6d3725d44984d674e4f2dd9cc472bf4,1
0xc01d9815ce225d4f3f33eb1dec297553382a74ce,0x59c76c664ea5e3703507a04a63f7655d8cbf84be,1
0xc01d9815ce225d4f3f33eb1dec297553382a74ce,0x6237c88fe026b1b27f494f49ba399448aaaa93c0,1
0xc01d9815ce225d4f3f33eb1dec297553382a74ce,0x69c4486803c60fd263dd61bb5f269bcfb815a7bd,1
0xc01d9815ce225d4f3f33eb1dec297553382a74ce,0x757553c12d575854beda378f6644a4e82103e792,1
0xc01d9815ce225d4f3f33eb1dec297553382a74ce,0xa3818bc0ab0fc8273f308ba2793e49e10aa1f756,1
0xc40df87e16339f21fbb2e59fb38bf2a957a16ffd,0x113d754ff2e6ca9fd6ab51932493e4f9dabdf596,1
0xc40df87e16339f21fbb2e59fb38bf2a957a16ffd,0x1434a8eaa6d3725d44984d674e4f2dd9cc472bf4,1
0xc40df87e16339f21fbb2e59fb38bf2a957a16ffd,0x6237c88fe026b1b27f494f49ba399448aaaa93c0,1
0xc40df87e16339f21fbb2e59fb38bf2a957a16ffd,0xd7a9ccad4ddb88f9a39fcc87748a045767baf5dd,1
0xc40df87e16339f21fbb2e59fb38bf2a957a16ffd,0xf6b5f6b9f1624c6426d0a0bb1ebe7d8dbff1f9a3,1
0xc40df87e16339f21fbb2e59fb38bf2a957a16ffd,0xfc33080e56aad6d5856b46f206d2be9d70366ca5,1
0xc665a60f22dda926b920deb8ffac0ef9d8a17460,0x4298e663517593284ad4fe199b21815bd48a9969,1
0xc665a60f22dda926b920deb8ffac0ef9d8a17460,0x62bdc64a14405e797f86796ea3c2476209ee0bf9,1
0xc665a60f22dda926b920deb8ffac0ef9d8a17460,0x666348d1e5403bbaa71e7c8e912bde08a5c93bf9,1
0xc665a60f22dda926b920deb8ffac0ef9d8a17460,0xe74ca58ef724b94fac7f2e09e2e48536a5c1ad03,1
0xc665a60f22dda926b920deb8ffac0ef9d8a17460,0xf476cd75be8fdd197ae0b466a2ec2ae44da41897,1
0xc6b89634f0afb34b59c05a0b7cd132141778addd,0x882ff1134f17017fe2c1f4b464eee7d4f0b0d476,1
0xc6b89634f0afb34b59c05a0b7cd132141778addd,0x8894fd37a63d8959c748f639913aafd70bfc1678,1
0xc6b89634f0afb34b59c05a0b7cd132141778addd,0xbec69dfce4c1fa8b7843fee1ca85788d84a86b06,1
0xcba9f4a67a51fea7023e09030e75523ad6f41533,0x009988ff77eeaa00051238ee32c48f10a174933e,1
0xcba9f4a67a51fea7023e09030e75523ad6f41533,0x113d754ff2e6ca9fd6ab51932493e4f9dabdf596,1
0xcba9f4a67a51fea7023e09030e75523ad6f41533,0x8894fd37a63d8959c748f639913aafd70bfc1678,1
0xcba9f4a67a51fea7023e09030e75523ad6f41533,0x8f6663a1ac7a98c060280b562c814a84b79b3123,1
0xce477c20771a75d80eadb455daa5f4a4ed20dd0c,0x8f8b4759dc93ca55bd6997df719f20f581f10f5c,1
0xce477c20771a75d80eadb455daa5f4a4ed20dd0c,0x98a3da6293e56674d250fa9ada4c684dc34e4e0b,1
0xce477c20771a75d80eadb455daa5f4a4ed20dd0c,0xb630abd9a5367763b7cba316e870c4a54064cc9f,1
0xce477c20771a75d80eadb455daa5f4a4ed20dd0c,0xc6b89634f0afb34b59c05a0b7cd132141778addd,1
0xd4c4015775c99d20f0baa118d738ae0e01f58234,0xbec69dfce4c1fa8b7843fee1ca85788d84a86b06,1
0xd4c4015775c99d20f0baa118d738ae0e01f58234,0xd7a9ccad4ddb88f9a39fcc87748a045767baf5dd,1
0xd6d7ea4833f22edbed3dbd3d71adf3cdd8e36a01,0x1999a92711cf8815b7f6b07bd34b4287d853cfba,1
0xd6d7ea4833f22edbed3dbd3d71adf3cdd8e36a01,0xbec69dfce4c1fa8b7843fee1ca85788d84a86b06,1
0xd7a9ccad4ddb88f9a39fcc87748a045767baf5dd,0x38a4d889a1979133fbc1d58f970f0953e3715c26,1
0xd7a9ccad4ddb88f9a39fcc87748a045767baf5dd,0x4df00689952974edbe1cc05d2710ea1b2b6e185f,1
0xd7a9ccad4ddb88f9a39fcc87748a045767baf5dd,0xd64d7b3bd6f744ab507a4cb081af05bbdf93cd4e,1
0xd7a9ccad4ddb88f9a39fcc87748a045767baf5dd,0xe052113bd7d7700d623414a0a4585bcae754e9d5,1
0xd7a9ccad4ddb88f9a39fcc87748a045767baf5dd,0xf533a9a5bddf9d79801468d7078584d94eb316cd,1
0xd946f4983dce96a0057e34ebd27f807125504d15,0x38a4d889a1979133fbc1d58f970f0953e3715c26,1
0xd946f4983dce96a0057e34ebd27f807125504d15,0xbec69dfce4c1fa8b7843fee1ca85788d84a86b06,1
0xda27937582b0ed4211e9c322778658b7b151e44d,0x98a3da6293e56674d250fa9ada4c684dc34e4e0b,1
0xe052113bd7d7700d623414a0a4585bcae754e9d5,0x4298e663517593284ad4fe199b21815bd48a9969,1
0xe72eb31b59f85b19499a0f3b3260011894fa0d65,0x4f6580083b3395c8d7ba49dbb2aaf03c9b3b8e79,1
0xe74ca58ef724b94fac7f2e09e2e48536a5c1ad03,0x265cdd11b3abb0432a35300f6afb214777280817,1
0xe74ca58ef724b94fac7f2e09e2e48536a5c1ad03,0xf03372d290442637dea47f2252d6aaa13c7758ed,1
0xead6605b9e105e28bd35e9f494131c10c1281ce9,0x8f8b4759dc93ca55bd6997df719f20f581f10f5c,1
0xead6605b9e105e28bd35e9f494131c10c1281ce9,0xb630abd9a5367763b7cba316e870c4a54064cc9f,1
0xead6605b9e105e28bd35e9f494131c10c1281ce9,0xcba9f4a67a51fea7023e09030e75523ad6f41533,1
0xf03372d290442637dea47f2252d6aaa13c7758ed,0x570d4e8f2886432a9e3bfa61d49558b25999a969,1
0xf03372d290442637dea47f2252d6aaa13c7758ed,0xbec69dfce4c1fa8b7843fee1ca85788d84a86b06,1
0xf03372d290442637dea47f2252d6aaa13c7758ed,0xfd3ea1d43d610d315de7064478f30d4c502b4f17,1
0xf533a9a5bddf9d79801468d7078584d94eb316cd,0x80bddfc2bd0b7c7fbc9691859948060c5bf86d59,1
0xf533a9a5bddf9d79801468d7078584d94eb316cd,0x8894fd37a63d8959c748f639913aafd70bfc1678,1
0xf533a9a5bddf9d79801468d7078584d94eb316cd,0x8f6663a1ac7a98c060280b562c814a84b79b3123,1
0xf6b5f6b9f1624c6426d0a0bb1ebe7d8dbff1f9a3,0x1ff2875cd548eeae6d22f26bae2d72a50fd143c7,1
0xf6b5f6b9f1624c6426d0a0bb1ebe7d8dbff1f9a3,0x268d3a8c4701000546dd0bf959bf6c8956cc3e5e,1
0xf6b5f6b9f1624c6426d0a0bb1ebe7d8dbff1f9a3,0xa3818bc0ab0fc8273f308ba2793e49e10aa1f756,1
0xf6b5f6b9f1624c6426d0a0bb1ebe7d8dbff1f9a3,0xf03372d290442637dea47f2252d6aaa13c7758ed,1
0xf8d0a4542b1277d8a330e69cc56bdc109029c623,0x2465bd53a0e4f726dc6bf059e07979715c44dc0b,1
0xf8d0a4542b1277d8a330e69cc56bdc109029c623,0x268d3a8c4701000546dd0bf959bf6c8956cc3e5e,1
0xf8d0a4542b1277d8a330e69cc56bdc109029c623,0x49c3feafddaefc3bed06f4ff87ce86610c2c1076,1
0xf8d0a4542b1277d8a330e69cc56bdc109029c623,0x55a9c5180dcafc98d99d3f3e4b248e9156b12ac1,1
0xfc33080e56aad6d5856b46f206d2be9d70366ca5,0x2e07df27127b34d9d497ac9154309bf2740e1ca7,1
0xfc33080e56aad6d5856b46f206d2be9d70366ca5,0x67f155474eb685aef6cd874169f25b3bded6aea6,1
0xfd3ea1d43d610d315de7064478f30d4c502b4f17,0x59c76c664ea5e3703507a04a63f7655d8cbf84be,1
0xfd3ea1d43d610d315de7064478f30d4c502b4f17,0x8f8b4759dc93ca55bd6997df719f20f581f10f5c,1
0xfd3ea1d43d610d315de7064478f30d4c502b4f17,0xb59825afbba29d5257f877a8a64265c3a10fc2ab,1
