target,source,value
0x520edc55cbf109139ec9f9c27db79a1d5d2c8865,0xeeeefc9fff639dbd77a067556deb8a6e8f24cb0b,101
0x0940b6c0d2bd85afed6c39402eca57a08c0b5aa2,0x048fff2995a7bf0aa639fe3435f73c4f87057bcb,92
0x048fff2995a7bf0aa639fe3435f73c4f87057bcb,0x0940b6c0d2bd85afed6c39402eca57a08c0b5aa2,91
0x8919755f0cc60550b41f72fc5f9d99ebe4a029d6,0x616413c4a4fee2d64d9f58a56b97684c0e380b37,84
0x616413c4a4fee2d64d9f58a56b97684c0e380b37,0x8919755f0cc60550b41f72fc5f9d99ebe4a029d6,80
0x020ca66c30bec2c4fe3861a94e4db4a498a35872,0x4b1e684d5143eb7435e5d78385fa8cbdccd8f7ec,31
0x8919755f0cc60550b41f72fc5f9d99ebe4a029d6,0x134a7948e1363a95ee17a23c63b927152c4021ec,30
0x32fbe88b61f834da43ab98edc840a40cec08ff9c,0x6d91a43df4dae0af4b213dc63699ac482079841e,27
0x5b20783f4baabd33bb53dd77c9b0459f5701e36a,0xba6eb5d402d7e8e100a1ef309c8355a7fa7bac5d,26
0xcfd9ccafc35b86299fc5617f66e89c0782bacfe0,0x762ec7ca4658e76002447b0a29e1f44f575dbebc,26
0x2c2ed4b3876c442fee80bee76ce0ee2ca2a512af,0xc310e760778ecbca4c65b6c559874757a4c4ece0,20
0x134a7948e1363a95ee17a23c63b927152c4021ec,0x8919755f0cc60550b41f72fc5f9d99ebe4a029d6,16
0x91b0851797873bdbcd8a2a519a92fffcfde61041,0x563415679588e508c0c8f0a729c9bf898406e9b5,16
0xdf370df571f3d5099ccaf0b236caa08e4fe47c44,0xd2b7a9b78667c07ba54d7224c6745d9d781b7cb7,12
0x1447b49b636cb1fa24281efcd66aaac44188e3bc,0x8a033cd82f4855084d670477fead695f7e2a4a44,10
0x69bab6810fa99475854bca0a3dd72ae6a0728ece,0xc310e760778ecbca4c65b6c559874757a4c4ece0,8
0x8a033cd82f4855084d670477fead695f7e2a4a44,0x1447b49b636cb1fa24281efcd66aaac44188e3bc,8
0xc310e760778ecbca4c65b6c559874757a4c4ece0,0x8a033cd82f4855084d670477fead695f7e2a4a44,8
0x4b1e684d5143eb7435e5d78385fa8cbdccd8f7ec,0x020ca66c30bec2c4fe3861a94e4db4a498a35872,7
0xc310e760778ecbca4c65b6c559874757a4c4ece0,0x5b20783f4baabd33bb53dd77c9b0459f5701e36a,7
0xc310e760778ecbca4c65b6c559874757a4c4ece0,0x81b3893a8f3557712705e83d2ab877710044d74d,6
0x26184303ebaf0d9257804cdeb993190bea31422f,0x2d1194e75b408c9395a8bbbedc0079322b62c0a4,5
0x2d1194e75b408c9395a8bbbedc0079322b62c0a4,0xc310e760778ecbca4c65b6c559874757a4c4ece0,5
0x616413c4a4fee2d64d9f58a56b97684c0e380b37,0x134a7948e1363a95ee17a23c63b927152c4021ec,5
0x7bef660b110023fd795d101d5d63972a82438661,0xda960704e7e4ecb8d907cdcb4bc87d8ec2ed2ad3,5
0x8ad272ac86c6c88683d9a60eb8ed57e6c304bb0c,0x3c51b4fdae7420a7e14998585da58e280e326916,5
0xa85f0bd039bd6ca4708b72150e29c68642cc3635,0xc310e760778ecbca4c65b6c559874757a4c4ece0,5
0xc310e760778ecbca4c65b6c559874757a4c4ece0,0x174e59a138d57556c8c883b36b7dafdbee391774,5
0xc310e760778ecbca4c65b6c559874757a4c4ece0,0x563415679588e508c0c8f0a729c9bf898406e9b5,5
0xccd6cbffb071304eca69dd591c2d7df579182e19,0x3993cc55734f019dcfd6ce00860165cd0ecc3e13,5
0xe632e1ea781df32c60ab11052958744cbfbc439a,0x69bab6810fa99475854bca0a3dd72ae6a0728ece,5
0x134a7948e1363a95ee17a23c63b927152c4021ec,0x616413c4a4fee2d64d9f58a56b97684c0e380b37,4
0x174e59a138d57556c8c883b36b7dafdbee391774,0xc310e760778ecbca4c65b6c559874757a4c4ece0,4
0x228c1334fc57eb6e02ecc448e749a041124321c1,0xdf67544b82971a823ba1a3fa1d243a9eea392eb0,4
0x26184303ebaf0d9257804cdeb993190bea31422f,0xc310e760778ecbca4c65b6c559874757a4c4ece0,4
0x581eeec38be03a9b14493bb486dfabfe2e49c59a,0xc310e760778ecbca4c65b6c559874757a4c4ece0,4
0x702890594bd8944d22804b32965cbf5bccca9c12,0x2f14fc787e1fe8aed35ceb494f9c742919745fd2,4
0x975222a8365e6ab51b7867524f77261cd4ece06e,0x2e992e3941f67dc416de6275f496ceb2c0025da2,4
0xc310e760778ecbca4c65b6c559874757a4c4ece0,0x26184303ebaf0d9257804cdeb993190bea31422f,4
0xc310e760778ecbca4c65b6c559874757a4c4ece0,0x2d1194e75b408c9395a8bbbedc0079322b62c0a4,4
0xc310e760778ecbca4c65b6c559874757a4c4ece0,0xa85f0bd039bd6ca4708b72150e29c68642cc3635,4
0xccd6cbffb071304eca69dd591c2d7df579182e19,0xc310e760778ecbca4c65b6c559874757a4c4ece0,4
0xda960704e7e4ecb8d907cdcb4bc87d8ec2ed2ad3,0x134a7948e1363a95ee17a23c63b927152c4021ec,4
0xda960704e7e4ecb8d907cdcb4bc87d8ec2ed2ad3,0x616413c4a4fee2d64d9f58a56b97684c0e380b37,4
0xeeeefc9fff639dbd77a067556deb8a6e8f24cb0b,0x2c2ed4b3876c442fee80bee76ce0ee2ca2a512af,4
0x134a7948e1363a95ee17a23c63b927152c4021ec,0xda960704e7e4ecb8d907cdcb4bc87d8ec2ed2ad3,3
0x4b1e684d5143eb7435e5d78385fa8cbdccd8f7ec,0x616413c4a4fee2d64d9f58a56b97684c0e380b37,3
0x5b20783f4baabd33bb53dd77c9b0459f5701e36a,0x8ad272ac86c6c88683d9a60eb8ed57e6c304bb0c,3
0x702890594bd8944d22804b32965cbf5bccca9c12,0x91b0851797873bdbcd8a2a519a92fffcfde61041,3
0xc310e760778ecbca4c65b6c559874757a4c4ece0,0x2e992e3941f67dc416de6275f496ceb2c0025da2,3
0xc310e760778ecbca4c65b6c559874757a4c4ece0,0x4c6b83ca1c59781fab57790a46281bbd93e539fe,3
0xc310e760778ecbca4c65b6c559874757a4c4ece0,0xe4d825729c7b43b26d038c81e4e0477c30c6a5bc,3
0xccd6cbffb071304eca69dd591c2d7df579182e19,0x5b20783f4baabd33bb53dd77c9b0459f5701e36a,3
0xd387a6e4e84a6c86bd90c158c6028a58cc8ac459,0xac000d8081428f2caded1826b463d2ddc848c1e8,3
0xeeeefc9fff639dbd77a067556deb8a6e8f24cb0b,0x54b174179ae825ed630da40b625bb3c883cd40ae,3
0x01c9e12c365dd28bd169efea6e5b7939a687c856,0x2c2ed4b3876c442fee80bee76ce0ee2ca2a512af,2
0x020ca66c30bec2c4fe3861a94e4db4a498a35872,0x65bca7dffb909cd4e334638d28fe8b801d9994db,2
0x020ca66c30bec2c4fe3861a94e4db4a498a35872,0x7148bb54f411507c8ef7cde4c8cffda1615b23fe,2
0x020ca66c30bec2c4fe3861a94e4db4a498a35872,0xb719e45991b5acf382a667e77caff05ef68ddaa1,2
0x11360f0c5552443b33720a44408aba01a809905e,0x702890594bd8944d22804b32965cbf5bccca9c12,2
0x11360f0c5552443b33720a44408aba01a809905e,0xb719e45991b5acf382a667e77caff05ef68ddaa1,2
0x17082a8fbae3c10d73a361f218ae77bafb62bf4d,0x1066b2240e1ed1ee49f8aff6f0d6628663f00c73,2
0x17082a8fbae3c10d73a361f218ae77bafb62bf4d,0xa43a5b75dcedf465be4989cce3a854dde3d3a403,2
0x1731bdd386e021a7744282454887a87551725819,0x1066b2240e1ed1ee49f8aff6f0d6628663f00c73,2
0x21a815cb23c114f4a4d03467c22bdcf6a29ad159,0x2d1194e75b408c9395a8bbbedc0079322b62c0a4,2
0x21a815cb23c114f4a4d03467c22bdcf6a29ad159,0x581eeec38be03a9b14493bb486dfabfe2e49c59a,2
0x228c1334fc57eb6e02ecc448e749a041124321c1,0x8ad272ac86c6c88683d9a60eb8ed57e6c304bb0c,2
0x2c2ed4b3876c442fee80bee76ce0ee2ca2a512af,0x174e59a138d57556c8c883b36b7dafdbee391774,2
0x2c2ed4b3876c442fee80bee76ce0ee2ca2a512af,0x2d1194e75b408c9395a8bbbedc0079322b62c0a4,2
0x2d1194e75b408c9395a8bbbedc0079322b62c0a4,0xdc1424a3be0243eea52cc7f6a1564d17c22119d6,2
0x2d1194e75b408c9395a8bbbedc0079322b62c0a4,0xdd5fa5909a02555e865bbd84dfdc59c36c160649,2
0x2f14fc787e1fe8aed35ceb494f9c742919745fd2,0x8ab83d869f2bc250b781d26f6584fd5c562fdd9d,2
0x4b1e684d5143eb7435e5d78385fa8cbdccd8f7ec,0x8919755f0cc60550b41f72fc5f9d99ebe4a029d6,2
0x4c6b83ca1c59781fab57790a46281bbd93e539fe,0xccd6cbffb071304eca69dd591c2d7df579182e19,2
0x54b174179ae825ed630da40b625bb3c883cd40ae,0x1066b2240e1ed1ee49f8aff6f0d6628663f00c73,2
0x54b174179ae825ed630da40b625bb3c883cd40ae,0xa43a5b75dcedf465be4989cce3a854dde3d3a403,2
0x563415679588e508c0c8f0a729c9bf898406e9b5,0xc310e760778ecbca4c65b6c559874757a4c4ece0,2
0x581eeec38be03a9b14493bb486dfabfe2e49c59a,0x6d91a43df4dae0af4b213dc63699ac482079841e,2
0x5b20783f4baabd33bb53dd77c9b0459f5701e36a,0x8ab83d869f2bc250b781d26f6584fd5c562fdd9d,2
0x5d9049fccf5ae287ca2472713bb7fc6325dc7876,0xea39c551834d07ee2ee87f1ceff843c308e089af,2
0x616413c4a4fee2d64d9f58a56b97684c0e380b37,0x55779f340029eaf6814e980fb2ee93d0f82a91ee,2
0x64905298c0e49751231fb9576903936744061e9c,0x7d935fb77f7f1ae608f5ef535a347e8b9965bc99,2
0x65217c49f9f1c4b5d468bcbf2942310cff530df1,0x5d9049fccf5ae287ca2472713bb7fc6325dc7876,2
0x65bca7dffb909cd4e334638d28fe8b801d9994db,0x6507db73d6ade38af8467eb5ab445f224cedaf38,2
0x69bab6810fa99475854bca0a3dd72ae6a0728ece,0x020ca66c30bec2c4fe3861a94e4db4a498a35872,2
0x69bab6810fa99475854bca0a3dd72ae6a0728ece,0xa43a5b75dcedf465be4989cce3a854dde3d3a403,2
0x6d91a43df4dae0af4b213dc63699ac482079841e,0x581eeec38be03a9b14493bb486dfabfe2e49c59a,2
0x721931508df2764fd4f70c53da646cb8aed16ace,0xdf370df571f3d5099ccaf0b236caa08e4fe47c44,2
0x72fae93d08a060a7f0a8919708c0db74ca46cbb6,0x020ca66c30bec2c4fe3861a94e4db4a498a35872,2
0x8919755f0cc60550b41f72fc5f9d99ebe4a029d6,0xda960704e7e4ecb8d907cdcb4bc87d8ec2ed2ad3,2
0x8ad272ac86c6c88683d9a60eb8ed57e6c304bb0c,0x53fed1eb683745352886a363cc0b6e3415824ec8,2
0x91b0851797873bdbcd8a2a519a92fffcfde61041,0xdf67544b82971a823ba1a3fa1d243a9eea392eb0,2
0x975222a8365e6ab51b7867524f77261cd4ece06e,0x7d935fb77f7f1ae608f5ef535a347e8b9965bc99,2
0xb32611a21beeacb2fed76350e3b77b79f05d0083,0xcfd9ccafc35b86299fc5617f66e89c0782bacfe0,2
0xba6eb5d402d7e8e100a1ef309c8355a7fa7bac5d,0x4c6b83ca1c59781fab57790a46281bbd93e539fe,2
0xc310e760778ecbca4c65b6c559874757a4c4ece0,0x2c2ed4b3876c442fee80bee76ce0ee2ca2a512af,2
0xc310e760778ecbca4c65b6c559874757a4c4ece0,0x7d935fb77f7f1ae608f5ef535a347e8b9965bc99,2
0xc310e760778ecbca4c65b6c559874757a4c4ece0,0x8919755f0cc60550b41f72fc5f9d99ebe4a029d6,2
0xcc47fcbfdd6e558fb39cf5ef4d92e59890476b86,0xf395a343e9627e02669ff250ef3115625acbe58b,2
0xd387a6e4e84a6c86bd90c158c6028a58cc8ac459,0xdf370df571f3d5099ccaf0b236caa08e4fe47c44,2
0xea39c551834d07ee2ee87f1ceff843c308e089af,0x8919755f0cc60550b41f72fc5f9d99ebe4a029d6,2
0xea39c551834d07ee2ee87f1ceff843c308e089af,0xc310e760778ecbca4c65b6c559874757a4c4ece0,2
0xeeeefc9fff639dbd77a067556deb8a6e8f24cb0b,0x6dd7315ad42e8fde87e9efe217c4a92f69501f81,2
0xf4c8ea4dd0707e98bdc860deb3903f1128ba94bf,0x020ca66c30bec2c4fe3861a94e4db4a498a35872,2
0x01c9e12c365dd28bd169efea6e5b7939a687c856,0x563415679588e508c0c8f0a729c9bf898406e9b5,1
0x01c9e12c365dd28bd169efea6e5b7939a687c856,0xba6eb5d402d7e8e100a1ef309c8355a7fa7bac5d,1
0x01c9e12c365dd28bd169efea6e5b7939a687c856,0xc310e760778ecbca4c65b6c559874757a4c4ece0,1
0x020ca66c30bec2c4fe3861a94e4db4a498a35872,0x28fe7028375335a627b16af0222f80bb7fdb404e,1
0x020ca66c30bec2c4fe3861a94e4db4a498a35872,0x6507db73d6ade38af8467eb5ab445f224cedaf38,1
0x11360f0c5552443b33720a44408aba01a809905e,0x2f1c5d621120ecb0da579df7c06633e56d9c31e7,1
0x134a7948e1363a95ee17a23c63b927152c4021ec,0xdd5fa5909a02555e865bbd84dfdc59c36c160649,1
0x17082a8fbae3c10d73a361f218ae77bafb62bf4d,0x187a11a32d3d6a2e7097fe3c433850226b89914a,1
0x17082a8fbae3c10d73a361f218ae77bafb62bf4d,0xdf370df571f3d5099ccaf0b236caa08e4fe47c44,1
0x1731bdd386e021a7744282454887a87551725819,0x187a11a32d3d6a2e7097fe3c433850226b89914a,1
0x1731bdd386e021a7744282454887a87551725819,0x8f18d6a49bb392a84a4a4c03b69d29179e333946,1
0x1731bdd386e021a7744282454887a87551725819,0xa43a5b75dcedf465be4989cce3a854dde3d3a403,1
0x187a11a32d3d6a2e7097fe3c433850226b89914a,0x54b174179ae825ed630da40b625bb3c883cd40ae,1
0x21a815cb23c114f4a4d03467c22bdcf6a29ad159,0x53fed1eb683745352886a363cc0b6e3415824ec8,1
0x21a815cb23c114f4a4d03467c22bdcf6a29ad159,0x6507db73d6ade38af8467eb5ab445f224cedaf38,1
0x21a815cb23c114f4a4d03467c22bdcf6a29ad159,0x65bca7dffb909cd4e334638d28fe8b801d9994db,1
0x21a815cb23c114f4a4d03467c22bdcf6a29ad159,0x702890594bd8944d22804b32965cbf5bccca9c12,1
0x21a815cb23c114f4a4d03467c22bdcf6a29ad159,0xa1bf766e566c06214fb47b9c904abe30241dd169,1
0x228c1334fc57eb6e02ecc448e749a041124321c1,0x21a815cb23c114f4a4d03467c22bdcf6a29ad159,1
0x228c1334fc57eb6e02ecc448e749a041124321c1,0x2f1c5d621120ecb0da579df7c06633e56d9c31e7,1
0x228c1334fc57eb6e02ecc448e749a041124321c1,0xa1bf766e566c06214fb47b9c904abe30241dd169,1
0x26184303ebaf0d9257804cdeb993190bea31422f,0x581eeec38be03a9b14493bb486dfabfe2e49c59a,1
0x28fe7028375335a627b16af0222f80bb7fdb404e,0xea39c551834d07ee2ee87f1ceff843c308e089af,1
0x2c2ed4b3876c442fee80bee76ce0ee2ca2a512af,0x01c9e12c365dd28bd169efea6e5b7939a687c856,1
0x2d1194e75b408c9395a8bbbedc0079322b62c0a4,0x11360f0c5552443b33720a44408aba01a809905e,1
0x2d1194e75b408c9395a8bbbedc0079322b62c0a4,0x2c2ed4b3876c442fee80bee76ce0ee2ca2a512af,1
0x2d1194e75b408c9395a8bbbedc0079322b62c0a4,0x2f1c5d621120ecb0da579df7c06633e56d9c31e7,1
0x2d1194e75b408c9395a8bbbedc0079322b62c0a4,0x563415679588e508c0c8f0a729c9bf898406e9b5,1
0x2d1194e75b408c9395a8bbbedc0079322b62c0a4,0x6507db73d6ade38af8467eb5ab445f224cedaf38,1
0x2d1194e75b408c9395a8bbbedc0079322b62c0a4,0xe632e1ea781df32c60ab11052958744cbfbc439a,1
0x2e992e3941f67dc416de6275f496ceb2c0025da2,0x0449bc01e1d8154a118c56aaa776272e94b45929,1
0x2e992e3941f67dc416de6275f496ceb2c0025da2,0x7d935fb77f7f1ae608f5ef535a347e8b9965bc99,1
0x2e992e3941f67dc416de6275f496ceb2c0025da2,0x8919755f0cc60550b41f72fc5f9d99ebe4a029d6,1
0x2e992e3941f67dc416de6275f496ceb2c0025da2,0xc310e760778ecbca4c65b6c559874757a4c4ece0,1
0x2e992e3941f67dc416de6275f496ceb2c0025da2,0xe4d825729c7b43b26d038c81e4e0477c30c6a5bc,1
0x2f14fc787e1fe8aed35ceb494f9c742919745fd2,0x020ca66c30bec2c4fe3861a94e4db4a498a35872,1
0x2f14fc787e1fe8aed35ceb494f9c742919745fd2,0x11360f0c5552443b33720a44408aba01a809905e,1
0x2f1c5d621120ecb0da579df7c06633e56d9c31e7,0x020ca66c30bec2c4fe3861a94e4db4a498a35872,1
0x2f1c5d621120ecb0da579df7c06633e56d9c31e7,0x1731bdd386e021a7744282454887a87551725819,1
0x2f1c5d621120ecb0da579df7c06633e56d9c31e7,0xa43a5b75dcedf465be4989cce3a854dde3d3a403,1
0x3993cc55734f019dcfd6ce00860165cd0ecc3e13,0x5d9049fccf5ae287ca2472713bb7fc6325dc7876,1
0x3993cc55734f019dcfd6ce00860165cd0ecc3e13,0x64905298c0e49751231fb9576903936744061e9c,1
0x3993cc55734f019dcfd6ce00860165cd0ecc3e13,0xa85f0bd039bd6ca4708b72150e29c68642cc3635,1
0x3993cc55734f019dcfd6ce00860165cd0ecc3e13,0xda960704e7e4ecb8d907cdcb4bc87d8ec2ed2ad3,1
0x3c51b4fdae7420a7e14998585da58e280e326916,0x21a815cb23c114f4a4d03467c22bdcf6a29ad159,1
0x3c51b4fdae7420a7e14998585da58e280e326916,0x5d9049fccf5ae287ca2472713bb7fc6325dc7876,1
0x3c51b4fdae7420a7e14998585da58e280e326916,0xa85f0bd039bd6ca4708b72150e29c68642cc3635,1
0x3c6137504c38215fea30605b3e364a23c1d3e14f,0x28fe7028375335a627b16af0222f80bb7fdb404e,1
0x3c6137504c38215fea30605b3e364a23c1d3e14f,0xdf67544b82971a823ba1a3fa1d243a9eea392eb0,1
0x4c6b83ca1c59781fab57790a46281bbd93e539fe,0x54b174179ae825ed630da40b625bb3c883cd40ae,1
0x4c6b83ca1c59781fab57790a46281bbd93e539fe,0x80af4d533d298bf79280c2c9a6646cd99925009d,1
0x54b174179ae825ed630da40b625bb3c883cd40ae,0x0449bc01e1d8154a118c56aaa776272e94b45929,1
0x54b174179ae825ed630da40b625bb3c883cd40ae,0x64905298c0e49751231fb9576903936744061e9c,1
0x54b174179ae825ed630da40b625bb3c883cd40ae,0x7d935fb77f7f1ae608f5ef535a347e8b9965bc99,1
0x54b174179ae825ed630da40b625bb3c883cd40ae,0x81b3893a8f3557712705e83d2ab877710044d74d,1
0x54b174179ae825ed630da40b625bb3c883cd40ae,0xa85f0bd039bd6ca4708b72150e29c68642cc3635,1
0x55779f340029eaf6814e980fb2ee93d0f82a91ee,0x2f1c5d621120ecb0da579df7c06633e56d9c31e7,1
0x55779f340029eaf6814e980fb2ee93d0f82a91ee,0xecbe5f4d026ecdd8c90edcb4a7b68e3af5485cc4,1
0x563415679588e508c0c8f0a729c9bf898406e9b5,0x26184303ebaf0d9257804cdeb993190bea31422f,1
0x563415679588e508c0c8f0a729c9bf898406e9b5,0x2e992e3941f67dc416de6275f496ceb2c0025da2,1
0x563415679588e508c0c8f0a729c9bf898406e9b5,0x563415679588e508c0c8f0a729c9bf898406e9b5,1
0x563415679588e508c0c8f0a729c9bf898406e9b5,0x64905298c0e49751231fb9576903936744061e9c,1
0x563415679588e508c0c8f0a729c9bf898406e9b5,0x91b0851797873bdbcd8a2a519a92fffcfde61041,1
0x563415679588e508c0c8f0a729c9bf898406e9b5,0xea39c551834d07ee2ee87f1ceff843c308e089af,1
0x563415679588e508c0c8f0a729c9bf898406e9b5,0xecbe5f4d026ecdd8c90edcb4a7b68e3af5485cc4,1
0x5b20783f4baabd33bb53dd77c9b0459f5701e36a,0x020ca66c30bec2c4fe3861a94e4db4a498a35872,1
0x5b20783f4baabd33bb53dd77c9b0459f5701e36a,0x21a815cb23c114f4a4d03467c22bdcf6a29ad159,1
0x5b20783f4baabd33bb53dd77c9b0459f5701e36a,0x72fae93d08a060a7f0a8919708c0db74ca46cbb6,1
0x5d9049fccf5ae287ca2472713bb7fc6325dc7876,0x01c9e12c365dd28bd169efea6e5b7939a687c856,1
0x5d9049fccf5ae287ca2472713bb7fc6325dc7876,0x0449bc01e1d8154a118c56aaa776272e94b45929,1
0x5d9049fccf5ae287ca2472713bb7fc6325dc7876,0xb719e45991b5acf382a667e77caff05ef68ddaa1,1
0x616413c4a4fee2d64d9f58a56b97684c0e380b37,0xda960704e7e4ecb8d907cdcb4bc87d8ec2ed2ad3,1
0x64905298c0e49751231fb9576903936744061e9c,0x975222a8365e6ab51b7867524f77261cd4ece06e,1
0x6507db73d6ade38af8467eb5ab445f224cedaf38,0x0449bc01e1d8154a118c56aaa776272e94b45929,1
0x6507db73d6ade38af8467eb5ab445f224cedaf38,0x762ec7ca4658e76002447b0a29e1f44f575dbebc,1
0x65217c49f9f1c4b5d468bcbf2942310cff530df1,0xa43a5b75dcedf465be4989cce3a854dde3d3a403,1
0x65217c49f9f1c4b5d468bcbf2942310cff530df1,0xfcc49f8ffca0ba75698a9be75abe3ec535b3bfb4,1
0x65bca7dffb909cd4e334638d28fe8b801d9994db,0x55779f340029eaf6814e980fb2ee93d0f82a91ee,1
0x65bca7dffb909cd4e334638d28fe8b801d9994db,0xea39c551834d07ee2ee87f1ceff843c308e089af,1
0x65bca7dffb909cd4e334638d28fe8b801d9994db,0xfdb759178407ed70db3210aa58ff46824db9a9cb,1
0x69bab6810fa99475854bca0a3dd72ae6a0728ece,0x2f14fc787e1fe8aed35ceb494f9c742919745fd2,1
0x69bab6810fa99475854bca0a3dd72ae6a0728ece,0x2f1c5d621120ecb0da579df7c06633e56d9c31e7,1
0x69bab6810fa99475854bca0a3dd72ae6a0728ece,0x8f18d6a49bb392a84a4a4c03b69d29179e333946,1
0x69bab6810fa99475854bca0a3dd72ae6a0728ece,0x975222a8365e6ab51b7867524f77261cd4ece06e,1
0x69bab6810fa99475854bca0a3dd72ae6a0728ece,0xa85f0bd039bd6ca4708b72150e29c68642cc3635,1
0x69bab6810fa99475854bca0a3dd72ae6a0728ece,0xd7627772848a266d55a2607c5e48c2e5a79951de,1
0x69bab6810fa99475854bca0a3dd72ae6a0728ece,0xdf370df571f3d5099ccaf0b236caa08e4fe47c44,1
0x6dd7315ad42e8fde87e9efe217c4a92f69501f81,0x80af4d533d298bf79280c2c9a6646cd99925009d,1
0x6df304782b0866d2538c8fd2e46904a7f2ae321c,0x6dd7315ad42e8fde87e9efe217c4a92f69501f81,1
0x6df304782b0866d2538c8fd2e46904a7f2ae321c,0x72fae93d08a060a7f0a8919708c0db74ca46cbb6,1
0x702890594bd8944d22804b32965cbf5bccca9c12,0x020ca66c30bec2c4fe3861a94e4db4a498a35872,1
0x702890594bd8944d22804b32965cbf5bccca9c12,0x21a815cb23c114f4a4d03467c22bdcf6a29ad159,1
0x702890594bd8944d22804b32965cbf5bccca9c12,0x2f1c5d621120ecb0da579df7c06633e56d9c31e7,1
0x702890594bd8944d22804b32965cbf5bccca9c12,0x54b174179ae825ed630da40b625bb3c883cd40ae,1
0x702890594bd8944d22804b32965cbf5bccca9c12,0x65217c49f9f1c4b5d468bcbf2942310cff530df1,1
0x702890594bd8944d22804b32965cbf5bccca9c12,0x7d935fb77f7f1ae608f5ef535a347e8b9965bc99,1
0x702890594bd8944d22804b32965cbf5bccca9c12,0xa3818bc0ab0fc8273f308ba2793e49e10aa1f756,1
0x702890594bd8944d22804b32965cbf5bccca9c12,0xa85f0bd039bd6ca4708b72150e29c68642cc3635,1
0x702890594bd8944d22804b32965cbf5bccca9c12,0xbf98b2b8e292f743643a8dc6b505c45e52d66238,1
0x702890594bd8944d22804b32965cbf5bccca9c12,0xdf67544b82971a823ba1a3fa1d243a9eea392eb0,1
0x702890594bd8944d22804b32965cbf5bccca9c12,0xecbe5f4d026ecdd8c90edcb4a7b68e3af5485cc4,1
0x702890594bd8944d22804b32965cbf5bccca9c12,0xf4c8ea4dd0707e98bdc860deb3903f1128ba94bf,1
0x7148bb54f411507c8ef7cde4c8cffda1615b23fe,0x1731bdd386e021a7744282454887a87551725819,1
0x7148bb54f411507c8ef7cde4c8cffda1615b23fe,0x702890594bd8944d22804b32965cbf5bccca9c12,1
0x7148bb54f411507c8ef7cde4c8cffda1615b23fe,0xb719e45991b5acf382a667e77caff05ef68ddaa1,1
0x7148bb54f411507c8ef7cde4c8cffda1615b23fe,0xdf370df571f3d5099ccaf0b236caa08e4fe47c44,1
0x721931508df2764fd4f70c53da646cb8aed16ace,0x020ca66c30bec2c4fe3861a94e4db4a498a35872,1
0x721931508df2764fd4f70c53da646cb8aed16ace,0x134a7948e1363a95ee17a23c63b927152c4021ec,1
0x721931508df2764fd4f70c53da646cb8aed16ace,0x81b3893a8f3557712705e83d2ab877710044d74d,1
0x721931508df2764fd4f70c53da646cb8aed16ace,0xa1bf766e566c06214fb47b9c904abe30241dd169,1
0x72fae93d08a060a7f0a8919708c0db74ca46cbb6,0xbf98b2b8e292f743643a8dc6b505c45e52d66238,1
0x72fae93d08a060a7f0a8919708c0db74ca46cbb6,0xf4c8ea4dd0707e98bdc860deb3903f1128ba94bf,1
0x762ec7ca4658e76002447b0a29e1f44f575dbebc,0x8919755f0cc60550b41f72fc5f9d99ebe4a029d6,1
0x7bef660b110023fd795d101d5d63972a82438661,0x1731bdd386e021a7744282454887a87551725819,1
0x7bef660b110023fd795d101d5d63972a82438661,0x3c51b4fdae7420a7e14998585da58e280e326916,1
0x7bef660b110023fd795d101d5d63972a82438661,0x5d9049fccf5ae287ca2472713bb7fc6325dc7876,1
0x7bef660b110023fd795d101d5d63972a82438661,0x65217c49f9f1c4b5d468bcbf2942310cff530df1,1
0x7d935fb77f7f1ae608f5ef535a347e8b9965bc99,0x8919755f0cc60550b41f72fc5f9d99ebe4a029d6,1
0x7d935fb77f7f1ae608f5ef535a347e8b9965bc99,0xa7cc2e956d269d4bcd4d52711c498727b7597a0a,1
0x7f6675eae5bf9731ce448e2bf3923e236303dece,0x0449bc01e1d8154a118c56aaa776272e94b45929,1
0x7f6675eae5bf9731ce448e2bf3923e236303dece,0x1066b2240e1ed1ee49f8aff6f0d6628663f00c73,1
0x7f6675eae5bf9731ce448e2bf3923e236303dece,0x2d1194e75b408c9395a8bbbedc0079322b62c0a4,1
0x7f6675eae5bf9731ce448e2bf3923e236303dece,0x2f1c5d621120ecb0da579df7c06633e56d9c31e7,1
0x7f6675eae5bf9731ce448e2bf3923e236303dece,0xe4d825729c7b43b26d038c81e4e0477c30c6a5bc,1
0x80af4d533d298bf79280c2c9a6646cd99925009d,0xbf98b2b8e292f743643a8dc6b505c45e52d66238,1
0x81b3893a8f3557712705e83d2ab877710044d74d,0x6507db73d6ade38af8467eb5ab445f224cedaf38,1
0x81b3893a8f3557712705e83d2ab877710044d74d,0xf88749a4f2150f50b211464dea8cd36822cde866,1
0x8919755f0cc60550b41f72fc5f9d99ebe4a029d6,0x8ab83d869f2bc250b781d26f6584fd5c562fdd9d,1
0x8995add99d015ebea94daf9e98fc8c5deecbb67e,0x21a815cb23c114f4a4d03467c22bdcf6a29ad159,1
0x8995add99d015ebea94daf9e98fc8c5deecbb67e,0x55779f340029eaf6814e980fb2ee93d0f82a91ee,1
0x8995add99d015ebea94daf9e98fc8c5deecbb67e,0xda960704e7e4ecb8d907cdcb4bc87d8ec2ed2ad3,1
0x8995add99d015ebea94daf9e98fc8c5deecbb67e,0xdf370df571f3d5099ccaf0b236caa08e4fe47c44,1
0x8ab83d869f2bc250b781d26f6584fd5c562fdd9d,0x020ca66c30bec2c4fe3861a94e4db4a498a35872,1
0x8ab83d869f2bc250b781d26f6584fd5c562fdd9d,0xda960704e7e4ecb8d907cdcb4bc87d8ec2ed2ad3,1
0x8ad272ac86c6c88683d9a60eb8ed57e6c304bb0c,0x80af4d533d298bf79280c2c9a6646cd99925009d,1
0x8ad272ac86c6c88683d9a60eb8ed57e6c304bb0c,0x8919755f0cc60550b41f72fc5f9d99ebe4a029d6,1
0x8ad272ac86c6c88683d9a60eb8ed57e6c304bb0c,0x8995add99d015ebea94daf9e98fc8c5deecbb67e,1
0x8ad272ac86c6c88683d9a60eb8ed57e6c304bb0c,0xa1bf766e566c06214fb47b9c904abe30241dd169,1
0x91b0851797873bdbcd8a2a519a92fffcfde61041,0x17082a8fbae3c10d73a361f218ae77bafb62bf4d,1
0x91b0851797873bdbcd8a2a519a92fffcfde61041,0x8ab83d869f2bc250b781d26f6584fd5c562fdd9d,1
0x91b0851797873bdbcd8a2a519a92fffcfde61041,0xd472b0798421159999e3db0aaa2d53bc0d7acfa3,1
0x975222a8365e6ab51b7867524f77261cd4ece06e,0x0449bc01e1d8154a118c56aaa776272e94b45929,1
0x975222a8365e6ab51b7867524f77261cd4ece06e,0x6507db73d6ade38af8467eb5ab445f224cedaf38,1
0x975222a8365e6ab51b7867524f77261cd4ece06e,0xa85f0bd039bd6ca4708b72150e29c68642cc3635,1
0xa1bf766e566c06214fb47b9c904abe30241dd169,0xa7cc2e956d269d4bcd4d52711c498727b7597a0a,1
0xa3818bc0ab0fc8273f308ba2793e49e10aa1f756,0x2f14fc787e1fe8aed35ceb494f9c742919745fd2,1
0xa3818bc0ab0fc8273f308ba2793e49e10aa1f756,0xe4d825729c7b43b26d038c81e4e0477c30c6a5bc,1
0xa43a5b75dcedf465be4989cce3a854dde3d3a403,0x2e992e3941f67dc416de6275f496ceb2c0025da2,1
0xa7cc2e956d269d4bcd4d52711c498727b7597a0a,0x8919755f0cc60550b41f72fc5f9d99ebe4a029d6,1
0xa85f0bd039bd6ca4708b72150e29c68642cc3635,0x54b174179ae825ed630da40b625bb3c883cd40ae,1
0xa85f0bd039bd6ca4708b72150e29c68642cc3635,0x91b0851797873bdbcd8a2a519a92fffcfde61041,1
0xac000d8081428f2caded1826b463d2ddc848c1e8,0xe5499a32bbfedd563f87c6fcb05d5eb0333ac996,1
0xb32611a21beeacb2fed76350e3b77b79f05d0083,0x020ca66c30bec2c4fe3861a94e4db4a498a35872,1
0xb32611a21beeacb2fed76350e3b77b79f05d0083,0x0449bc01e1d8154a118c56aaa776272e94b45929,1
0xb32611a21beeacb2fed76350e3b77b79f05d0083,0x8995add99d015ebea94daf9e98fc8c5deecbb67e,1
0xb32611a21beeacb2fed76350e3b77b79f05d0083,0xdf67544b82971a823ba1a3fa1d243a9eea392eb0,1
0xb719e45991b5acf382a667e77caff05ef68ddaa1,0x1447b49b636cb1fa24281efcd66aaac44188e3bc,1
0xb719e45991b5acf382a667e77caff05ef68ddaa1,0x1731bdd386e021a7744282454887a87551725819,1
0xb719e45991b5acf382a667e77caff05ef68ddaa1,0x2f14fc787e1fe8aed35ceb494f9c742919745fd2,1
0xb719e45991b5acf382a667e77caff05ef68ddaa1,0x2f1c5d621120ecb0da579df7c06633e56d9c31e7,1
0xb719e45991b5acf382a667e77caff05ef68ddaa1,0xa3818bc0ab0fc8273f308ba2793e49e10aa1f756,1
0xb719e45991b5acf382a667e77caff05ef68ddaa1,0xa43a5b75dcedf465be4989cce3a854dde3d3a403,1
0xb719e45991b5acf382a667e77caff05ef68ddaa1,0xa85f0bd039bd6ca4708b72150e29c68642cc3635,1
0xb719e45991b5acf382a667e77caff05ef68ddaa1,0xecbe5f4d026ecdd8c90edcb4a7b68e3af5485cc4,1
0xba6eb5d402d7e8e100a1ef309c8355a7fa7bac5d,0x64905298c0e49751231fb9576903936744061e9c,1
0xc310e760778ecbca4c65b6c559874757a4c4ece0,0x1731bdd386e021a7744282454887a87551725819,1
0xc310e760778ecbca4c65b6c559874757a4c4ece0,0x28fe7028375335a627b16af0222f80bb7fdb404e,1
0xc310e760778ecbca4c65b6c559874757a4c4ece0,0x55779f340029eaf6814e980fb2ee93d0f82a91ee,1
0xc310e760778ecbca4c65b6c559874757a4c4ece0,0x72fae93d08a060a7f0a8919708c0db74ca46cbb6,1
0xc310e760778ecbca4c65b6c559874757a4c4ece0,0x8ad272ac86c6c88683d9a60eb8ed57e6c304bb0c,1
0xc310e760778ecbca4c65b6c559874757a4c4ece0,0xdf370df571f3d5099ccaf0b236caa08e4fe47c44,1
0xc310e760778ecbca4c65b6c559874757a4c4ece0,0xea39c551834d07ee2ee87f1ceff843c308e089af,1
0xc310e760778ecbca4c65b6c559874757a4c4ece0,0xecbe5f4d026ecdd8c90edcb4a7b68e3af5485cc4,1
0xc310e760778ecbca4c65b6c559874757a4c4ece0,0xeeeefc9fff639dbd77a067556deb8a6e8f24cb0b,1
0xcc47fcbfdd6e558fb39cf5ef4d92e59890476b86,0x01c9e12c365dd28bd169efea6e5b7939a687c856,1
0xcc47fcbfdd6e558fb39cf5ef4d92e59890476b86,0x0449bc01e1d8154a118c56aaa776272e94b45929,1
0xcc47fcbfdd6e558fb39cf5ef4d92e59890476b86,0x187a11a32d3d6a2e7097fe3c433850226b89914a,1
0xcc47fcbfdd6e558fb39cf5ef4d92e59890476b86,0xa43a5b75dcedf465be4989cce3a854dde3d3a403,1
0xcc47fcbfdd6e558fb39cf5ef4d92e59890476b86,0xfcc49f8ffca0ba75698a9be75abe3ec535b3bfb4,1
0xccd6cbffb071304eca69dd591c2d7df579182e19,0x17082a8fbae3c10d73a361f218ae77bafb62bf4d,1
0xd387a6e4e84a6c86bd90c158c6028a58cc8ac459,0x020ca66c30bec2c4fe3861a94e4db4a498a35872,1
0xd387a6e4e84a6c86bd90c158c6028a58cc8ac459,0x28fe7028375335a627b16af0222f80bb7fdb404e,1
0xd387a6e4e84a6c86bd90c158c6028a58cc8ac459,0x2f1c5d621120ecb0da579df7c06633e56d9c31e7,1
0xd387a6e4e84a6c86bd90c158c6028a58cc8ac459,0x6507db73d6ade38af8467eb5ab445f224cedaf38,1
0xd387a6e4e84a6c86bd90c158c6028a58cc8ac459,0x81b3893a8f3557712705e83d2ab877710044d74d,1
0xd387a6e4e84a6c86bd90c158c6028a58cc8ac459,0x8f18d6a49bb392a84a4a4c03b69d29179e333946,1
0xd387a6e4e84a6c86bd90c158c6028a58cc8ac459,0xa85f0bd039bd6ca4708b72150e29c68642cc3635,1
0xd387a6e4e84a6c86bd90c158c6028a58cc8ac459,0xea39c551834d07ee2ee87f1ceff843c308e089af,1
0xd472b0798421159999e3db0aaa2d53bc0d7acfa3,0x020ca66c30bec2c4fe3861a94e4db4a498a35872,1
0xd472b0798421159999e3db0aaa2d53bc0d7acfa3,0x0449bc01e1d8154a118c56aaa776272e94b45929,1
0xd472b0798421159999e3db0aaa2d53bc0d7acfa3,0x187a11a32d3d6a2e7097fe3c433850226b89914a,1
0xd472b0798421159999e3db0aaa2d53bc0d7acfa3,0x8995add99d015ebea94daf9e98fc8c5deecbb67e,1
0xd472b0798421159999e3db0aaa2d53bc0d7acfa3,0xa1bf766e566c06214fb47b9c904abe30241dd169,1
0xd7627772848a266d55a2607c5e48c2e5a79951de,0x53fed1eb683745352886a363cc0b6e3415824ec8,1
0xd7627772848a266d55a2607c5e48c2e5a79951de,0x72fae93d08a060a7f0a8919708c0db74ca46cbb6,1
0xd7627772848a266d55a2607c5e48c2e5a79951de,0xd472b0798421159999e3db0aaa2d53bc0d7acfa3,1
0xda960704e7e4ecb8d907cdcb4bc87d8ec2ed2ad3,0x1066b2240e1ed1ee49f8aff6f0d6628663f00c73,1
0xda960704e7e4ecb8d907cdcb4bc87d8ec2ed2ad3,0xb32611a21beeacb2fed76350e3b77b79f05d0083,1
0xe4d825729c7b43b26d038c81e4e0477c30c6a5bc,0x17082a8fbae3c10d73a361f218ae77bafb62bf4d,1
0xe4d825729c7b43b26d038c81e4e0477c30c6a5bc,0x4b1e684d5143eb7435e5d78385fa8cbdccd8f7ec,1
0xe5499a32bbfedd563f87c6fcb05d5eb0333ac996,0xc310e760778ecbca4c65b6c559874757a4c4ece0,1
0xe5499a32bbfedd563f87c6fcb05d5eb0333ac996,0xe4d825729c7b43b26d038c81e4e0477c30c6a5bc,1
0xe5499a32bbfedd563f87c6fcb05d5eb0333ac996,0xecbe5f4d026ecdd8c90edcb4a7b68e3af5485cc4,1
0xe632e1ea781df32c60ab11052958744cbfbc439a,0x2d1194e75b408c9395a8bbbedc0079322b62c0a4,1
0xe632e1ea781df32c60ab11052958744cbfbc439a,0x54b174179ae825ed630da40b625bb3c883cd40ae,1
0xea39c551834d07ee2ee87f1ceff843c308e089af,0x762ec7ca4658e76002447b0a29e1f44f575dbebc,1
0xea39c551834d07ee2ee87f1ceff843c308e089af,0xa43a5b75dcedf465be4989cce3a854dde3d3a403,1
0xea39c551834d07ee2ee87f1ceff843c308e089af,0xd472b0798421159999e3db0aaa2d53bc0d7acfa3,1
0xeb11f192e91e2d4abff199b58222c89472584bf4,0x2c2ed4b3876c442fee80bee76ce0ee2ca2a512af,1
0xeb11f192e91e2d4abff199b58222c89472584bf4,0xecbe5f4d026ecdd8c90edcb4a7b68e3af5485cc4,1
0xeeeefc9fff639dbd77a067556deb8a6e8f24cb0b,0x26184303ebaf0d9257804cdeb993190bea31422f,1
0xeeeefc9fff639dbd77a067556deb8a6e8f24cb0b,0xc310e760778ecbca4c65b6c559874757a4c4ece0,1
0xf395a343e9627e02669ff250ef3115625acbe58b,0x020ca66c30bec2c4fe3861a94e4db4a498a35872,1
0xf395a343e9627e02669ff250ef3115625acbe58b,0x11360f0c5552443b33720a44408aba01a809905e,1
0xf395a343e9627e02669ff250ef3115625acbe58b,0x7148bb54f411507c8ef7cde4c8cffda1615b23fe,1
0xf395a343e9627e02669ff250ef3115625acbe58b,0x8f18d6a49bb392a84a4a4c03b69d29179e333946,1
0xf395a343e9627e02669ff250ef3115625acbe58b,0xac000d8081428f2caded1826b463d2ddc848c1e8,1
0xf395a343e9627e02669ff250ef3115625acbe58b,0xf88749a4f2150f50b211464dea8cd36822cde866,1
0xf4c8ea4dd0707e98bdc860deb3903f1128ba94bf,0x1066b2240e1ed1ee49f8aff6f0d6628663f00c73,1
0xf4c8ea4dd0707e98bdc860deb3903f1128ba94bf,0x21a815cb23c114f4a4d03467c22bdcf6a29ad159,1
0xf4c8ea4dd0707e98bdc860deb3903f1128ba94bf,0x7f6675eae5bf9731ce448e2bf3923e236303dece,1
0xf4c8ea4dd0707e98bdc860deb3903f1128ba94bf,0x8ad272ac86c6c88683d9a60eb8ed57e6c304bb0c,1
0xf4c8ea4dd0707e98bdc860deb3903f1128ba94bf,0x975222a8365e6ab51b7867524f77261cd4ece06e,1
0xf4c8ea4dd0707e98bdc860deb3903f1128ba94bf,0xd472b0798421159999e3db0aaa2d53bc0d7acfa3,1
0xf4c8ea4dd0707e98bdc860deb3903f1128ba94bf,0xea39c551834d07ee2ee87f1ceff843c308e089af,1
0xfcc49f8ffca0ba75698a9be75abe3ec535b3bfb4,0x5d9049fccf5ae287ca2472713bb7fc6325dc7876,1
0xfcc49f8ffca0ba75698a9be75abe3ec535b3bfb4,0x7f6675eae5bf9731ce448e2bf3923e236303dece,1
0xfcc49f8ffca0ba75698a9be75abe3ec535b3bfb4,0x81b3893a8f3557712705e83d2ab877710044d74d,1
0xfcc49f8ffca0ba75698a9be75abe3ec535b3bfb4,0x8f18d6a49bb392a84a4a4c03b69d29179e333946,1
0xfcc49f8ffca0ba75698a9be75abe3ec535b3bfb4,0xdf67544b82971a823ba1a3fa1d243a9eea392eb0,1
