target,source,value
0xcbd482af76059e2a5e4a825c4cd5ced9f2dfe286,0x577ebc5de943e35cdf9ecb5bbe1f7d7cb6c7c647,699
0xc352b534e8b987e036a93539fd6897f53488e56a,0xa858ddc0445d8131dac4d1de01f834ffcba52ef1,399
0x00bd9fd57c423a1b1c969823d409156d90974d77,0xca8fe4acb1cb8b5550a3c71ffe2399f6c7016686,262
0x00bd9fd57c423a1b1c969823d409156d90974d77,0xa3cb30128532f43fe1c8a9f4c19422aa631307a9,246
0x1919db36ca2fa2e15f9000fd9cdc2edcf863e685,0x6639c089adfba8bb9968da643c6be208a70d6daa,211
0x19384795bf01c1643f633db579458211449956ff,0xb7f7f6c52f2e2fdb1963eab30438024864c313f6,185
0x53ede7cae3eb6a7d11429fe589c0278c9acbe21a,0x19384795bf01c1643f633db579458211449956ff,185
0x77675847041c3a896f791aa5f357a8c33a38cbac,0xb7f7f6c52f2e2fdb1963eab30438024864c313f6,165
0xd387a6e4e84a6c86bd90c158c6028a58cc8ac459,0x77675847041c3a896f791aa5f357a8c33a38cbac,165
0x00d7c902fbbcd3c9db2da80a439c94486c50eb81,0xd387a6e4e84a6c86bd90c158c6028a58cc8ac459,155
0x577ebc5de943e35cdf9ecb5bbe1f7d7cb6c7c647,0x938bd22a82eaad001cce2d4ef8f030b8a8f07017,150
0x7d438bf6567673867480b7923669bf349e6c8c12,0xa18fd5dfbc015a115a247e2911fcb9d0a19c999a,139
0xa18fd5dfbc015a115a247e2911fcb9d0a19c999a,0xb7f7f6c52f2e2fdb1963eab30438024864c313f6,139
0xc352b534e8b987e036a93539fd6897f53488e56a,0xb88f61e6fbda83fbfffabe364112137480398018,139
0xaf93fcce0548d3124a5fc3045adaf1dde4e8bf7e,0x269616d549d7e8eaa82dfb17028d0b212d11232a,121
0xb7f7f6c52f2e2fdb1963eab30438024864c313f6,0xaf93fcce0548d3124a5fc3045adaf1dde4e8bf7e,121
0xe45df57df7980d8219a5ea811aff949907d0a355,0x1a96afe48e215c47d80eeff6eef64685247c2503,107
0x650dcdeb6ecf05ae3caf30a70966e2f395d5e9e5,0xa5f05cc01916f74b24cc3b7c50315bec578c91ea,104
0xa5f05cc01916f74b24cc3b7c50315bec578c91ea,0xb7f7f6c52f2e2fdb1963eab30438024864c313f6,104
0xb7f7f6c52f2e2fdb1963eab30438024864c313f6,0x13816f65ba8195768e6825eb774fd3c6a05a0ac8,100
0xb7f7f6c52f2e2fdb1963eab30438024864c313f6,0x843d81eaf23c0073426581de5a3735b060888f1b,91
0x7d438bf6567673867480b7923669bf349e6c8c12,0xee3766e4f996dc0e0f8c929954eaafef3441de87,82
0xb7f7f6c52f2e2fdb1963eab30438024864c313f6,0x62bdc64a14405e797f86796ea3c2476209ee0bf9,82
0x0d41f957181e584db82d2e316837b2de1738c477,0xaadfe3c8df8b2baa4b656631aea1e9bc8d6a4a4d,80
0xaadfe3c8df8b2baa4b656631aea1e9bc8d6a4a4d,0xb7f7f6c52f2e2fdb1963eab30438024864c313f6,80
0xb7f7f6c52f2e2fdb1963eab30438024864c313f6,0x7d438bf6567673867480b7923669bf349e6c8c12,77
0x6611fe71c233e4e7510b2795c242c9a57790b376,0x0b88fd87884080bd6d93d341fcca0eea76b03e75,76
0xb7f7f6c52f2e2fdb1963eab30438024864c313f6,0x037e2847c769d20564502183f524f88baa06b389,69
0x51eac3daa1c34f5c2874aa62097ac9965a180b6d,0xcc2a855946a3c20683858fe6ee15acf8b836f0b3,65
0x269616d549d7e8eaa82dfb17028d0b212d11232a,0x1919db36ca2fa2e15f9000fd9cdc2edcf863e685,63
0xca8fe4acb1cb8b5550a3c71ffe2399f6c7016686,0x062c5432107e3b9ad924512209a7468b5c200fcd,60
0xb7f7f6c52f2e2fdb1963eab30438024864c313f6,0xe4c479a60633caf3c86228ed6a9b0bdd5d14cf79,59
0xc352b534e8b987e036a93539fd6897f53488e56a,0xd387a6e4e84a6c86bd90c158c6028a58cc8ac459,55
0xb7f7f6c52f2e2fdb1963eab30438024864c313f6,0xcf0e9b4746cfb97bae329fe5f696969f6564566a,53
0xb7f7f6c52f2e2fdb1963eab30438024864c313f6,0xe614065a4ac6d478f141db4595325b537ffa2ea5,52
0xa3cb30128532f43fe1c8a9f4c19422aa631307a9,0x062c5432107e3b9ad924512209a7468b5c200fcd,51
0xb7f7f6c52f2e2fdb1963eab30438024864c313f6,0x696ed7b26f4b019ceec78dc8b9140ad64a6f354b,48
0xd8e80673419acfbf15bf8eb0239cda90f232051f,0x052564eb0fd8b340803df55def89c25c432f43f4,47
0x577ebc5de943e35cdf9ecb5bbe1f7d7cb6c7c647,0xb88f61e6fbda83fbfffabe364112137480398018,46
0xb7f7f6c52f2e2fdb1963eab30438024864c313f6,0x899241b0c41051313ce36271a7e13d54c94877a1,44
0xb7f7f6c52f2e2fdb1963eab30438024864c313f6,0x2a98fcd155c9da4a28bdb32acc935836c233882a,39
0x53ede7cae3eb6a7d11429fe589c0278c9acbe21a,0xdde8df9a7dc9f68bdac815f493d1d731de911b5a,35
0xb7f7f6c52f2e2fdb1963eab30438024864c313f6,0xd387a6e4e84a6c86bd90c158c6028a58cc8ac459,34
0x53ede7cae3eb6a7d11429fe589c0278c9acbe21a,0x7d438bf6567673867480b7923669bf349e6c8c12,33
0x269616d549d7e8eaa82dfb17028d0b212d11232a,0x2a98fcd155c9da4a28bdb32acc935836c233882a,30
0x53ede7cae3eb6a7d11429fe589c0278c9acbe21a,0x303052148a78a692d7aa89bad454f3e91785488d,29
0x53ede7cae3eb6a7d11429fe589c0278c9acbe21a,0xd387a6e4e84a6c86bd90c158c6028a58cc8ac459,26
0x6639c089adfba8bb9968da643c6be208a70d6daa,0x1919db36ca2fa2e15f9000fd9cdc2edcf863e685,26
0x00d7c902fbbcd3c9db2da80a439c94486c50eb81,0x5bb35c9576ef6e42d4447adcb3272f0b8582e82e,25
0x58164b2d74c45f06cde451fc307092d55ebe5730,0xdde8df9a7dc9f68bdac815f493d1d731de911b5a,25
0xca8fe4acb1cb8b5550a3c71ffe2399f6c7016686,0x5f5df42ddb92d621176a59c437f54fcf1bb4be23,25
0xb7f7f6c52f2e2fdb1963eab30438024864c313f6,0x0eb9a7ff5cbf719251989caf1599c1270eafb531,24
0x53ede7cae3eb6a7d11429fe589c0278c9acbe21a,0x0d41f957181e584db82d2e316837b2de1738c477,23
0x53ede7cae3eb6a7d11429fe589c0278c9acbe21a,0x5bb35c9576ef6e42d4447adcb3272f0b8582e82e,23
0x2a98fcd155c9da4a28bdb32acc935836c233882a,0x269616d549d7e8eaa82dfb17028d0b212d11232a,22
0xb7f7f6c52f2e2fdb1963eab30438024864c313f6,0x219688c6156edea2e2ca7e2036c1c5b7f6451169,22
0x53ede7cae3eb6a7d11429fe589c0278c9acbe21a,0xd8e80673419acfbf15bf8eb0239cda90f232051f,21
0x577ebc5de943e35cdf9ecb5bbe1f7d7cb6c7c647,0x51787a2c56d710c68140bdadefd3a98bff96feb4,21
0x00d7c902fbbcd3c9db2da80a439c94486c50eb81,0xe8723d26ad5f7ff4ea8902d235f0a8f8b8802f6d,20
0xb6be4de7f37bae20085d830a28982be8ad19052b,0xd387a6e4e84a6c86bd90c158c6028a58cc8ac459,19
0xa3cb30128532f43fe1c8a9f4c19422aa631307a9,0x5f5df42ddb92d621176a59c437f54fcf1bb4be23,18
0xb7f7f6c52f2e2fdb1963eab30438024864c313f6,0x8e662143178bb8c797620a3a61f34a71832475b0,17
0xd387a6e4e84a6c86bd90c158c6028a58cc8ac459,0x7d438bf6567673867480b7923669bf349e6c8c12,17
0x53ede7cae3eb6a7d11429fe589c0278c9acbe21a,0xc352b534e8b987e036a93539fd6897f53488e56a,16
0x58164b2d74c45f06cde451fc307092d55ebe5730,0x8e662143178bb8c797620a3a61f34a71832475b0,16
0xb7f7f6c52f2e2fdb1963eab30438024864c313f6,0xc46db2d89327d4c41eb81c43ed5e3dff111f9a8f,16
0x1a96afe48e215c47d80eeff6eef64685247c2503,0xd387a6e4e84a6c86bd90c158c6028a58cc8ac459,15
0x577ebc5de943e35cdf9ecb5bbe1f7d7cb6c7c647,0xd387a6e4e84a6c86bd90c158c6028a58cc8ac459,15
0x843d81eaf23c0073426581de5a3735b060888f1b,0x701f373df763308d96d8537822e8f9b2bae4e847,15
0xe4c479a60633caf3c86228ed6a9b0bdd5d14cf79,0x033ee76d5ac6398da4d8c8955e28f71f75680ece,15
0x00d7c902fbbcd3c9db2da80a439c94486c50eb81,0x303052148a78a692d7aa89bad454f3e91785488d,14
0x1919db36ca2fa2e15f9000fd9cdc2edcf863e685,0x269616d549d7e8eaa82dfb17028d0b212d11232a,14
0x53ede7cae3eb6a7d11429fe589c0278c9acbe21a,0x51787a2c56d710c68140bdadefd3a98bff96feb4,14
0x8234be55f64ea91960b78357906cf5bebce81f3d,0xdde8df9a7dc9f68bdac815f493d1d731de911b5a,14
0xc480fb0ebea2591470f571436926785be5ebcd22,0x0b88fd87884080bd6d93d341fcca0eea76b03e75,14
0x00d7c902fbbcd3c9db2da80a439c94486c50eb81,0x78f0269f5b1ca914c8c58993f41181f89e212b27,13
0x53ede7cae3eb6a7d11429fe589c0278c9acbe21a,0x5b098b00621eda6a96b7a476220661ad265f083f,13
0xe45df57df7980d8219a5ea811aff949907d0a355,0xd387a6e4e84a6c86bd90c158c6028a58cc8ac459,13
0x577ebc5de943e35cdf9ecb5bbe1f7d7cb6c7c647,0x650dcdeb6ecf05ae3caf30a70966e2f395d5e9e5,12
0x8234be55f64ea91960b78357906cf5bebce81f3d,0x8e662143178bb8c797620a3a61f34a71832475b0,12
0x00d7c902fbbcd3c9db2da80a439c94486c50eb81,0x8e662143178bb8c797620a3a61f34a71832475b0,11
0x00d7c902fbbcd3c9db2da80a439c94486c50eb81,0xdde8df9a7dc9f68bdac815f493d1d731de911b5a,11
0xc352b534e8b987e036a93539fd6897f53488e56a,0x6611fe71c233e4e7510b2795c242c9a57790b376,11
0x00d7c902fbbcd3c9db2da80a439c94486c50eb81,0x7d438bf6567673867480b7923669bf349e6c8c12,10
0x53ede7cae3eb6a7d11429fe589c0278c9acbe21a,0x8e662143178bb8c797620a3a61f34a71832475b0,10
0x5bb35c9576ef6e42d4447adcb3272f0b8582e82e,0xd387a6e4e84a6c86bd90c158c6028a58cc8ac459,10
0x63a9dbce75413036b2b778e670aabd4493aaf9f3,0xd387a6e4e84a6c86bd90c158c6028a58cc8ac459,10
0x8f6b1e467fbe74d7dd43d59de0558f693c736798,0x1919db36ca2fa2e15f9000fd9cdc2edcf863e685,10
0xb7f7f6c52f2e2fdb1963eab30438024864c313f6,0x63a9dbce75413036b2b778e670aabd4493aaf9f3,10
0xca8fe4acb1cb8b5550a3c71ffe2399f6c7016686,0x62bdc64a14405e797f86796ea3c2476209ee0bf9,10
0x219688c6156edea2e2ca7e2036c1c5b7f6451169,0xd387a6e4e84a6c86bd90c158c6028a58cc8ac459,9
0x53ede7cae3eb6a7d11429fe589c0278c9acbe21a,0x5f7190b7943858b7bdd24f069241612091c6a986,9
0x53ede7cae3eb6a7d11429fe589c0278c9acbe21a,0x8dbbca57ea56290efa14d835bbfd34faf1d89753,9
0x62bdc64a14405e797f86796ea3c2476209ee0bf9,0x0e9aed5c7721c642a032812c2c4816f7d6cb87d7,9
0x63a9dbce75413036b2b778e670aabd4493aaf9f3,0x0d41f957181e584db82d2e316837b2de1738c477,9
0xd387a6e4e84a6c86bd90c158c6028a58cc8ac459,0x82b1f29c5608238df2618f996827933c0d844079,9
0xe45df57df7980d8219a5ea811aff949907d0a355,0x303052148a78a692d7aa89bad454f3e91785488d,9
0xe45df57df7980d8219a5ea811aff949907d0a355,0x7d438bf6567673867480b7923669bf349e6c8c12,9
0x00d7c902fbbcd3c9db2da80a439c94486c50eb81,0x5f7190b7943858b7bdd24f069241612091c6a986,8
0x269616d549d7e8eaa82dfb17028d0b212d11232a,0x6639c089adfba8bb9968da643c6be208a70d6daa,8
0x53ede7cae3eb6a7d11429fe589c0278c9acbe21a,0x00b278dd68f9d8491795ffaf771120638bef1686,8
0x53ede7cae3eb6a7d11429fe589c0278c9acbe21a,0x63a9dbce75413036b2b778e670aabd4493aaf9f3,8
0x53ede7cae3eb6a7d11429fe589c0278c9acbe21a,0xcf0e9b4746cfb97bae329fe5f696969f6564566a,8
0x6639c089adfba8bb9968da643c6be208a70d6daa,0xfe2f279d3679bac2d07cf46c93503410ef9ca448,8
0xb6be4de7f37bae20085d830a28982be8ad19052b,0x7d438bf6567673867480b7923669bf349e6c8c12,8
0xb7f7f6c52f2e2fdb1963eab30438024864c313f6,0x0d41f957181e584db82d2e316837b2de1738c477,8
0xb7f7f6c52f2e2fdb1963eab30438024864c313f6,0x51787a2c56d710c68140bdadefd3a98bff96feb4,8
0xc24f574d6853f6f6a31c19d468a8c1b3f31c0e54,0x8dbbca57ea56290efa14d835bbfd34faf1d89753,8
0xd387a6e4e84a6c86bd90c158c6028a58cc8ac459,0x8dbbca57ea56290efa14d835bbfd34faf1d89753,8
0x1919db36ca2fa2e15f9000fd9cdc2edcf863e685,0x91338ccfb8c0adb7756034a82008531d7713009d,7
0x3be89b64e1437bb18da2d26bcbe9bd3daaadfc26,0x577ebc5de943e35cdf9ecb5bbe1f7d7cb6c7c647,7
0x53ede7cae3eb6a7d11429fe589c0278c9acbe21a,0xe8723d26ad5f7ff4ea8902d235f0a8f8b8802f6d,7
0x58164b2d74c45f06cde451fc307092d55ebe5730,0xe8723d26ad5f7ff4ea8902d235f0a8f8b8802f6d,7
0xb7f7f6c52f2e2fdb1963eab30438024864c313f6,0x0e9aed5c7721c642a032812c2c4816f7d6cb87d7,7
0xb7f7f6c52f2e2fdb1963eab30438024864c313f6,0x36ed2d75a82e180e0871456b15c239b73b4ee9f4,7
0xc352b534e8b987e036a93539fd6897f53488e56a,0x0d41f957181e584db82d2e316837b2de1738c477,7
0xd387a6e4e84a6c86bd90c158c6028a58cc8ac459,0x0d41f957181e584db82d2e316837b2de1738c477,7
0xd387a6e4e84a6c86bd90c158c6028a58cc8ac459,0xcf0e9b4746cfb97bae329fe5f696969f6564566a,7
0x037e2847c769d20564502183f524f88baa06b389,0x033ee76d5ac6398da4d8c8955e28f71f75680ece,6
0x062c5432107e3b9ad924512209a7468b5c200fcd,0x1919db36ca2fa2e15f9000fd9cdc2edcf863e685,6
0x0eb9a7ff5cbf719251989caf1599c1270eafb531,0xd387a6e4e84a6c86bd90c158c6028a58cc8ac459,6
0x0f4023208058ecffcb22a7409df11f6d6013fe8a,0x303052148a78a692d7aa89bad454f3e91785488d,6
0x0f4023208058ecffcb22a7409df11f6d6013fe8a,0x5b098b00621eda6a96b7a476220661ad265f083f,6
0x1a96afe48e215c47d80eeff6eef64685247c2503,0x63a9dbce75413036b2b778e670aabd4493aaf9f3,6
0x303052148a78a692d7aa89bad454f3e91785488d,0x7d438bf6567673867480b7923669bf349e6c8c12,6
0x53ede7cae3eb6a7d11429fe589c0278c9acbe21a,0x58164b2d74c45f06cde451fc307092d55ebe5730,6
0x53ede7cae3eb6a7d11429fe589c0278c9acbe21a,0x82b1f29c5608238df2618f996827933c0d844079,6
0x5b098b00621eda6a96b7a476220661ad265f083f,0x00b278dd68f9d8491795ffaf771120638bef1686,6
0x5b098b00621eda6a96b7a476220661ad265f083f,0x0e9aed5c7721c642a032812c2c4816f7d6cb87d7,6
0x8f6b1e467fbe74d7dd43d59de0558f693c736798,0x51eac3daa1c34f5c2874aa62097ac9965a180b6d,6
0xd8e80673419acfbf15bf8eb0239cda90f232051f,0x0f4023208058ecffcb22a7409df11f6d6013fe8a,6
0xe8723d26ad5f7ff4ea8902d235f0a8f8b8802f6d,0x78f0269f5b1ca914c8c58993f41181f89e212b27,6
0xe8723d26ad5f7ff4ea8902d235f0a8f8b8802f6d,0x7d438bf6567673867480b7923669bf349e6c8c12,6
0x0f4023208058ecffcb22a7409df11f6d6013fe8a,0xc352b534e8b987e036a93539fd6897f53488e56a,5
0x0f4023208058ecffcb22a7409df11f6d6013fe8a,0xdde8df9a7dc9f68bdac815f493d1d731de911b5a,5
0x53ede7cae3eb6a7d11429fe589c0278c9acbe21a,0x0f4023208058ecffcb22a7409df11f6d6013fe8a,5
0x577ebc5de943e35cdf9ecb5bbe1f7d7cb6c7c647,0xabf107de3e01c7c257e64e0a18d60a733aad395d,5
0x6f4a2d3a4f47f9c647d86c929755593911ee91ec,0x1919db36ca2fa2e15f9000fd9cdc2edcf863e685,5
0xb7f7f6c52f2e2fdb1963eab30438024864c313f6,0x6277a1073dfbe0ea087e0ef8741dce084831e782,5
0xb7f7f6c52f2e2fdb1963eab30438024864c313f6,0x8dbbca57ea56290efa14d835bbfd34faf1d89753,5
0xc24f574d6853f6f6a31c19d468a8c1b3f31c0e54,0x7d438bf6567673867480b7923669bf349e6c8c12,5
0xc352b534e8b987e036a93539fd6897f53488e56a,0x51787a2c56d710c68140bdadefd3a98bff96feb4,5
0xc352b534e8b987e036a93539fd6897f53488e56a,0xc46db2d89327d4c41eb81c43ed5e3dff111f9a8f,5
0xd8e80673419acfbf15bf8eb0239cda90f232051f,0x58164b2d74c45f06cde451fc307092d55ebe5730,5
0xe45df57df7980d8219a5ea811aff949907d0a355,0x82b1f29c5608238df2618f996827933c0d844079,5
0x00d7c902fbbcd3c9db2da80a439c94486c50eb81,0x0f4023208058ecffcb22a7409df11f6d6013fe8a,4
0x00d7c902fbbcd3c9db2da80a439c94486c50eb81,0x6611fe71c233e4e7510b2795c242c9a57790b376,4
0x00d7c902fbbcd3c9db2da80a439c94486c50eb81,0xe83c750b2708320bb134796c555b80df39a3d97b,4
0x0601d0235645a6ce6356ef11aa0b225c68605131,0xd387a6e4e84a6c86bd90c158c6028a58cc8ac459,4
0x0b88fd87884080bd6d93d341fcca0eea76b03e75,0x0e9aed5c7721c642a032812c2c4816f7d6cb87d7,4
0x0b88fd87884080bd6d93d341fcca0eea76b03e75,0xabf107de3e01c7c257e64e0a18d60a733aad395d,4
0x0f4023208058ecffcb22a7409df11f6d6013fe8a,0x00b278dd68f9d8491795ffaf771120638bef1686,4
0x1919db36ca2fa2e15f9000fd9cdc2edcf863e685,0xfe2f279d3679bac2d07cf46c93503410ef9ca448,4
0x1a96afe48e215c47d80eeff6eef64685247c2503,0x0601d0235645a6ce6356ef11aa0b225c68605131,4
0x269616d549d7e8eaa82dfb17028d0b212d11232a,0x62bdc64a14405e797f86796ea3c2476209ee0bf9,4
0x53ede7cae3eb6a7d11429fe589c0278c9acbe21a,0x78f0269f5b1ca914c8c58993f41181f89e212b27,4
0x577ebc5de943e35cdf9ecb5bbe1f7d7cb6c7c647,0x4affe16d35143db85027c05d97f56ebdc668347e,4
0x5b098b00621eda6a96b7a476220661ad265f083f,0xe45df57df7980d8219a5ea811aff949907d0a355,4
0x6611fe71c233e4e7510b2795c242c9a57790b376,0x1919db36ca2fa2e15f9000fd9cdc2edcf863e685,4
0x6639c089adfba8bb9968da643c6be208a70d6daa,0x91338ccfb8c0adb7756034a82008531d7713009d,4
0x696ed7b26f4b019ceec78dc8b9140ad64a6f354b,0x1919db36ca2fa2e15f9000fd9cdc2edcf863e685,4
0x6f4a2d3a4f47f9c647d86c929755593911ee91ec,0x0b88fd87884080bd6d93d341fcca0eea76b03e75,4
0x6f4a2d3a4f47f9c647d86c929755593911ee91ec,0xb70c1a3242e363b4772b83acdc10df94e6c3fb02,4
0x8b27de7f6a7542ee70e2420e1bc67fc479d01984,0x2a98fcd155c9da4a28bdb32acc935836c233882a,4
0xa3cb30128532f43fe1c8a9f4c19422aa631307a9,0xe614065a4ac6d478f141db4595325b537ffa2ea5,4
0xa3cb30128532f43fe1c8a9f4c19422aa631307a9,0xe8723d26ad5f7ff4ea8902d235f0a8f8b8802f6d,4
0xb7f7f6c52f2e2fdb1963eab30438024864c313f6,0x052564eb0fd8b340803df55def89c25c432f43f4,4
0xb7f7f6c52f2e2fdb1963eab30438024864c313f6,0x3be89b64e1437bb18da2d26bcbe9bd3daaadfc26,4
0xb7f7f6c52f2e2fdb1963eab30438024864c313f6,0x5f5df42ddb92d621176a59c437f54fcf1bb4be23,4
0xb7f7f6c52f2e2fdb1963eab30438024864c313f6,0x6639c089adfba8bb9968da643c6be208a70d6daa,4
0xb7f7f6c52f2e2fdb1963eab30438024864c313f6,0x94de7e2c73529ebf3206aa3459e699fbcdfcd49b,4
0xc24f574d6853f6f6a31c19d468a8c1b3f31c0e54,0xb70c1a3242e363b4772b83acdc10df94e6c3fb02,4
0xc24f574d6853f6f6a31c19d468a8c1b3f31c0e54,0xe8723d26ad5f7ff4ea8902d235f0a8f8b8802f6d,4
0xc352b534e8b987e036a93539fd6897f53488e56a,0x5f7190b7943858b7bdd24f069241612091c6a986,4
0xc352b534e8b987e036a93539fd6897f53488e56a,0x78f0269f5b1ca914c8c58993f41181f89e212b27,4
0xc480fb0ebea2591470f571436926785be5ebcd22,0x1919db36ca2fa2e15f9000fd9cdc2edcf863e685,4
0xcbd482af76059e2a5e4a825c4cd5ced9f2dfe286,0x5f7190b7943858b7bdd24f069241612091c6a986,4
0xd387a6e4e84a6c86bd90c158c6028a58cc8ac459,0x63a9dbce75413036b2b778e670aabd4493aaf9f3,4
0xd387a6e4e84a6c86bd90c158c6028a58cc8ac459,0x78f0269f5b1ca914c8c58993f41181f89e212b27,4
0xe45df57df7980d8219a5ea811aff949907d0a355,0x00b278dd68f9d8491795ffaf771120638bef1686,4
0xe8723d26ad5f7ff4ea8902d235f0a8f8b8802f6d,0x5bb35c9576ef6e42d4447adcb3272f0b8582e82e,4
0xf1ad946ae30a285d96ea396acd3fd22c5aa75ef8,0x1919db36ca2fa2e15f9000fd9cdc2edcf863e685,4
0x00b278dd68f9d8491795ffaf771120638bef1686,0x1919db36ca2fa2e15f9000fd9cdc2edcf863e685,3
0x0b88fd87884080bd6d93d341fcca0eea76b03e75,0x899241b0c41051313ce36271a7e13d54c94877a1,3
0x0b88fd87884080bd6d93d341fcca0eea76b03e75,0x97db27c92bc776079f57bf26533111abc81af7ca,3
0x0e9aed5c7721c642a032812c2c4816f7d6cb87d7,0x269616d549d7e8eaa82dfb17028d0b212d11232a,3
0x13816f65ba8195768e6825eb774fd3c6a05a0ac8,0x577ebc5de943e35cdf9ecb5bbe1f7d7cb6c7c647,3
0x13816f65ba8195768e6825eb774fd3c6a05a0ac8,0x650dcdeb6ecf05ae3caf30a70966e2f395d5e9e5,3
0x13816f65ba8195768e6825eb774fd3c6a05a0ac8,0xddfdcb21c935e8432a559cf689c83695b27a4177,3
0x1919db36ca2fa2e15f9000fd9cdc2edcf863e685,0x650dcdeb6ecf05ae3caf30a70966e2f395d5e9e5,3
0x1a96afe48e215c47d80eeff6eef64685247c2503,0x303052148a78a692d7aa89bad454f3e91785488d,3
0x1a96afe48e215c47d80eeff6eef64685247c2503,0x51787a2c56d710c68140bdadefd3a98bff96feb4,3
0x269616d549d7e8eaa82dfb17028d0b212d11232a,0x899241b0c41051313ce36271a7e13d54c94877a1,3
0x2a98fcd155c9da4a28bdb32acc935836c233882a,0x1919db36ca2fa2e15f9000fd9cdc2edcf863e685,3
0x2cbee43c8147a8c35bceab79842663cddc58a79e,0x36ed2d75a82e180e0871456b15c239b73b4ee9f4,3
0x51787a2c56d710c68140bdadefd3a98bff96feb4,0x0d41f957181e584db82d2e316837b2de1738c477,3
0x53ede7cae3eb6a7d11429fe589c0278c9acbe21a,0x00d7c902fbbcd3c9db2da80a439c94486c50eb81,3
0x53ede7cae3eb6a7d11429fe589c0278c9acbe21a,0x0601d0235645a6ce6356ef11aa0b225c68605131,3
0x53ede7cae3eb6a7d11429fe589c0278c9acbe21a,0x0eb9a7ff5cbf719251989caf1599c1270eafb531,3
0x53ede7cae3eb6a7d11429fe589c0278c9acbe21a,0xe83c750b2708320bb134796c555b80df39a3d97b,3
0x577ebc5de943e35cdf9ecb5bbe1f7d7cb6c7c647,0x1919db36ca2fa2e15f9000fd9cdc2edcf863e685,3
0x577ebc5de943e35cdf9ecb5bbe1f7d7cb6c7c647,0x82b1f29c5608238df2618f996827933c0d844079,3
0x5b098b00621eda6a96b7a476220661ad265f083f,0x00bd9fd57c423a1b1c969823d409156d90974d77,3
0x5b098b00621eda6a96b7a476220661ad265f083f,0x0f4023208058ecffcb22a7409df11f6d6013fe8a,3
0x5bb35c9576ef6e42d4447adcb3272f0b8582e82e,0x037e2847c769d20564502183f524f88baa06b389,3
0x5f5df42ddb92d621176a59c437f54fcf1bb4be23,0x062c5432107e3b9ad924512209a7468b5c200fcd,3
0x5f5df42ddb92d621176a59c437f54fcf1bb4be23,0x62bdc64a14405e797f86796ea3c2476209ee0bf9,3
0x62bdc64a14405e797f86796ea3c2476209ee0bf9,0x6277a1073dfbe0ea087e0ef8741dce084831e782,3
0x6611fe71c233e4e7510b2795c242c9a57790b376,0x00b278dd68f9d8491795ffaf771120638bef1686,3
0x6611fe71c233e4e7510b2795c242c9a57790b376,0x0e9aed5c7721c642a032812c2c4816f7d6cb87d7,3
0x6611fe71c233e4e7510b2795c242c9a57790b376,0x5b098b00621eda6a96b7a476220661ad265f083f,3
0x6611fe71c233e4e7510b2795c242c9a57790b376,0xb70c1a3242e363b4772b83acdc10df94e6c3fb02,3
0x6611fe71c233e4e7510b2795c242c9a57790b376,0xd387a6e4e84a6c86bd90c158c6028a58cc8ac459,3
0x6f4a2d3a4f47f9c647d86c929755593911ee91ec,0x052564eb0fd8b340803df55def89c25c432f43f4,3
0x6f4a2d3a4f47f9c647d86c929755593911ee91ec,0x50664ede715e131f584d3e7eaabd7818bb20a068,3
0x6f4a2d3a4f47f9c647d86c929755593911ee91ec,0xbec69dfce4c1fa8b7843fee1ca85788d84a86b06,3
0x6f4a2d3a4f47f9c647d86c929755593911ee91ec,0xc46db2d89327d4c41eb81c43ed5e3dff111f9a8f,3
0x6f4a2d3a4f47f9c647d86c929755593911ee91ec,0xd3e2e76e4ab0322614fe7aaa3be0b04bed83d0d0,3
0x78f0269f5b1ca914c8c58993f41181f89e212b27,0x219688c6156edea2e2ca7e2036c1c5b7f6451169,3
0x8234be55f64ea91960b78357906cf5bebce81f3d,0x303052148a78a692d7aa89bad454f3e91785488d,3
0x8234be55f64ea91960b78357906cf5bebce81f3d,0x5bb35c9576ef6e42d4447adcb3272f0b8582e82e,3
0x8234be55f64ea91960b78357906cf5bebce81f3d,0x5f7190b7943858b7bdd24f069241612091c6a986,3
0x8b27de7f6a7542ee70e2420e1bc67fc479d01984,0x1919db36ca2fa2e15f9000fd9cdc2edcf863e685,3
0x8dbbca57ea56290efa14d835bbfd34faf1d89753,0x0d41f957181e584db82d2e316837b2de1738c477,3
0x8e662143178bb8c797620a3a61f34a71832475b0,0x219688c6156edea2e2ca7e2036c1c5b7f6451169,3
0x91338ccfb8c0adb7756034a82008531d7713009d,0x1919db36ca2fa2e15f9000fd9cdc2edcf863e685,3
0xa3cb30128532f43fe1c8a9f4c19422aa631307a9,0x62bdc64a14405e797f86796ea3c2476209ee0bf9,3
0xa3cb30128532f43fe1c8a9f4c19422aa631307a9,0x701f373df763308d96d8537822e8f9b2bae4e847,3
0xa3cb30128532f43fe1c8a9f4c19422aa631307a9,0xabf107de3e01c7c257e64e0a18d60a733aad395d,3
0xa3cb30128532f43fe1c8a9f4c19422aa631307a9,0xc46db2d89327d4c41eb81c43ed5e3dff111f9a8f,3
0xa3cb30128532f43fe1c8a9f4c19422aa631307a9,0xddfdcb21c935e8432a559cf689c83695b27a4177,3
0xb4bb4156e5e6ca5d81041f616c27dffb253b7845,0xd387a6e4e84a6c86bd90c158c6028a58cc8ac459,3
0xb6be4de7f37bae20085d830a28982be8ad19052b,0x033ee76d5ac6398da4d8c8955e28f71f75680ece,3
0xb7f7f6c52f2e2fdb1963eab30438024864c313f6,0x50664ede715e131f584d3e7eaabd7818bb20a068,3
0xb7f7f6c52f2e2fdb1963eab30438024864c313f6,0x5f7190b7943858b7bdd24f069241612091c6a986,3
0xb7f7f6c52f2e2fdb1963eab30438024864c313f6,0x82b1f29c5608238df2618f996827933c0d844079,3
0xb7f7f6c52f2e2fdb1963eab30438024864c313f6,0xe83c750b2708320bb134796c555b80df39a3d97b,3
0xbec69dfce4c1fa8b7843fee1ca85788d84a86b06,0x1919db36ca2fa2e15f9000fd9cdc2edcf863e685,3
0xc24f574d6853f6f6a31c19d468a8c1b3f31c0e54,0x5b098b00621eda6a96b7a476220661ad265f083f,3
0xc24f574d6853f6f6a31c19d468a8c1b3f31c0e54,0x78f0269f5b1ca914c8c58993f41181f89e212b27,3
0xc352b534e8b987e036a93539fd6897f53488e56a,0x0601d0235645a6ce6356ef11aa0b225c68605131,3
0xc352b534e8b987e036a93539fd6897f53488e56a,0xd8e80673419acfbf15bf8eb0239cda90f232051f,3
0xc352b534e8b987e036a93539fd6897f53488e56a,0xe83c750b2708320bb134796c555b80df39a3d97b,3
0xca8fe4acb1cb8b5550a3c71ffe2399f6c7016686,0xc46db2d89327d4c41eb81c43ed5e3dff111f9a8f,3
0xca8fe4acb1cb8b5550a3c71ffe2399f6c7016686,0xddfdcb21c935e8432a559cf689c83695b27a4177,3
0xca8fe4acb1cb8b5550a3c71ffe2399f6c7016686,0xe8723d26ad5f7ff4ea8902d235f0a8f8b8802f6d,3
0xcc7c335f3365ae3f7e4e8c9535dc92780a4add9d,0x62bdc64a14405e797f86796ea3c2476209ee0bf9,3
0xcf0e9b4746cfb97bae329fe5f696969f6564566a,0xd387a6e4e84a6c86bd90c158c6028a58cc8ac459,3
0xd387a6e4e84a6c86bd90c158c6028a58cc8ac459,0x0eb9a7ff5cbf719251989caf1599c1270eafb531,3
0xd387a6e4e84a6c86bd90c158c6028a58cc8ac459,0x303052148a78a692d7aa89bad454f3e91785488d,3
0xd387a6e4e84a6c86bd90c158c6028a58cc8ac459,0x8e662143178bb8c797620a3a61f34a71832475b0,3
0xd387a6e4e84a6c86bd90c158c6028a58cc8ac459,0xe8723d26ad5f7ff4ea8902d235f0a8f8b8802f6d,3
0xd8e80673419acfbf15bf8eb0239cda90f232051f,0x5f7190b7943858b7bdd24f069241612091c6a986,3
0xd8e80673419acfbf15bf8eb0239cda90f232051f,0xe8723d26ad5f7ff4ea8902d235f0a8f8b8802f6d,3
0xe45df57df7980d8219a5ea811aff949907d0a355,0x78f0269f5b1ca914c8c58993f41181f89e212b27,3
0xe45df57df7980d8219a5ea811aff949907d0a355,0xc352b534e8b987e036a93539fd6897f53488e56a,3
0xe8723d26ad5f7ff4ea8902d235f0a8f8b8802f6d,0xe83c750b2708320bb134796c555b80df39a3d97b,3
0xf1ad946ae30a285d96ea396acd3fd22c5aa75ef8,0x650dcdeb6ecf05ae3caf30a70966e2f395d5e9e5,3
0xfe2f279d3679bac2d07cf46c93503410ef9ca448,0x1919db36ca2fa2e15f9000fd9cdc2edcf863e685,3
0x00b278dd68f9d8491795ffaf771120638bef1686,0x0e9aed5c7721c642a032812c2c4816f7d6cb87d7,2
0x00bd9fd57c423a1b1c969823d409156d90974d77,0x5b098b00621eda6a96b7a476220661ad265f083f,2
0x00d7c902fbbcd3c9db2da80a439c94486c50eb81,0x00d7c902fbbcd3c9db2da80a439c94486c50eb81,2
0x00d7c902fbbcd3c9db2da80a439c94486c50eb81,0x5b098b00621eda6a96b7a476220661ad265f083f,2
0x00d7c902fbbcd3c9db2da80a439c94486c50eb81,0xd8e80673419acfbf15bf8eb0239cda90f232051f,2
0x033ee76d5ac6398da4d8c8955e28f71f75680ece,0x82b1f29c5608238df2618f996827933c0d844079,2
0x033ee76d5ac6398da4d8c8955e28f71f75680ece,0x94de7e2c73529ebf3206aa3459e699fbcdfcd49b,2
0x037e2847c769d20564502183f524f88baa06b389,0x13816f65ba8195768e6825eb774fd3c6a05a0ac8,2
0x037e2847c769d20564502183f524f88baa06b389,0xe614065a4ac6d478f141db4595325b537ffa2ea5,2
0x052564eb0fd8b340803df55def89c25c432f43f4,0x0e9aed5c7721c642a032812c2c4816f7d6cb87d7,2
0x0b88fd87884080bd6d93d341fcca0eea76b03e75,0x052564eb0fd8b340803df55def89c25c432f43f4,2
0x0b88fd87884080bd6d93d341fcca0eea76b03e75,0xb4bb4156e5e6ca5d81041f616c27dffb253b7845,2
0x0d41f957181e584db82d2e316837b2de1738c477,0x78f0269f5b1ca914c8c58993f41181f89e212b27,2
0x0d41f957181e584db82d2e316837b2de1738c477,0x8dbbca57ea56290efa14d835bbfd34faf1d89753,2
0x0e9aed5c7721c642a032812c2c4816f7d6cb87d7,0xfe2f279d3679bac2d07cf46c93503410ef9ca448,2
0x0eb9a7ff5cbf719251989caf1599c1270eafb531,0x0d41f957181e584db82d2e316837b2de1738c477,2
0x0eb9a7ff5cbf719251989caf1599c1270eafb531,0x3e17fac953de2cd729b0ace7f6d4353387717e9e,2
0x0f4023208058ecffcb22a7409df11f6d6013fe8a,0x1919db36ca2fa2e15f9000fd9cdc2edcf863e685,2
0x0f4023208058ecffcb22a7409df11f6d6013fe8a,0x58164b2d74c45f06cde451fc307092d55ebe5730,2
0x0f4023208058ecffcb22a7409df11f6d6013fe8a,0x6611fe71c233e4e7510b2795c242c9a57790b376,2
0x0f4023208058ecffcb22a7409df11f6d6013fe8a,0xd8e80673419acfbf15bf8eb0239cda90f232051f,2
0x0f4023208058ecffcb22a7409df11f6d6013fe8a,0xe8723d26ad5f7ff4ea8902d235f0a8f8b8802f6d,2
0x13816f65ba8195768e6825eb774fd3c6a05a0ac8,0xd3e2e76e4ab0322614fe7aaa3be0b04bed83d0d0,2
0x1919db36ca2fa2e15f9000fd9cdc2edcf863e685,0x50664ede715e131f584d3e7eaabd7818bb20a068,2
0x1919db36ca2fa2e15f9000fd9cdc2edcf863e685,0x74be0af0bf7254328ddffc09425ff71d64a1a836,2
0x1919db36ca2fa2e15f9000fd9cdc2edcf863e685,0xb4bb4156e5e6ca5d81041f616c27dffb253b7845,2
0x2cbee43c8147a8c35bceab79842663cddc58a79e,0x0eb9a7ff5cbf719251989caf1599c1270eafb531,2
0x303052148a78a692d7aa89bad454f3e91785488d,0x82b1f29c5608238df2618f996827933c0d844079,2
0x3be89b64e1437bb18da2d26bcbe9bd3daaadfc26,0x4affe16d35143db85027c05d97f56ebdc668347e,2
0x3be89b64e1437bb18da2d26bcbe9bd3daaadfc26,0x51eac3daa1c34f5c2874aa62097ac9965a180b6d,2
0x3be89b64e1437bb18da2d26bcbe9bd3daaadfc26,0x6ec30fd91a504aad948839b985c7263888b2ad68,2
0x3e17fac953de2cd729b0ace7f6d4353387717e9e,0x1919db36ca2fa2e15f9000fd9cdc2edcf863e685,2
0x3e17fac953de2cd729b0ace7f6d4353387717e9e,0x701f373df763308d96d8537822e8f9b2bae4e847,2
0x50664ede715e131f584d3e7eaabd7818bb20a068,0x1919db36ca2fa2e15f9000fd9cdc2edcf863e685,2
0x50664ede715e131f584d3e7eaabd7818bb20a068,0x36ed2d75a82e180e0871456b15c239b73b4ee9f4,2
0x53ede7cae3eb6a7d11429fe589c0278c9acbe21a,0xb6be4de7f37bae20085d830a28982be8ad19052b,2
0x577ebc5de943e35cdf9ecb5bbe1f7d7cb6c7c647,0x023ef73d4c6de80dd3e52b8aae579b8f0e5cbeb4,2
0x577ebc5de943e35cdf9ecb5bbe1f7d7cb6c7c647,0x50664ede715e131f584d3e7eaabd7818bb20a068,2
0x577ebc5de943e35cdf9ecb5bbe1f7d7cb6c7c647,0x63a9dbce75413036b2b778e670aabd4493aaf9f3,2
0x577ebc5de943e35cdf9ecb5bbe1f7d7cb6c7c647,0x701f373df763308d96d8537822e8f9b2bae4e847,2
0x577ebc5de943e35cdf9ecb5bbe1f7d7cb6c7c647,0x78f0269f5b1ca914c8c58993f41181f89e212b27,2
0x577ebc5de943e35cdf9ecb5bbe1f7d7cb6c7c647,0xbec69dfce4c1fa8b7843fee1ca85788d84a86b06,2
0x577ebc5de943e35cdf9ecb5bbe1f7d7cb6c7c647,0xc46db2d89327d4c41eb81c43ed5e3dff111f9a8f,2
0x577ebc5de943e35cdf9ecb5bbe1f7d7cb6c7c647,0xd3e2e76e4ab0322614fe7aaa3be0b04bed83d0d0,2
0x577ebc5de943e35cdf9ecb5bbe1f7d7cb6c7c647,0xddfdcb21c935e8432a559cf689c83695b27a4177,2
0x5b098b00621eda6a96b7a476220661ad265f083f,0x6611fe71c233e4e7510b2795c242c9a57790b376,2
0x5b098b00621eda6a96b7a476220661ad265f083f,0x7d438bf6567673867480b7923669bf349e6c8c12,2
0x5b098b00621eda6a96b7a476220661ad265f083f,0x8dbbca57ea56290efa14d835bbfd34faf1d89753,2
0x5b098b00621eda6a96b7a476220661ad265f083f,0x94de7e2c73529ebf3206aa3459e699fbcdfcd49b,2
0x5b098b00621eda6a96b7a476220661ad265f083f,0xd387a6e4e84a6c86bd90c158c6028a58cc8ac459,2
0x5b098b00621eda6a96b7a476220661ad265f083f,0xd8e80673419acfbf15bf8eb0239cda90f232051f,2
0x5b098b00621eda6a96b7a476220661ad265f083f,0xddfdcb21c935e8432a559cf689c83695b27a4177,2
0x5bb35c9576ef6e42d4447adcb3272f0b8582e82e,0x0d41f957181e584db82d2e316837b2de1738c477,2
0x5bb35c9576ef6e42d4447adcb3272f0b8582e82e,0x0eb9a7ff5cbf719251989caf1599c1270eafb531,2
0x6277a1073dfbe0ea087e0ef8741dce084831e782,0x4affe16d35143db85027c05d97f56ebdc668347e,2
0x6277a1073dfbe0ea087e0ef8741dce084831e782,0x6ec30fd91a504aad948839b985c7263888b2ad68,2
0x62bdc64a14405e797f86796ea3c2476209ee0bf9,0x052564eb0fd8b340803df55def89c25c432f43f4,2
0x62bdc64a14405e797f86796ea3c2476209ee0bf9,0x50664ede715e131f584d3e7eaabd7818bb20a068,2
0x6611fe71c233e4e7510b2795c242c9a57790b376,0x36ed2d75a82e180e0871456b15c239b73b4ee9f4,2
0x6611fe71c233e4e7510b2795c242c9a57790b376,0xb4bb4156e5e6ca5d81041f616c27dffb253b7845,2
0x6611fe71c233e4e7510b2795c242c9a57790b376,0xd3e2e76e4ab0322614fe7aaa3be0b04bed83d0d0,2
0x6639c089adfba8bb9968da643c6be208a70d6daa,0x6ec30fd91a504aad948839b985c7263888b2ad68,2
0x696ed7b26f4b019ceec78dc8b9140ad64a6f354b,0x0e9aed5c7721c642a032812c2c4816f7d6cb87d7,2
0x696ed7b26f4b019ceec78dc8b9140ad64a6f354b,0x6ec30fd91a504aad948839b985c7263888b2ad68,2
0x696ed7b26f4b019ceec78dc8b9140ad64a6f354b,0xb4bb4156e5e6ca5d81041f616c27dffb253b7845,2
0x6ec30fd91a504aad948839b985c7263888b2ad68,0x1919db36ca2fa2e15f9000fd9cdc2edcf863e685,2
0x6f4a2d3a4f47f9c647d86c929755593911ee91ec,0x650dcdeb6ecf05ae3caf30a70966e2f395d5e9e5,2
0x6f4a2d3a4f47f9c647d86c929755593911ee91ec,0x74be0af0bf7254328ddffc09425ff71d64a1a836,2
0x6f4a2d3a4f47f9c647d86c929755593911ee91ec,0x91338ccfb8c0adb7756034a82008531d7713009d,2
0x6f4a2d3a4f47f9c647d86c929755593911ee91ec,0xd387a6e4e84a6c86bd90c158c6028a58cc8ac459,2
0x6f4a2d3a4f47f9c647d86c929755593911ee91ec,0xddfdcb21c935e8432a559cf689c83695b27a4177,2
0x6f4a2d3a4f47f9c647d86c929755593911ee91ec,0xee3766e4f996dc0e0f8c929954eaafef3441de87,2
0x78f0269f5b1ca914c8c58993f41181f89e212b27,0x3e17fac953de2cd729b0ace7f6d4353387717e9e,2
0x78f0269f5b1ca914c8c58993f41181f89e212b27,0xd387a6e4e84a6c86bd90c158c6028a58cc8ac459,2
0x78f0269f5b1ca914c8c58993f41181f89e212b27,0xfe2f279d3679bac2d07cf46c93503410ef9ca448,2
0x7d438bf6567673867480b7923669bf349e6c8c12,0x219688c6156edea2e2ca7e2036c1c5b7f6451169,2
0x8234be55f64ea91960b78357906cf5bebce81f3d,0x6611fe71c233e4e7510b2795c242c9a57790b376,2
0x8234be55f64ea91960b78357906cf5bebce81f3d,0xe8723d26ad5f7ff4ea8902d235f0a8f8b8802f6d,2
0x82b1f29c5608238df2618f996827933c0d844079,0x7d438bf6567673867480b7923669bf349e6c8c12,2
0x899241b0c41051313ce36271a7e13d54c94877a1,0x0e9aed5c7721c642a032812c2c4816f7d6cb87d7,2
0x8b27de7f6a7542ee70e2420e1bc67fc479d01984,0x0e9aed5c7721c642a032812c2c4816f7d6cb87d7,2
0x8b27de7f6a7542ee70e2420e1bc67fc479d01984,0x4affe16d35143db85027c05d97f56ebdc668347e,2
0x8b27de7f6a7542ee70e2420e1bc67fc479d01984,0x94de7e2c73529ebf3206aa3459e699fbcdfcd49b,2
0x8dbbca57ea56290efa14d835bbfd34faf1d89753,0xd387a6e4e84a6c86bd90c158c6028a58cc8ac459,2
0x8e662143178bb8c797620a3a61f34a71832475b0,0x3e17fac953de2cd729b0ace7f6d4353387717e9e,2
0x8e662143178bb8c797620a3a61f34a71832475b0,0x51787a2c56d710c68140bdadefd3a98bff96feb4,2
0x8e662143178bb8c797620a3a61f34a71832475b0,0x78f0269f5b1ca914c8c58993f41181f89e212b27,2
0x8e662143178bb8c797620a3a61f34a71832475b0,0xd387a6e4e84a6c86bd90c158c6028a58cc8ac459,2
0x8f6b1e467fbe74d7dd43d59de0558f693c736798,0x023ef73d4c6de80dd3e52b8aae579b8f0e5cbeb4,2
0x8f6b1e467fbe74d7dd43d59de0558f693c736798,0x0e9aed5c7721c642a032812c2c4816f7d6cb87d7,2
0x8f6b1e467fbe74d7dd43d59de0558f693c736798,0xfe2f279d3679bac2d07cf46c93503410ef9ca448,2
0xa3cb30128532f43fe1c8a9f4c19422aa631307a9,0x13816f65ba8195768e6825eb774fd3c6a05a0ac8,2
0xa3cb30128532f43fe1c8a9f4c19422aa631307a9,0x6277a1073dfbe0ea087e0ef8741dce084831e782,2
0xa3cb30128532f43fe1c8a9f4c19422aa631307a9,0x899241b0c41051313ce36271a7e13d54c94877a1,2
0xa3cb30128532f43fe1c8a9f4c19422aa631307a9,0x8e662143178bb8c797620a3a61f34a71832475b0,2
0xa3cb30128532f43fe1c8a9f4c19422aa631307a9,0xcf0e9b4746cfb97bae329fe5f696969f6564566a,2
0xa3cb30128532f43fe1c8a9f4c19422aa631307a9,0xd3e2e76e4ab0322614fe7aaa3be0b04bed83d0d0,2
0xabf107de3e01c7c257e64e0a18d60a733aad395d,0x023ef73d4c6de80dd3e52b8aae579b8f0e5cbeb4,2
0xb4bb4156e5e6ca5d81041f616c27dffb253b7845,0x696ed7b26f4b019ceec78dc8b9140ad64a6f354b,2
0xb4bb4156e5e6ca5d81041f616c27dffb253b7845,0xabf107de3e01c7c257e64e0a18d60a733aad395d,2
0xb6be4de7f37bae20085d830a28982be8ad19052b,0x037e2847c769d20564502183f524f88baa06b389,2
0xb7f7f6c52f2e2fdb1963eab30438024864c313f6,0x023ef73d4c6de80dd3e52b8aae579b8f0e5cbeb4,2
0xbec69dfce4c1fa8b7843fee1ca85788d84a86b06,0xfe2f279d3679bac2d07cf46c93503410ef9ca448,2
0xc24f574d6853f6f6a31c19d468a8c1b3f31c0e54,0x6277a1073dfbe0ea087e0ef8741dce084831e782,2
0xc24f574d6853f6f6a31c19d468a8c1b3f31c0e54,0xdde8df9a7dc9f68bdac815f493d1d731de911b5a,2
0xc272ed09c636edb6e858fa8702c182406185f1af,0x0e9aed5c7721c642a032812c2c4816f7d6cb87d7,2
0xc352b534e8b987e036a93539fd6897f53488e56a,0x53ede7cae3eb6a7d11429fe589c0278c9acbe21a,2
0xc352b534e8b987e036a93539fd6897f53488e56a,0xcf0e9b4746cfb97bae329fe5f696969f6564566a,2
0xc352b534e8b987e036a93539fd6897f53488e56a,0xddfdcb21c935e8432a559cf689c83695b27a4177,2
0xc46db2d89327d4c41eb81c43ed5e3dff111f9a8f,0x6ec30fd91a504aad948839b985c7263888b2ad68,2
0xc480fb0ebea2591470f571436926785be5ebcd22,0x0e9aed5c7721c642a032812c2c4816f7d6cb87d7,2
0xca8fe4acb1cb8b5550a3c71ffe2399f6c7016686,0x052564eb0fd8b340803df55def89c25c432f43f4,2
0xca8fe4acb1cb8b5550a3c71ffe2399f6c7016686,0x63a9dbce75413036b2b778e670aabd4493aaf9f3,2
0xca8fe4acb1cb8b5550a3c71ffe2399f6c7016686,0x82b1f29c5608238df2618f996827933c0d844079,2
0xca8fe4acb1cb8b5550a3c71ffe2399f6c7016686,0x94de7e2c73529ebf3206aa3459e699fbcdfcd49b,2
0xca8fe4acb1cb8b5550a3c71ffe2399f6c7016686,0xabf107de3e01c7c257e64e0a18d60a733aad395d,2
0xca8fe4acb1cb8b5550a3c71ffe2399f6c7016686,0xd387a6e4e84a6c86bd90c158c6028a58cc8ac459,2
0xca8fe4acb1cb8b5550a3c71ffe2399f6c7016686,0xd3e2e76e4ab0322614fe7aaa3be0b04bed83d0d0,2
0xcbd482af76059e2a5e4a825c4cd5ced9f2dfe286,0x6611fe71c233e4e7510b2795c242c9a57790b376,2
0xcc7c335f3365ae3f7e4e8c9535dc92780a4add9d,0x1919db36ca2fa2e15f9000fd9cdc2edcf863e685,2
0xcc7c335f3365ae3f7e4e8c9535dc92780a4add9d,0xfe2f279d3679bac2d07cf46c93503410ef9ca448,2
0xd387a6e4e84a6c86bd90c158c6028a58cc8ac459,0x023ef73d4c6de80dd3e52b8aae579b8f0e5cbeb4,2
0xd387a6e4e84a6c86bd90c158c6028a58cc8ac459,0x51787a2c56d710c68140bdadefd3a98bff96feb4,2
0xd387a6e4e84a6c86bd90c158c6028a58cc8ac459,0x6ec30fd91a504aad948839b985c7263888b2ad68,2
0xd387a6e4e84a6c86bd90c158c6028a58cc8ac459,0xef784caf2d2001fb8fbb9678f9a0a1b83cd582dc,2
0xd3e2e76e4ab0322614fe7aaa3be0b04bed83d0d0,0x74be0af0bf7254328ddffc09425ff71d64a1a836,2
0xdde8df9a7dc9f68bdac815f493d1d731de911b5a,0x1919db36ca2fa2e15f9000fd9cdc2edcf863e685,2
0xdde8df9a7dc9f68bdac815f493d1d731de911b5a,0x650dcdeb6ecf05ae3caf30a70966e2f395d5e9e5,2
0xe4c479a60633caf3c86228ed6a9b0bdd5d14cf79,0x0d41f957181e584db82d2e316837b2de1738c477,2
0xe4c479a60633caf3c86228ed6a9b0bdd5d14cf79,0x3e17fac953de2cd729b0ace7f6d4353387717e9e,2
0xe8723d26ad5f7ff4ea8902d235f0a8f8b8802f6d,0x303052148a78a692d7aa89bad454f3e91785488d,2
0xe8723d26ad5f7ff4ea8902d235f0a8f8b8802f6d,0x51787a2c56d710c68140bdadefd3a98bff96feb4,2
0xe8723d26ad5f7ff4ea8902d235f0a8f8b8802f6d,0x82b1f29c5608238df2618f996827933c0d844079,2
0xe8723d26ad5f7ff4ea8902d235f0a8f8b8802f6d,0x8dbbca57ea56290efa14d835bbfd34faf1d89753,2
0xee3766e4f996dc0e0f8c929954eaafef3441de87,0x023ef73d4c6de80dd3e52b8aae579b8f0e5cbeb4,2
0xee3766e4f996dc0e0f8c929954eaafef3441de87,0x3e17fac953de2cd729b0ace7f6d4353387717e9e,2
0xee3766e4f996dc0e0f8c929954eaafef3441de87,0x7d438bf6567673867480b7923669bf349e6c8c12,2
0xee3766e4f996dc0e0f8c929954eaafef3441de87,0xc46db2d89327d4c41eb81c43ed5e3dff111f9a8f,2
0xee3766e4f996dc0e0f8c929954eaafef3441de87,0xd387a6e4e84a6c86bd90c158c6028a58cc8ac459,2
0xee3766e4f996dc0e0f8c929954eaafef3441de87,0xddfdcb21c935e8432a559cf689c83695b27a4177,2
0xef784caf2d2001fb8fbb9678f9a0a1b83cd582dc,0xfe2f279d3679bac2d07cf46c93503410ef9ca448,2
0x00b278dd68f9d8491795ffaf771120638bef1686,0x36ed2d75a82e180e0871456b15c239b73b4ee9f4,1
0x00b278dd68f9d8491795ffaf771120638bef1686,0x62bdc64a14405e797f86796ea3c2476209ee0bf9,1
0x00bd9fd57c423a1b1c969823d409156d90974d77,0x00bd9fd57c423a1b1c969823d409156d90974d77,1
0x00bd9fd57c423a1b1c969823d409156d90974d77,0xd8e80673419acfbf15bf8eb0239cda90f232051f,1
0x00d7c902fbbcd3c9db2da80a439c94486c50eb81,0x00b278dd68f9d8491795ffaf771120638bef1686,1
0x00d7c902fbbcd3c9db2da80a439c94486c50eb81,0x0601d0235645a6ce6356ef11aa0b225c68605131,1
0x00d7c902fbbcd3c9db2da80a439c94486c50eb81,0x82b1f29c5608238df2618f996827933c0d844079,1
0x023ef73d4c6de80dd3e52b8aae579b8f0e5cbeb4,0x0e9aed5c7721c642a032812c2c4816f7d6cb87d7,1
0x023ef73d4c6de80dd3e52b8aae579b8f0e5cbeb4,0x4affe16d35143db85027c05d97f56ebdc668347e,1
0x023ef73d4c6de80dd3e52b8aae579b8f0e5cbeb4,0x50664ede715e131f584d3e7eaabd7818bb20a068,1
0x023ef73d4c6de80dd3e52b8aae579b8f0e5cbeb4,0x650dcdeb6ecf05ae3caf30a70966e2f395d5e9e5,1
0x023ef73d4c6de80dd3e52b8aae579b8f0e5cbeb4,0xb4bb4156e5e6ca5d81041f616c27dffb253b7845,1
0x023ef73d4c6de80dd3e52b8aae579b8f0e5cbeb4,0xfe2f279d3679bac2d07cf46c93503410ef9ca448,1
0x033ee76d5ac6398da4d8c8955e28f71f75680ece,0x50664ede715e131f584d3e7eaabd7818bb20a068,1
0x033ee76d5ac6398da4d8c8955e28f71f75680ece,0x6611fe71c233e4e7510b2795c242c9a57790b376,1
0x033ee76d5ac6398da4d8c8955e28f71f75680ece,0xb4bb4156e5e6ca5d81041f616c27dffb253b7845,1
0x033ee76d5ac6398da4d8c8955e28f71f75680ece,0xc46db2d89327d4c41eb81c43ed5e3dff111f9a8f,1
0x037e2847c769d20564502183f524f88baa06b389,0x3e17fac953de2cd729b0ace7f6d4353387717e9e,1
0x037e2847c769d20564502183f524f88baa06b389,0x5bb35c9576ef6e42d4447adcb3272f0b8582e82e,1
0x037e2847c769d20564502183f524f88baa06b389,0x78f0269f5b1ca914c8c58993f41181f89e212b27,1
0x037e2847c769d20564502183f524f88baa06b389,0xc46db2d89327d4c41eb81c43ed5e3dff111f9a8f,1
0x052564eb0fd8b340803df55def89c25c432f43f4,0x1919db36ca2fa2e15f9000fd9cdc2edcf863e685,1
0x052564eb0fd8b340803df55def89c25c432f43f4,0x219688c6156edea2e2ca7e2036c1c5b7f6451169,1
0x052564eb0fd8b340803df55def89c25c432f43f4,0x50664ede715e131f584d3e7eaabd7818bb20a068,1
0x052564eb0fd8b340803df55def89c25c432f43f4,0x51787a2c56d710c68140bdadefd3a98bff96feb4,1
0x052564eb0fd8b340803df55def89c25c432f43f4,0x6611fe71c233e4e7510b2795c242c9a57790b376,1
0x052564eb0fd8b340803df55def89c25c432f43f4,0x701f373df763308d96d8537822e8f9b2bae4e847,1
0x052564eb0fd8b340803df55def89c25c432f43f4,0x78f0269f5b1ca914c8c58993f41181f89e212b27,1
0x052564eb0fd8b340803df55def89c25c432f43f4,0xb4bb4156e5e6ca5d81041f616c27dffb253b7845,1
0x052564eb0fd8b340803df55def89c25c432f43f4,0xc24f574d6853f6f6a31c19d468a8c1b3f31c0e54,1
0x052564eb0fd8b340803df55def89c25c432f43f4,0xe8723d26ad5f7ff4ea8902d235f0a8f8b8802f6d,1
0x0601d0235645a6ce6356ef11aa0b225c68605131,0x51787a2c56d710c68140bdadefd3a98bff96feb4,1
0x0601d0235645a6ce6356ef11aa0b225c68605131,0x82b1f29c5608238df2618f996827933c0d844079,1
0x062c5432107e3b9ad924512209a7468b5c200fcd,0x51eac3daa1c34f5c2874aa62097ac9965a180b6d,1
0x062c5432107e3b9ad924512209a7468b5c200fcd,0xb70c1a3242e363b4772b83acdc10df94e6c3fb02,1
0x062c5432107e3b9ad924512209a7468b5c200fcd,0xc46db2d89327d4c41eb81c43ed5e3dff111f9a8f,1
0x062c5432107e3b9ad924512209a7468b5c200fcd,0xd387a6e4e84a6c86bd90c158c6028a58cc8ac459,1
0x0b88fd87884080bd6d93d341fcca0eea76b03e75,0x023ef73d4c6de80dd3e52b8aae579b8f0e5cbeb4,1
0x0b88fd87884080bd6d93d341fcca0eea76b03e75,0x1919db36ca2fa2e15f9000fd9cdc2edcf863e685,1
0x0b88fd87884080bd6d93d341fcca0eea76b03e75,0x50664ede715e131f584d3e7eaabd7818bb20a068,1
0x0b88fd87884080bd6d93d341fcca0eea76b03e75,0x6277a1073dfbe0ea087e0ef8741dce084831e782,1
0x0b88fd87884080bd6d93d341fcca0eea76b03e75,0x62bdc64a14405e797f86796ea3c2476209ee0bf9,1
0x0b88fd87884080bd6d93d341fcca0eea76b03e75,0x696ed7b26f4b019ceec78dc8b9140ad64a6f354b,1
0x0b88fd87884080bd6d93d341fcca0eea76b03e75,0xbec69dfce4c1fa8b7843fee1ca85788d84a86b06,1
0x0b88fd87884080bd6d93d341fcca0eea76b03e75,0xc24f574d6853f6f6a31c19d468a8c1b3f31c0e54,1
0x0b88fd87884080bd6d93d341fcca0eea76b03e75,0xc46db2d89327d4c41eb81c43ed5e3dff111f9a8f,1
0x0d41f957181e584db82d2e316837b2de1738c477,0x023ef73d4c6de80dd3e52b8aae579b8f0e5cbeb4,1
0x0d41f957181e584db82d2e316837b2de1738c477,0x0eb9a7ff5cbf719251989caf1599c1270eafb531,1
0x0d41f957181e584db82d2e316837b2de1738c477,0x701f373df763308d96d8537822e8f9b2bae4e847,1
0x0d41f957181e584db82d2e316837b2de1738c477,0xd387a6e4e84a6c86bd90c158c6028a58cc8ac459,1
0x0d41f957181e584db82d2e316837b2de1738c477,0xddfdcb21c935e8432a559cf689c83695b27a4177,1
0x0e9aed5c7721c642a032812c2c4816f7d6cb87d7,0x0b88fd87884080bd6d93d341fcca0eea76b03e75,1
0x0e9aed5c7721c642a032812c2c4816f7d6cb87d7,0x36ed2d75a82e180e0871456b15c239b73b4ee9f4,1
0x0e9aed5c7721c642a032812c2c4816f7d6cb87d7,0x6277a1073dfbe0ea087e0ef8741dce084831e782,1
0x0e9aed5c7721c642a032812c2c4816f7d6cb87d7,0xbec69dfce4c1fa8b7843fee1ca85788d84a86b06,1
0x0e9aed5c7721c642a032812c2c4816f7d6cb87d7,0xc46db2d89327d4c41eb81c43ed5e3dff111f9a8f,1
0x0e9aed5c7721c642a032812c2c4816f7d6cb87d7,0xd3e2e76e4ab0322614fe7aaa3be0b04bed83d0d0,1
0x0e9aed5c7721c642a032812c2c4816f7d6cb87d7,0xddfdcb21c935e8432a559cf689c83695b27a4177,1
0x0eb9a7ff5cbf719251989caf1599c1270eafb531,0x033ee76d5ac6398da4d8c8955e28f71f75680ece,1
0x0eb9a7ff5cbf719251989caf1599c1270eafb531,0x13816f65ba8195768e6825eb774fd3c6a05a0ac8,1
0x0eb9a7ff5cbf719251989caf1599c1270eafb531,0x701f373df763308d96d8537822e8f9b2bae4e847,1
0x0eb9a7ff5cbf719251989caf1599c1270eafb531,0x78f0269f5b1ca914c8c58993f41181f89e212b27,1
0x0eb9a7ff5cbf719251989caf1599c1270eafb531,0x82b1f29c5608238df2618f996827933c0d844079,1
0x0eb9a7ff5cbf719251989caf1599c1270eafb531,0x8dbbca57ea56290efa14d835bbfd34faf1d89753,1
0x0eb9a7ff5cbf719251989caf1599c1270eafb531,0xb70c1a3242e363b4772b83acdc10df94e6c3fb02,1
0x0eb9a7ff5cbf719251989caf1599c1270eafb531,0xbec69dfce4c1fa8b7843fee1ca85788d84a86b06,1
0x0eb9a7ff5cbf719251989caf1599c1270eafb531,0xe614065a4ac6d478f141db4595325b537ffa2ea5,1
0x0f4023208058ecffcb22a7409df11f6d6013fe8a,0x00bd9fd57c423a1b1c969823d409156d90974d77,1
0x0f4023208058ecffcb22a7409df11f6d6013fe8a,0x0e9aed5c7721c642a032812c2c4816f7d6cb87d7,1
0x0f4023208058ecffcb22a7409df11f6d6013fe8a,0x62bdc64a14405e797f86796ea3c2476209ee0bf9,1
0x0f4023208058ecffcb22a7409df11f6d6013fe8a,0x82b1f29c5608238df2618f996827933c0d844079,1
0x0f4023208058ecffcb22a7409df11f6d6013fe8a,0x8e662143178bb8c797620a3a61f34a71832475b0,1
0x0f4023208058ecffcb22a7409df11f6d6013fe8a,0xcf0e9b4746cfb97bae329fe5f696969f6564566a,1
0x0f4023208058ecffcb22a7409df11f6d6013fe8a,0xd387a6e4e84a6c86bd90c158c6028a58cc8ac459,1
0x13816f65ba8195768e6825eb774fd3c6a05a0ac8,0x0d41f957181e584db82d2e316837b2de1738c477,1
0x13816f65ba8195768e6825eb774fd3c6a05a0ac8,0x0eb9a7ff5cbf719251989caf1599c1270eafb531,1
0x13816f65ba8195768e6825eb774fd3c6a05a0ac8,0x6ec30fd91a504aad948839b985c7263888b2ad68,1
0x13816f65ba8195768e6825eb774fd3c6a05a0ac8,0x6f4a2d3a4f47f9c647d86c929755593911ee91ec,1
0x13816f65ba8195768e6825eb774fd3c6a05a0ac8,0x701f373df763308d96d8537822e8f9b2bae4e847,1
0x13816f65ba8195768e6825eb774fd3c6a05a0ac8,0x82b1f29c5608238df2618f996827933c0d844079,1
0x1919db36ca2fa2e15f9000fd9cdc2edcf863e685,0x0e9aed5c7721c642a032812c2c4816f7d6cb87d7,1
0x1919db36ca2fa2e15f9000fd9cdc2edcf863e685,0x36ed2d75a82e180e0871456b15c239b73b4ee9f4,1
0x1919db36ca2fa2e15f9000fd9cdc2edcf863e685,0x4affe16d35143db85027c05d97f56ebdc668347e,1
0x1919db36ca2fa2e15f9000fd9cdc2edcf863e685,0x696ed7b26f4b019ceec78dc8b9140ad64a6f354b,1
0x1919db36ca2fa2e15f9000fd9cdc2edcf863e685,0x97db27c92bc776079f57bf26533111abc81af7ca,1
0x1919db36ca2fa2e15f9000fd9cdc2edcf863e685,0xc24f574d6853f6f6a31c19d468a8c1b3f31c0e54,1
0x1919db36ca2fa2e15f9000fd9cdc2edcf863e685,0xee3766e4f996dc0e0f8c929954eaafef3441de87,1
0x1a96afe48e215c47d80eeff6eef64685247c2503,0x0d41f957181e584db82d2e316837b2de1738c477,1
0x1a96afe48e215c47d80eeff6eef64685247c2503,0x0eb9a7ff5cbf719251989caf1599c1270eafb531,1
0x1a96afe48e215c47d80eeff6eef64685247c2503,0x78f0269f5b1ca914c8c58993f41181f89e212b27,1
0x1a96afe48e215c47d80eeff6eef64685247c2503,0x82b1f29c5608238df2618f996827933c0d844079,1
0x1a96afe48e215c47d80eeff6eef64685247c2503,0x8dbbca57ea56290efa14d835bbfd34faf1d89753,1
0x1a96afe48e215c47d80eeff6eef64685247c2503,0xc352b534e8b987e036a93539fd6897f53488e56a,1
0x219688c6156edea2e2ca7e2036c1c5b7f6451169,0xc46db2d89327d4c41eb81c43ed5e3dff111f9a8f,1
0x269616d549d7e8eaa82dfb17028d0b212d11232a,0x13816f65ba8195768e6825eb774fd3c6a05a0ac8,1
0x269616d549d7e8eaa82dfb17028d0b212d11232a,0x36ed2d75a82e180e0871456b15c239b73b4ee9f4,1
0x2a98fcd155c9da4a28bdb32acc935836c233882a,0x0e9aed5c7721c642a032812c2c4816f7d6cb87d7,1
0x2a98fcd155c9da4a28bdb32acc935836c233882a,0x4affe16d35143db85027c05d97f56ebdc668347e,1
0x2cbee43c8147a8c35bceab79842663cddc58a79e,0xc24f574d6853f6f6a31c19d468a8c1b3f31c0e54,1
0x303052148a78a692d7aa89bad454f3e91785488d,0x0d41f957181e584db82d2e316837b2de1738c477,1
0x303052148a78a692d7aa89bad454f3e91785488d,0x219688c6156edea2e2ca7e2036c1c5b7f6451169,1
0x303052148a78a692d7aa89bad454f3e91785488d,0x78f0269f5b1ca914c8c58993f41181f89e212b27,1
0x303052148a78a692d7aa89bad454f3e91785488d,0x8dbbca57ea56290efa14d835bbfd34faf1d89753,1
0x303052148a78a692d7aa89bad454f3e91785488d,0xc352b534e8b987e036a93539fd6897f53488e56a,1
0x303052148a78a692d7aa89bad454f3e91785488d,0xcf0e9b4746cfb97bae329fe5f696969f6564566a,1
0x303052148a78a692d7aa89bad454f3e91785488d,0xd387a6e4e84a6c86bd90c158c6028a58cc8ac459,1
0x303052148a78a692d7aa89bad454f3e91785488d,0xe83c750b2708320bb134796c555b80df39a3d97b,1
0x36ed2d75a82e180e0871456b15c239b73b4ee9f4,0x1919db36ca2fa2e15f9000fd9cdc2edcf863e685,1
0x36ed2d75a82e180e0871456b15c239b73b4ee9f4,0x2a98fcd155c9da4a28bdb32acc935836c233882a,1
0x36ed2d75a82e180e0871456b15c239b73b4ee9f4,0x62bdc64a14405e797f86796ea3c2476209ee0bf9,1
0x3be89b64e1437bb18da2d26bcbe9bd3daaadfc26,0x0e9aed5c7721c642a032812c2c4816f7d6cb87d7,1
0x3be89b64e1437bb18da2d26bcbe9bd3daaadfc26,0x6277a1073dfbe0ea087e0ef8741dce084831e782,1
0x3be89b64e1437bb18da2d26bcbe9bd3daaadfc26,0x696ed7b26f4b019ceec78dc8b9140ad64a6f354b,1
0x3be89b64e1437bb18da2d26bcbe9bd3daaadfc26,0x899241b0c41051313ce36271a7e13d54c94877a1,1
0x3be89b64e1437bb18da2d26bcbe9bd3daaadfc26,0xb4bb4156e5e6ca5d81041f616c27dffb253b7845,1
0x3be89b64e1437bb18da2d26bcbe9bd3daaadfc26,0xddfdcb21c935e8432a559cf689c83695b27a4177,1
0x3e17fac953de2cd729b0ace7f6d4353387717e9e,0x6277a1073dfbe0ea087e0ef8741dce084831e782,1
0x3e17fac953de2cd729b0ace7f6d4353387717e9e,0x6ec30fd91a504aad948839b985c7263888b2ad68,1
0x3e17fac953de2cd729b0ace7f6d4353387717e9e,0x74be0af0bf7254328ddffc09425ff71d64a1a836,1
0x3e17fac953de2cd729b0ace7f6d4353387717e9e,0x97db27c92bc776079f57bf26533111abc81af7ca,1
0x3e17fac953de2cd729b0ace7f6d4353387717e9e,0xddfdcb21c935e8432a559cf689c83695b27a4177,1
0x3e17fac953de2cd729b0ace7f6d4353387717e9e,0xe614065a4ac6d478f141db4595325b537ffa2ea5,1
0x4affe16d35143db85027c05d97f56ebdc668347e,0x0e9aed5c7721c642a032812c2c4816f7d6cb87d7,1
0x4affe16d35143db85027c05d97f56ebdc668347e,0x1919db36ca2fa2e15f9000fd9cdc2edcf863e685,1
0x4affe16d35143db85027c05d97f56ebdc668347e,0x6611fe71c233e4e7510b2795c242c9a57790b376,1
0x4affe16d35143db85027c05d97f56ebdc668347e,0x74be0af0bf7254328ddffc09425ff71d64a1a836,1
0x50664ede715e131f584d3e7eaabd7818bb20a068,0x023ef73d4c6de80dd3e52b8aae579b8f0e5cbeb4,1
0x50664ede715e131f584d3e7eaabd7818bb20a068,0x2a98fcd155c9da4a28bdb32acc935836c233882a,1
0x50664ede715e131f584d3e7eaabd7818bb20a068,0x577ebc5de943e35cdf9ecb5bbe1f7d7cb6c7c647,1
0x51787a2c56d710c68140bdadefd3a98bff96feb4,0x63a9dbce75413036b2b778e670aabd4493aaf9f3,1
0x51787a2c56d710c68140bdadefd3a98bff96feb4,0xcf0e9b4746cfb97bae329fe5f696969f6564566a,1
0x51eac3daa1c34f5c2874aa62097ac9965a180b6d,0x269616d549d7e8eaa82dfb17028d0b212d11232a,1
0x53ede7cae3eb6a7d11429fe589c0278c9acbe21a,0x00bd9fd57c423a1b1c969823d409156d90974d77,1
0x53ede7cae3eb6a7d11429fe589c0278c9acbe21a,0x219688c6156edea2e2ca7e2036c1c5b7f6451169,1
0x53ede7cae3eb6a7d11429fe589c0278c9acbe21a,0x6611fe71c233e4e7510b2795c242c9a57790b376,1
0x577ebc5de943e35cdf9ecb5bbe1f7d7cb6c7c647,0x2a98fcd155c9da4a28bdb32acc935836c233882a,1
0x577ebc5de943e35cdf9ecb5bbe1f7d7cb6c7c647,0x36ed2d75a82e180e0871456b15c239b73b4ee9f4,1
0x577ebc5de943e35cdf9ecb5bbe1f7d7cb6c7c647,0x3e17fac953de2cd729b0ace7f6d4353387717e9e,1
0x577ebc5de943e35cdf9ecb5bbe1f7d7cb6c7c647,0x62bdc64a14405e797f86796ea3c2476209ee0bf9,1
0x577ebc5de943e35cdf9ecb5bbe1f7d7cb6c7c647,0x6ec30fd91a504aad948839b985c7263888b2ad68,1
0x577ebc5de943e35cdf9ecb5bbe1f7d7cb6c7c647,0x8dbbca57ea56290efa14d835bbfd34faf1d89753,1
0x577ebc5de943e35cdf9ecb5bbe1f7d7cb6c7c647,0x8f6b1e467fbe74d7dd43d59de0558f693c736798,1
0x577ebc5de943e35cdf9ecb5bbe1f7d7cb6c7c647,0x97db27c92bc776079f57bf26533111abc81af7ca,1
0x577ebc5de943e35cdf9ecb5bbe1f7d7cb6c7c647,0xb70c1a3242e363b4772b83acdc10df94e6c3fb02,1
0x577ebc5de943e35cdf9ecb5bbe1f7d7cb6c7c647,0xcf0e9b4746cfb97bae329fe5f696969f6564566a,1
0x577ebc5de943e35cdf9ecb5bbe1f7d7cb6c7c647,0xee3766e4f996dc0e0f8c929954eaafef3441de87,1
0x577ebc5de943e35cdf9ecb5bbe1f7d7cb6c7c647,0xef784caf2d2001fb8fbb9678f9a0a1b83cd582dc,1
0x58164b2d74c45f06cde451fc307092d55ebe5730,0xe45df57df7980d8219a5ea811aff949907d0a355,1
0x5b098b00621eda6a96b7a476220661ad265f083f,0x033ee76d5ac6398da4d8c8955e28f71f75680ece,1
0x5b098b00621eda6a96b7a476220661ad265f083f,0x037e2847c769d20564502183f524f88baa06b389,1
0x5b098b00621eda6a96b7a476220661ad265f083f,0x052564eb0fd8b340803df55def89c25c432f43f4,1
0x5b098b00621eda6a96b7a476220661ad265f083f,0x0601d0235645a6ce6356ef11aa0b225c68605131,1
0x5b098b00621eda6a96b7a476220661ad265f083f,0x0d41f957181e584db82d2e316837b2de1738c477,1
0x5b098b00621eda6a96b7a476220661ad265f083f,0x219688c6156edea2e2ca7e2036c1c5b7f6451169,1
0x5b098b00621eda6a96b7a476220661ad265f083f,0x62bdc64a14405e797f86796ea3c2476209ee0bf9,1
0x5b098b00621eda6a96b7a476220661ad265f083f,0x6f4a2d3a4f47f9c647d86c929755593911ee91ec,1
0x5b098b00621eda6a96b7a476220661ad265f083f,0x82b1f29c5608238df2618f996827933c0d844079,1
0x5b098b00621eda6a96b7a476220661ad265f083f,0xa858ddc0445d8131dac4d1de01f834ffcba52ef1,1
0x5b098b00621eda6a96b7a476220661ad265f083f,0xabf107de3e01c7c257e64e0a18d60a733aad395d,1
0x5b098b00621eda6a96b7a476220661ad265f083f,0xc352b534e8b987e036a93539fd6897f53488e56a,1
0x5b098b00621eda6a96b7a476220661ad265f083f,0xc46db2d89327d4c41eb81c43ed5e3dff111f9a8f,1
0x5b098b00621eda6a96b7a476220661ad265f083f,0xcbd482af76059e2a5e4a825c4cd5ced9f2dfe286,1
0x5b098b00621eda6a96b7a476220661ad265f083f,0xcc7c335f3365ae3f7e4e8c9535dc92780a4add9d,1
0x5b098b00621eda6a96b7a476220661ad265f083f,0xee3766e4f996dc0e0f8c929954eaafef3441de87,1
0x5bb35c9576ef6e42d4447adcb3272f0b8582e82e,0x13816f65ba8195768e6825eb774fd3c6a05a0ac8,1
0x5bb35c9576ef6e42d4447adcb3272f0b8582e82e,0x219688c6156edea2e2ca7e2036c1c5b7f6451169,1
0x5bb35c9576ef6e42d4447adcb3272f0b8582e82e,0xcf0e9b4746cfb97bae329fe5f696969f6564566a,1
0x5bb35c9576ef6e42d4447adcb3272f0b8582e82e,0xe8723d26ad5f7ff4ea8902d235f0a8f8b8802f6d,1
0x5f5df42ddb92d621176a59c437f54fcf1bb4be23,0x696ed7b26f4b019ceec78dc8b9140ad64a6f354b,1
0x5f5df42ddb92d621176a59c437f54fcf1bb4be23,0xabf107de3e01c7c257e64e0a18d60a733aad395d,1
0x5f5df42ddb92d621176a59c437f54fcf1bb4be23,0xd387a6e4e84a6c86bd90c158c6028a58cc8ac459,1
0x5f5df42ddb92d621176a59c437f54fcf1bb4be23,0xef784caf2d2001fb8fbb9678f9a0a1b83cd582dc,1
0x5f7190b7943858b7bdd24f069241612091c6a986,0x0601d0235645a6ce6356ef11aa0b225c68605131,1
0x5f7190b7943858b7bdd24f069241612091c6a986,0x51787a2c56d710c68140bdadefd3a98bff96feb4,1
0x5f7190b7943858b7bdd24f069241612091c6a986,0x78f0269f5b1ca914c8c58993f41181f89e212b27,1
0x5f7190b7943858b7bdd24f069241612091c6a986,0x7d438bf6567673867480b7923669bf349e6c8c12,1
0x5f7190b7943858b7bdd24f069241612091c6a986,0x8dbbca57ea56290efa14d835bbfd34faf1d89753,1
0x5f7190b7943858b7bdd24f069241612091c6a986,0xc352b534e8b987e036a93539fd6897f53488e56a,1
0x5f7190b7943858b7bdd24f069241612091c6a986,0xcc7c335f3365ae3f7e4e8c9535dc92780a4add9d,1
0x6277a1073dfbe0ea087e0ef8741dce084831e782,0x023ef73d4c6de80dd3e52b8aae579b8f0e5cbeb4,1
0x6277a1073dfbe0ea087e0ef8741dce084831e782,0x2a98fcd155c9da4a28bdb32acc935836c233882a,1
0x6277a1073dfbe0ea087e0ef8741dce084831e782,0x62bdc64a14405e797f86796ea3c2476209ee0bf9,1
0x6277a1073dfbe0ea087e0ef8741dce084831e782,0xd3e2e76e4ab0322614fe7aaa3be0b04bed83d0d0,1
0x62bdc64a14405e797f86796ea3c2476209ee0bf9,0x0f4023208058ecffcb22a7409df11f6d6013fe8a,1
0x62bdc64a14405e797f86796ea3c2476209ee0bf9,0x2a98fcd155c9da4a28bdb32acc935836c233882a,1
0x62bdc64a14405e797f86796ea3c2476209ee0bf9,0x36ed2d75a82e180e0871456b15c239b73b4ee9f4,1
0x62bdc64a14405e797f86796ea3c2476209ee0bf9,0x899241b0c41051313ce36271a7e13d54c94877a1,1
0x62bdc64a14405e797f86796ea3c2476209ee0bf9,0xb4bb4156e5e6ca5d81041f616c27dffb253b7845,1
0x62bdc64a14405e797f86796ea3c2476209ee0bf9,0xbec69dfce4c1fa8b7843fee1ca85788d84a86b06,1
0x62bdc64a14405e797f86796ea3c2476209ee0bf9,0xc24f574d6853f6f6a31c19d468a8c1b3f31c0e54,1
0x62bdc64a14405e797f86796ea3c2476209ee0bf9,0xd3e2e76e4ab0322614fe7aaa3be0b04bed83d0d0,1
0x62bdc64a14405e797f86796ea3c2476209ee0bf9,0xe8723d26ad5f7ff4ea8902d235f0a8f8b8802f6d,1
0x62bdc64a14405e797f86796ea3c2476209ee0bf9,0xfe2f279d3679bac2d07cf46c93503410ef9ca448,1
0x63a9dbce75413036b2b778e670aabd4493aaf9f3,0x219688c6156edea2e2ca7e2036c1c5b7f6451169,1
0x63a9dbce75413036b2b778e670aabd4493aaf9f3,0x51787a2c56d710c68140bdadefd3a98bff96feb4,1
0x63a9dbce75413036b2b778e670aabd4493aaf9f3,0x650dcdeb6ecf05ae3caf30a70966e2f395d5e9e5,1
0x63a9dbce75413036b2b778e670aabd4493aaf9f3,0x82b1f29c5608238df2618f996827933c0d844079,1
0x63a9dbce75413036b2b778e670aabd4493aaf9f3,0xbec69dfce4c1fa8b7843fee1ca85788d84a86b06,1
0x63a9dbce75413036b2b778e670aabd4493aaf9f3,0xc24f574d6853f6f6a31c19d468a8c1b3f31c0e54,1
0x6611fe71c233e4e7510b2795c242c9a57790b376,0x0601d0235645a6ce6356ef11aa0b225c68605131,1
0x6611fe71c233e4e7510b2795c242c9a57790b376,0x51787a2c56d710c68140bdadefd3a98bff96feb4,1
0x6611fe71c233e4e7510b2795c242c9a57790b376,0x51eac3daa1c34f5c2874aa62097ac9965a180b6d,1
0x6611fe71c233e4e7510b2795c242c9a57790b376,0x6277a1073dfbe0ea087e0ef8741dce084831e782,1
0x6611fe71c233e4e7510b2795c242c9a57790b376,0x696ed7b26f4b019ceec78dc8b9140ad64a6f354b,1
0x6611fe71c233e4e7510b2795c242c9a57790b376,0x6ec30fd91a504aad948839b985c7263888b2ad68,1
0x6611fe71c233e4e7510b2795c242c9a57790b376,0x78f0269f5b1ca914c8c58993f41181f89e212b27,1
0x6611fe71c233e4e7510b2795c242c9a57790b376,0x82b1f29c5608238df2618f996827933c0d844079,1
0x6611fe71c233e4e7510b2795c242c9a57790b376,0x899241b0c41051313ce36271a7e13d54c94877a1,1
0x6611fe71c233e4e7510b2795c242c9a57790b376,0x8dbbca57ea56290efa14d835bbfd34faf1d89753,1
0x6611fe71c233e4e7510b2795c242c9a57790b376,0xc24f574d6853f6f6a31c19d468a8c1b3f31c0e54,1
0x6611fe71c233e4e7510b2795c242c9a57790b376,0xc352b534e8b987e036a93539fd6897f53488e56a,1
0x6611fe71c233e4e7510b2795c242c9a57790b376,0xddfdcb21c935e8432a559cf689c83695b27a4177,1
0x6611fe71c233e4e7510b2795c242c9a57790b376,0xe83c750b2708320bb134796c555b80df39a3d97b,1
0x6639c089adfba8bb9968da643c6be208a70d6daa,0x052564eb0fd8b340803df55def89c25c432f43f4,1
0x6639c089adfba8bb9968da643c6be208a70d6daa,0x0e9aed5c7721c642a032812c2c4816f7d6cb87d7,1
0x6639c089adfba8bb9968da643c6be208a70d6daa,0x269616d549d7e8eaa82dfb17028d0b212d11232a,1
0x6639c089adfba8bb9968da643c6be208a70d6daa,0x51eac3daa1c34f5c2874aa62097ac9965a180b6d,1
0x6639c089adfba8bb9968da643c6be208a70d6daa,0x74be0af0bf7254328ddffc09425ff71d64a1a836,1
0x6639c089adfba8bb9968da643c6be208a70d6daa,0x97db27c92bc776079f57bf26533111abc81af7ca,1
0x6639c089adfba8bb9968da643c6be208a70d6daa,0xb70c1a3242e363b4772b83acdc10df94e6c3fb02,1
0x696ed7b26f4b019ceec78dc8b9140ad64a6f354b,0x6277a1073dfbe0ea087e0ef8741dce084831e782,1
0x6ec30fd91a504aad948839b985c7263888b2ad68,0x023ef73d4c6de80dd3e52b8aae579b8f0e5cbeb4,1
0x6ec30fd91a504aad948839b985c7263888b2ad68,0x650dcdeb6ecf05ae3caf30a70966e2f395d5e9e5,1
0x6ec30fd91a504aad948839b985c7263888b2ad68,0x78f0269f5b1ca914c8c58993f41181f89e212b27,1
0x6ec30fd91a504aad948839b985c7263888b2ad68,0x899241b0c41051313ce36271a7e13d54c94877a1,1
0x6ec30fd91a504aad948839b985c7263888b2ad68,0x97db27c92bc776079f57bf26533111abc81af7ca,1
0x6ec30fd91a504aad948839b985c7263888b2ad68,0xb70c1a3242e363b4772b83acdc10df94e6c3fb02,1
0x6ec30fd91a504aad948839b985c7263888b2ad68,0xc24f574d6853f6f6a31c19d468a8c1b3f31c0e54,1
0x6ec30fd91a504aad948839b985c7263888b2ad68,0xc46db2d89327d4c41eb81c43ed5e3dff111f9a8f,1
0x6ec30fd91a504aad948839b985c7263888b2ad68,0xd387a6e4e84a6c86bd90c158c6028a58cc8ac459,1
0x6f4a2d3a4f47f9c647d86c929755593911ee91ec,0x0d41f957181e584db82d2e316837b2de1738c477,1
0x6f4a2d3a4f47f9c647d86c929755593911ee91ec,0x0e9aed5c7721c642a032812c2c4816f7d6cb87d7,1
0x6f4a2d3a4f47f9c647d86c929755593911ee91ec,0x13816f65ba8195768e6825eb774fd3c6a05a0ac8,1
0x6f4a2d3a4f47f9c647d86c929755593911ee91ec,0x3e17fac953de2cd729b0ace7f6d4353387717e9e,1
0x6f4a2d3a4f47f9c647d86c929755593911ee91ec,0x4affe16d35143db85027c05d97f56ebdc668347e,1
0x6f4a2d3a4f47f9c647d86c929755593911ee91ec,0x62bdc64a14405e797f86796ea3c2476209ee0bf9,1
0x6f4a2d3a4f47f9c647d86c929755593911ee91ec,0x63a9dbce75413036b2b778e670aabd4493aaf9f3,1
0x6f4a2d3a4f47f9c647d86c929755593911ee91ec,0x6ec30fd91a504aad948839b985c7263888b2ad68,1
0x6f4a2d3a4f47f9c647d86c929755593911ee91ec,0x899241b0c41051313ce36271a7e13d54c94877a1,1
0x6f4a2d3a4f47f9c647d86c929755593911ee91ec,0x8f6b1e467fbe74d7dd43d59de0558f693c736798,1
0x6f4a2d3a4f47f9c647d86c929755593911ee91ec,0x94de7e2c73529ebf3206aa3459e699fbcdfcd49b,1
0x6f4a2d3a4f47f9c647d86c929755593911ee91ec,0xe8723d26ad5f7ff4ea8902d235f0a8f8b8802f6d,1
0x6f4a2d3a4f47f9c647d86c929755593911ee91ec,0xfe2f279d3679bac2d07cf46c93503410ef9ca448,1
0x701f373df763308d96d8537822e8f9b2bae4e847,0x3e17fac953de2cd729b0ace7f6d4353387717e9e,1
0x701f373df763308d96d8537822e8f9b2bae4e847,0x899241b0c41051313ce36271a7e13d54c94877a1,1
0x701f373df763308d96d8537822e8f9b2bae4e847,0xc46db2d89327d4c41eb81c43ed5e3dff111f9a8f,1
0x74be0af0bf7254328ddffc09425ff71d64a1a836,0x1919db36ca2fa2e15f9000fd9cdc2edcf863e685,1
0x74be0af0bf7254328ddffc09425ff71d64a1a836,0x269616d549d7e8eaa82dfb17028d0b212d11232a,1
0x74be0af0bf7254328ddffc09425ff71d64a1a836,0x4affe16d35143db85027c05d97f56ebdc668347e,1
0x74be0af0bf7254328ddffc09425ff71d64a1a836,0x62bdc64a14405e797f86796ea3c2476209ee0bf9,1
0x74be0af0bf7254328ddffc09425ff71d64a1a836,0xabf107de3e01c7c257e64e0a18d60a733aad395d,1
0x74be0af0bf7254328ddffc09425ff71d64a1a836,0xddfdcb21c935e8432a559cf689c83695b27a4177,1
0x78f0269f5b1ca914c8c58993f41181f89e212b27,0x052564eb0fd8b340803df55def89c25c432f43f4,1
0x78f0269f5b1ca914c8c58993f41181f89e212b27,0x1919db36ca2fa2e15f9000fd9cdc2edcf863e685,1
0x78f0269f5b1ca914c8c58993f41181f89e212b27,0x74be0af0bf7254328ddffc09425ff71d64a1a836,1
0x78f0269f5b1ca914c8c58993f41181f89e212b27,0x78f0269f5b1ca914c8c58993f41181f89e212b27,1
0x78f0269f5b1ca914c8c58993f41181f89e212b27,0x8dbbca57ea56290efa14d835bbfd34faf1d89753,1
0x78f0269f5b1ca914c8c58993f41181f89e212b27,0x8f6b1e467fbe74d7dd43d59de0558f693c736798,1
0x78f0269f5b1ca914c8c58993f41181f89e212b27,0xbec69dfce4c1fa8b7843fee1ca85788d84a86b06,1
0x78f0269f5b1ca914c8c58993f41181f89e212b27,0xd3e2e76e4ab0322614fe7aaa3be0b04bed83d0d0,1
0x78f0269f5b1ca914c8c58993f41181f89e212b27,0xe614065a4ac6d478f141db4595325b537ffa2ea5,1
0x7d438bf6567673867480b7923669bf349e6c8c12,0x033ee76d5ac6398da4d8c8955e28f71f75680ece,1
0x7d438bf6567673867480b7923669bf349e6c8c12,0x3e17fac953de2cd729b0ace7f6d4353387717e9e,1
0x7d438bf6567673867480b7923669bf349e6c8c12,0x78f0269f5b1ca914c8c58993f41181f89e212b27,1
0x7d438bf6567673867480b7923669bf349e6c8c12,0xd387a6e4e84a6c86bd90c158c6028a58cc8ac459,1
0x7d438bf6567673867480b7923669bf349e6c8c12,0xe8723d26ad5f7ff4ea8902d235f0a8f8b8802f6d,1
0x8234be55f64ea91960b78357906cf5bebce81f3d,0x00d7c902fbbcd3c9db2da80a439c94486c50eb81,1
0x82b1f29c5608238df2618f996827933c0d844079,0x033ee76d5ac6398da4d8c8955e28f71f75680ece,1
0x82b1f29c5608238df2618f996827933c0d844079,0x219688c6156edea2e2ca7e2036c1c5b7f6451169,1
0x82b1f29c5608238df2618f996827933c0d844079,0x6277a1073dfbe0ea087e0ef8741dce084831e782,1
0x82b1f29c5608238df2618f996827933c0d844079,0xd387a6e4e84a6c86bd90c158c6028a58cc8ac459,1
0x82b1f29c5608238df2618f996827933c0d844079,0xd3e2e76e4ab0322614fe7aaa3be0b04bed83d0d0,1
0x899241b0c41051313ce36271a7e13d54c94877a1,0x269616d549d7e8eaa82dfb17028d0b212d11232a,1
0x899241b0c41051313ce36271a7e13d54c94877a1,0x50664ede715e131f584d3e7eaabd7818bb20a068,1
0x899241b0c41051313ce36271a7e13d54c94877a1,0x6277a1073dfbe0ea087e0ef8741dce084831e782,1
0x899241b0c41051313ce36271a7e13d54c94877a1,0x62bdc64a14405e797f86796ea3c2476209ee0bf9,1
0x899241b0c41051313ce36271a7e13d54c94877a1,0x6639c089adfba8bb9968da643c6be208a70d6daa,1
0x899241b0c41051313ce36271a7e13d54c94877a1,0x696ed7b26f4b019ceec78dc8b9140ad64a6f354b,1
0x899241b0c41051313ce36271a7e13d54c94877a1,0x74be0af0bf7254328ddffc09425ff71d64a1a836,1
0x899241b0c41051313ce36271a7e13d54c94877a1,0xabf107de3e01c7c257e64e0a18d60a733aad395d,1
0x899241b0c41051313ce36271a7e13d54c94877a1,0xbec69dfce4c1fa8b7843fee1ca85788d84a86b06,1
0x8b27de7f6a7542ee70e2420e1bc67fc479d01984,0x0b88fd87884080bd6d93d341fcca0eea76b03e75,1
0x8b27de7f6a7542ee70e2420e1bc67fc479d01984,0x696ed7b26f4b019ceec78dc8b9140ad64a6f354b,1
0x8b27de7f6a7542ee70e2420e1bc67fc479d01984,0x78f0269f5b1ca914c8c58993f41181f89e212b27,1
0x8b27de7f6a7542ee70e2420e1bc67fc479d01984,0xb4bb4156e5e6ca5d81041f616c27dffb253b7845,1
0x8b27de7f6a7542ee70e2420e1bc67fc479d01984,0xc46db2d89327d4c41eb81c43ed5e3dff111f9a8f,1
0x8dbbca57ea56290efa14d835bbfd34faf1d89753,0x033ee76d5ac6398da4d8c8955e28f71f75680ece,1
0x8dbbca57ea56290efa14d835bbfd34faf1d89753,0x3e17fac953de2cd729b0ace7f6d4353387717e9e,1
0x8dbbca57ea56290efa14d835bbfd34faf1d89753,0x51787a2c56d710c68140bdadefd3a98bff96feb4,1
0x8dbbca57ea56290efa14d835bbfd34faf1d89753,0x696ed7b26f4b019ceec78dc8b9140ad64a6f354b,1
0x8dbbca57ea56290efa14d835bbfd34faf1d89753,0xabf107de3e01c7c257e64e0a18d60a733aad395d,1
0x8dbbca57ea56290efa14d835bbfd34faf1d89753,0xbec69dfce4c1fa8b7843fee1ca85788d84a86b06,1
0x8dbbca57ea56290efa14d835bbfd34faf1d89753,0xc24f574d6853f6f6a31c19d468a8c1b3f31c0e54,1
0x8dbbca57ea56290efa14d835bbfd34faf1d89753,0xc46db2d89327d4c41eb81c43ed5e3dff111f9a8f,1
0x8e662143178bb8c797620a3a61f34a71832475b0,0x033ee76d5ac6398da4d8c8955e28f71f75680ece,1
0x8e662143178bb8c797620a3a61f34a71832475b0,0x052564eb0fd8b340803df55def89c25c432f43f4,1
0x8e662143178bb8c797620a3a61f34a71832475b0,0x0d41f957181e584db82d2e316837b2de1738c477,1
0x8e662143178bb8c797620a3a61f34a71832475b0,0x303052148a78a692d7aa89bad454f3e91785488d,1
0x8e662143178bb8c797620a3a61f34a71832475b0,0x5bb35c9576ef6e42d4447adcb3272f0b8582e82e,1
0x8e662143178bb8c797620a3a61f34a71832475b0,0x63a9dbce75413036b2b778e670aabd4493aaf9f3,1
0x8e662143178bb8c797620a3a61f34a71832475b0,0x7d438bf6567673867480b7923669bf349e6c8c12,1
0x8e662143178bb8c797620a3a61f34a71832475b0,0x8dbbca57ea56290efa14d835bbfd34faf1d89753,1
0x8e662143178bb8c797620a3a61f34a71832475b0,0xc352b534e8b987e036a93539fd6897f53488e56a,1
0x8e662143178bb8c797620a3a61f34a71832475b0,0xe8723d26ad5f7ff4ea8902d235f0a8f8b8802f6d,1
0x8f6b1e467fbe74d7dd43d59de0558f693c736798,0x6277a1073dfbe0ea087e0ef8741dce084831e782,1
0x8f6b1e467fbe74d7dd43d59de0558f693c736798,0x74be0af0bf7254328ddffc09425ff71d64a1a836,1
0x8f6b1e467fbe74d7dd43d59de0558f693c736798,0x899241b0c41051313ce36271a7e13d54c94877a1,1
0x8f6b1e467fbe74d7dd43d59de0558f693c736798,0x91338ccfb8c0adb7756034a82008531d7713009d,1
0x8f6b1e467fbe74d7dd43d59de0558f693c736798,0xef784caf2d2001fb8fbb9678f9a0a1b83cd582dc,1
0x91338ccfb8c0adb7756034a82008531d7713009d,0x74be0af0bf7254328ddffc09425ff71d64a1a836,1
0x91338ccfb8c0adb7756034a82008531d7713009d,0x91338ccfb8c0adb7756034a82008531d7713009d,1
0x91338ccfb8c0adb7756034a82008531d7713009d,0xc352b534e8b987e036a93539fd6897f53488e56a,1
0x94de7e2c73529ebf3206aa3459e699fbcdfcd49b,0x219688c6156edea2e2ca7e2036c1c5b7f6451169,1
0x94de7e2c73529ebf3206aa3459e699fbcdfcd49b,0x3e17fac953de2cd729b0ace7f6d4353387717e9e,1
0x94de7e2c73529ebf3206aa3459e699fbcdfcd49b,0xb4bb4156e5e6ca5d81041f616c27dffb253b7845,1
0x94de7e2c73529ebf3206aa3459e699fbcdfcd49b,0xc24f574d6853f6f6a31c19d468a8c1b3f31c0e54,1
0xa3cb30128532f43fe1c8a9f4c19422aa631307a9,0x052564eb0fd8b340803df55def89c25c432f43f4,1
0xa3cb30128532f43fe1c8a9f4c19422aa631307a9,0x0d41f957181e584db82d2e316837b2de1738c477,1
0xa3cb30128532f43fe1c8a9f4c19422aa631307a9,0x0eb9a7ff5cbf719251989caf1599c1270eafb531,1
0xa3cb30128532f43fe1c8a9f4c19422aa631307a9,0x219688c6156edea2e2ca7e2036c1c5b7f6451169,1
0xa3cb30128532f43fe1c8a9f4c19422aa631307a9,0x63a9dbce75413036b2b778e670aabd4493aaf9f3,1
0xa3cb30128532f43fe1c8a9f4c19422aa631307a9,0x696ed7b26f4b019ceec78dc8b9140ad64a6f354b,1
0xa3cb30128532f43fe1c8a9f4c19422aa631307a9,0x6f4a2d3a4f47f9c647d86c929755593911ee91ec,1
0xa3cb30128532f43fe1c8a9f4c19422aa631307a9,0x78f0269f5b1ca914c8c58993f41181f89e212b27,1
0xa3cb30128532f43fe1c8a9f4c19422aa631307a9,0x82b1f29c5608238df2618f996827933c0d844079,1
0xa3cb30128532f43fe1c8a9f4c19422aa631307a9,0xbec69dfce4c1fa8b7843fee1ca85788d84a86b06,1
0xa3cb30128532f43fe1c8a9f4c19422aa631307a9,0xd387a6e4e84a6c86bd90c158c6028a58cc8ac459,1
0xabf107de3e01c7c257e64e0a18d60a733aad395d,0x052564eb0fd8b340803df55def89c25c432f43f4,1
0xabf107de3e01c7c257e64e0a18d60a733aad395d,0x62bdc64a14405e797f86796ea3c2476209ee0bf9,1
0xabf107de3e01c7c257e64e0a18d60a733aad395d,0xbec69dfce4c1fa8b7843fee1ca85788d84a86b06,1
0xabf107de3e01c7c257e64e0a18d60a733aad395d,0xe8723d26ad5f7ff4ea8902d235f0a8f8b8802f6d,1
0xb4bb4156e5e6ca5d81041f616c27dffb253b7845,0x50664ede715e131f584d3e7eaabd7818bb20a068,1
0xb4bb4156e5e6ca5d81041f616c27dffb253b7845,0x62bdc64a14405e797f86796ea3c2476209ee0bf9,1
0xb4bb4156e5e6ca5d81041f616c27dffb253b7845,0x650dcdeb6ecf05ae3caf30a70966e2f395d5e9e5,1
0xb4bb4156e5e6ca5d81041f616c27dffb253b7845,0x701f373df763308d96d8537822e8f9b2bae4e847,1
0xb4bb4156e5e6ca5d81041f616c27dffb253b7845,0x94de7e2c73529ebf3206aa3459e699fbcdfcd49b,1
0xb4bb4156e5e6ca5d81041f616c27dffb253b7845,0xfe2f279d3679bac2d07cf46c93503410ef9ca448,1
0xb6be4de7f37bae20085d830a28982be8ad19052b,0x0b88fd87884080bd6d93d341fcca0eea76b03e75,1
0xb6be4de7f37bae20085d830a28982be8ad19052b,0x0eb9a7ff5cbf719251989caf1599c1270eafb531,1
0xb6be4de7f37bae20085d830a28982be8ad19052b,0x3e17fac953de2cd729b0ace7f6d4353387717e9e,1
0xb6be4de7f37bae20085d830a28982be8ad19052b,0x8dbbca57ea56290efa14d835bbfd34faf1d89753,1
0xb6be4de7f37bae20085d830a28982be8ad19052b,0xc352b534e8b987e036a93539fd6897f53488e56a,1
0xb70c1a3242e363b4772b83acdc10df94e6c3fb02,0x0e9aed5c7721c642a032812c2c4816f7d6cb87d7,1
0xb70c1a3242e363b4772b83acdc10df94e6c3fb02,0x50664ede715e131f584d3e7eaabd7818bb20a068,1
0xb70c1a3242e363b4772b83acdc10df94e6c3fb02,0x650dcdeb6ecf05ae3caf30a70966e2f395d5e9e5,1
0xb70c1a3242e363b4772b83acdc10df94e6c3fb02,0x696ed7b26f4b019ceec78dc8b9140ad64a6f354b,1
0xb70c1a3242e363b4772b83acdc10df94e6c3fb02,0x6ec30fd91a504aad948839b985c7263888b2ad68,1
0xb70c1a3242e363b4772b83acdc10df94e6c3fb02,0xabf107de3e01c7c257e64e0a18d60a733aad395d,1
0xb70c1a3242e363b4772b83acdc10df94e6c3fb02,0xc46db2d89327d4c41eb81c43ed5e3dff111f9a8f,1
0xb70c1a3242e363b4772b83acdc10df94e6c3fb02,0xddfdcb21c935e8432a559cf689c83695b27a4177,1
0xb7f7f6c52f2e2fdb1963eab30438024864c313f6,0x577ebc5de943e35cdf9ecb5bbe1f7d7cb6c7c647,1
0xb7f7f6c52f2e2fdb1963eab30438024864c313f6,0x5bb35c9576ef6e42d4447adcb3272f0b8582e82e,1
0xb7f7f6c52f2e2fdb1963eab30438024864c313f6,0x701f373df763308d96d8537822e8f9b2bae4e847,1
0xb7f7f6c52f2e2fdb1963eab30438024864c313f6,0xc24f574d6853f6f6a31c19d468a8c1b3f31c0e54,1
0xb7f7f6c52f2e2fdb1963eab30438024864c313f6,0xddfdcb21c935e8432a559cf689c83695b27a4177,1
0xb7f7f6c52f2e2fdb1963eab30438024864c313f6,0xee3766e4f996dc0e0f8c929954eaafef3441de87,1
0xbec69dfce4c1fa8b7843fee1ca85788d84a86b06,0x052564eb0fd8b340803df55def89c25c432f43f4,1
0xbec69dfce4c1fa8b7843fee1ca85788d84a86b06,0x0e9aed5c7721c642a032812c2c4816f7d6cb87d7,1
0xbec69dfce4c1fa8b7843fee1ca85788d84a86b06,0x650dcdeb6ecf05ae3caf30a70966e2f395d5e9e5,1
0xbec69dfce4c1fa8b7843fee1ca85788d84a86b06,0x6ec30fd91a504aad948839b985c7263888b2ad68,1
0xbec69dfce4c1fa8b7843fee1ca85788d84a86b06,0xb4bb4156e5e6ca5d81041f616c27dffb253b7845,1
0xbec69dfce4c1fa8b7843fee1ca85788d84a86b06,0xb70c1a3242e363b4772b83acdc10df94e6c3fb02,1
0xbec69dfce4c1fa8b7843fee1ca85788d84a86b06,0xc24f574d6853f6f6a31c19d468a8c1b3f31c0e54,1
0xc24f574d6853f6f6a31c19d468a8c1b3f31c0e54,0x0d41f957181e584db82d2e316837b2de1738c477,1
0xc24f574d6853f6f6a31c19d468a8c1b3f31c0e54,0x0e9aed5c7721c642a032812c2c4816f7d6cb87d7,1
0xc24f574d6853f6f6a31c19d468a8c1b3f31c0e54,0x219688c6156edea2e2ca7e2036c1c5b7f6451169,1
0xc24f574d6853f6f6a31c19d468a8c1b3f31c0e54,0x303052148a78a692d7aa89bad454f3e91785488d,1
0xc24f574d6853f6f6a31c19d468a8c1b3f31c0e54,0x3e17fac953de2cd729b0ace7f6d4353387717e9e,1
0xc24f574d6853f6f6a31c19d468a8c1b3f31c0e54,0x58164b2d74c45f06cde451fc307092d55ebe5730,1
0xc24f574d6853f6f6a31c19d468a8c1b3f31c0e54,0x5bb35c9576ef6e42d4447adcb3272f0b8582e82e,1
0xc24f574d6853f6f6a31c19d468a8c1b3f31c0e54,0x62bdc64a14405e797f86796ea3c2476209ee0bf9,1
0xc24f574d6853f6f6a31c19d468a8c1b3f31c0e54,0x63a9dbce75413036b2b778e670aabd4493aaf9f3,1
0xc24f574d6853f6f6a31c19d468a8c1b3f31c0e54,0x650dcdeb6ecf05ae3caf30a70966e2f395d5e9e5,1
0xc24f574d6853f6f6a31c19d468a8c1b3f31c0e54,0x82b1f29c5608238df2618f996827933c0d844079,1
0xc24f574d6853f6f6a31c19d468a8c1b3f31c0e54,0x899241b0c41051313ce36271a7e13d54c94877a1,1
0xc24f574d6853f6f6a31c19d468a8c1b3f31c0e54,0x8e662143178bb8c797620a3a61f34a71832475b0,1
0xc24f574d6853f6f6a31c19d468a8c1b3f31c0e54,0xabf107de3e01c7c257e64e0a18d60a733aad395d,1
0xc24f574d6853f6f6a31c19d468a8c1b3f31c0e54,0xbec69dfce4c1fa8b7843fee1ca85788d84a86b06,1
0xc24f574d6853f6f6a31c19d468a8c1b3f31c0e54,0xd387a6e4e84a6c86bd90c158c6028a58cc8ac459,1
0xc272ed09c636edb6e858fa8702c182406185f1af,0x0eb9a7ff5cbf719251989caf1599c1270eafb531,1
0xc272ed09c636edb6e858fa8702c182406185f1af,0x6277a1073dfbe0ea087e0ef8741dce084831e782,1
0xc272ed09c636edb6e858fa8702c182406185f1af,0x696ed7b26f4b019ceec78dc8b9140ad64a6f354b,1
0xc272ed09c636edb6e858fa8702c182406185f1af,0x6f4a2d3a4f47f9c647d86c929755593911ee91ec,1
0xc272ed09c636edb6e858fa8702c182406185f1af,0x74be0af0bf7254328ddffc09425ff71d64a1a836,1
0xc272ed09c636edb6e858fa8702c182406185f1af,0x78f0269f5b1ca914c8c58993f41181f89e212b27,1
0xc272ed09c636edb6e858fa8702c182406185f1af,0xddfdcb21c935e8432a559cf689c83695b27a4177,1
0xc272ed09c636edb6e858fa8702c182406185f1af,0xef784caf2d2001fb8fbb9678f9a0a1b83cd582dc,1
0xc352b534e8b987e036a93539fd6897f53488e56a,0x00b278dd68f9d8491795ffaf771120638bef1686,1
0xc352b534e8b987e036a93539fd6897f53488e56a,0x00bd9fd57c423a1b1c969823d409156d90974d77,1
0xc352b534e8b987e036a93539fd6897f53488e56a,0x00d7c902fbbcd3c9db2da80a439c94486c50eb81,1
0xc352b534e8b987e036a93539fd6897f53488e56a,0x219688c6156edea2e2ca7e2036c1c5b7f6451169,1
0xc352b534e8b987e036a93539fd6897f53488e56a,0x50664ede715e131f584d3e7eaabd7818bb20a068,1
0xc352b534e8b987e036a93539fd6897f53488e56a,0x58164b2d74c45f06cde451fc307092d55ebe5730,1
0xc352b534e8b987e036a93539fd6897f53488e56a,0x5b098b00621eda6a96b7a476220661ad265f083f,1
0xc352b534e8b987e036a93539fd6897f53488e56a,0x63a9dbce75413036b2b778e670aabd4493aaf9f3,1
0xc352b534e8b987e036a93539fd6897f53488e56a,0xb4bb4156e5e6ca5d81041f616c27dffb253b7845,1
0xc352b534e8b987e036a93539fd6897f53488e56a,0xe614065a4ac6d478f141db4595325b537ffa2ea5,1
0xc352b534e8b987e036a93539fd6897f53488e56a,0xe8723d26ad5f7ff4ea8902d235f0a8f8b8802f6d,1
0xc46db2d89327d4c41eb81c43ed5e3dff111f9a8f,0x023ef73d4c6de80dd3e52b8aae579b8f0e5cbeb4,1
0xc46db2d89327d4c41eb81c43ed5e3dff111f9a8f,0x1919db36ca2fa2e15f9000fd9cdc2edcf863e685,1
0xc46db2d89327d4c41eb81c43ed5e3dff111f9a8f,0x4affe16d35143db85027c05d97f56ebdc668347e,1
0xc46db2d89327d4c41eb81c43ed5e3dff111f9a8f,0x696ed7b26f4b019ceec78dc8b9140ad64a6f354b,1
0xc46db2d89327d4c41eb81c43ed5e3dff111f9a8f,0x82b1f29c5608238df2618f996827933c0d844079,1
0xc46db2d89327d4c41eb81c43ed5e3dff111f9a8f,0xbec69dfce4c1fa8b7843fee1ca85788d84a86b06,1
0xc46db2d89327d4c41eb81c43ed5e3dff111f9a8f,0xc24f574d6853f6f6a31c19d468a8c1b3f31c0e54,1
0xc46db2d89327d4c41eb81c43ed5e3dff111f9a8f,0xcf0e9b4746cfb97bae329fe5f696969f6564566a,1
0xc46db2d89327d4c41eb81c43ed5e3dff111f9a8f,0xe614065a4ac6d478f141db4595325b537ffa2ea5,1
0xc480fb0ebea2591470f571436926785be5ebcd22,0x0601d0235645a6ce6356ef11aa0b225c68605131,1
0xc480fb0ebea2591470f571436926785be5ebcd22,0x62bdc64a14405e797f86796ea3c2476209ee0bf9,1
0xc480fb0ebea2591470f571436926785be5ebcd22,0x650dcdeb6ecf05ae3caf30a70966e2f395d5e9e5,1
0xc480fb0ebea2591470f571436926785be5ebcd22,0x6639c089adfba8bb9968da643c6be208a70d6daa,1
0xc480fb0ebea2591470f571436926785be5ebcd22,0xb70c1a3242e363b4772b83acdc10df94e6c3fb02,1
0xc480fb0ebea2591470f571436926785be5ebcd22,0xd3e2e76e4ab0322614fe7aaa3be0b04bed83d0d0,1
0xc480fb0ebea2591470f571436926785be5ebcd22,0xfe2f279d3679bac2d07cf46c93503410ef9ca448,1
0xca8fe4acb1cb8b5550a3c71ffe2399f6c7016686,0x00bd9fd57c423a1b1c969823d409156d90974d77,1
0xca8fe4acb1cb8b5550a3c71ffe2399f6c7016686,0x0e9aed5c7721c642a032812c2c4816f7d6cb87d7,1
0xca8fe4acb1cb8b5550a3c71ffe2399f6c7016686,0x3e17fac953de2cd729b0ace7f6d4353387717e9e,1
0xca8fe4acb1cb8b5550a3c71ffe2399f6c7016686,0x51787a2c56d710c68140bdadefd3a98bff96feb4,1
0xca8fe4acb1cb8b5550a3c71ffe2399f6c7016686,0x6ec30fd91a504aad948839b985c7263888b2ad68,1
0xca8fe4acb1cb8b5550a3c71ffe2399f6c7016686,0x78f0269f5b1ca914c8c58993f41181f89e212b27,1
0xca8fe4acb1cb8b5550a3c71ffe2399f6c7016686,0x899241b0c41051313ce36271a7e13d54c94877a1,1
0xca8fe4acb1cb8b5550a3c71ffe2399f6c7016686,0x8f6b1e467fbe74d7dd43d59de0558f693c736798,1
0xca8fe4acb1cb8b5550a3c71ffe2399f6c7016686,0xee3766e4f996dc0e0f8c929954eaafef3441de87,1
0xca8fe4acb1cb8b5550a3c71ffe2399f6c7016686,0xef784caf2d2001fb8fbb9678f9a0a1b83cd582dc,1
0xcc2a855946a3c20683858fe6ee15acf8b836f0b3,0x1919db36ca2fa2e15f9000fd9cdc2edcf863e685,1
0xcc2a855946a3c20683858fe6ee15acf8b836f0b3,0x269616d549d7e8eaa82dfb17028d0b212d11232a,1
0xcc2a855946a3c20683858fe6ee15acf8b836f0b3,0x51eac3daa1c34f5c2874aa62097ac9965a180b6d,1
0xcc2a855946a3c20683858fe6ee15acf8b836f0b3,0x91338ccfb8c0adb7756034a82008531d7713009d,1
0xcc2a855946a3c20683858fe6ee15acf8b836f0b3,0xfe2f279d3679bac2d07cf46c93503410ef9ca448,1
0xcc7c335f3365ae3f7e4e8c9535dc92780a4add9d,0x00b278dd68f9d8491795ffaf771120638bef1686,1
0xcc7c335f3365ae3f7e4e8c9535dc92780a4add9d,0x51eac3daa1c34f5c2874aa62097ac9965a180b6d,1
0xcc7c335f3365ae3f7e4e8c9535dc92780a4add9d,0x5b098b00621eda6a96b7a476220661ad265f083f,1
0xcc7c335f3365ae3f7e4e8c9535dc92780a4add9d,0x5f7190b7943858b7bdd24f069241612091c6a986,1
0xcc7c335f3365ae3f7e4e8c9535dc92780a4add9d,0x63a9dbce75413036b2b778e670aabd4493aaf9f3,1
0xcc7c335f3365ae3f7e4e8c9535dc92780a4add9d,0x696ed7b26f4b019ceec78dc8b9140ad64a6f354b,1
0xcc7c335f3365ae3f7e4e8c9535dc92780a4add9d,0x6ec30fd91a504aad948839b985c7263888b2ad68,1
0xcc7c335f3365ae3f7e4e8c9535dc92780a4add9d,0x701f373df763308d96d8537822e8f9b2bae4e847,1
0xcc7c335f3365ae3f7e4e8c9535dc92780a4add9d,0x78f0269f5b1ca914c8c58993f41181f89e212b27,1
0xcc7c335f3365ae3f7e4e8c9535dc92780a4add9d,0x7d438bf6567673867480b7923669bf349e6c8c12,1
0xcc7c335f3365ae3f7e4e8c9535dc92780a4add9d,0x82b1f29c5608238df2618f996827933c0d844079,1
0xcc7c335f3365ae3f7e4e8c9535dc92780a4add9d,0x91338ccfb8c0adb7756034a82008531d7713009d,1
0xcc7c335f3365ae3f7e4e8c9535dc92780a4add9d,0xbec69dfce4c1fa8b7843fee1ca85788d84a86b06,1
0xcc7c335f3365ae3f7e4e8c9535dc92780a4add9d,0xd8e80673419acfbf15bf8eb0239cda90f232051f,1
0xcc7c335f3365ae3f7e4e8c9535dc92780a4add9d,0xddfdcb21c935e8432a559cf689c83695b27a4177,1
0xcf0e9b4746cfb97bae329fe5f696969f6564566a,0x033ee76d5ac6398da4d8c8955e28f71f75680ece,1
0xcf0e9b4746cfb97bae329fe5f696969f6564566a,0x052564eb0fd8b340803df55def89c25c432f43f4,1
0xcf0e9b4746cfb97bae329fe5f696969f6564566a,0x3e17fac953de2cd729b0ace7f6d4353387717e9e,1
0xcf0e9b4746cfb97bae329fe5f696969f6564566a,0x51787a2c56d710c68140bdadefd3a98bff96feb4,1
0xcf0e9b4746cfb97bae329fe5f696969f6564566a,0x63a9dbce75413036b2b778e670aabd4493aaf9f3,1
0xcf0e9b4746cfb97bae329fe5f696969f6564566a,0x8dbbca57ea56290efa14d835bbfd34faf1d89753,1
0xcf0e9b4746cfb97bae329fe5f696969f6564566a,0xe8723d26ad5f7ff4ea8902d235f0a8f8b8802f6d,1
0xcf0e9b4746cfb97bae329fe5f696969f6564566a,0xef784caf2d2001fb8fbb9678f9a0a1b83cd582dc,1
0xd387a6e4e84a6c86bd90c158c6028a58cc8ac459,0x1919db36ca2fa2e15f9000fd9cdc2edcf863e685,1
0xd387a6e4e84a6c86bd90c158c6028a58cc8ac459,0x219688c6156edea2e2ca7e2036c1c5b7f6451169,1
0xd387a6e4e84a6c86bd90c158c6028a58cc8ac459,0x3e17fac953de2cd729b0ace7f6d4353387717e9e,1
0xd387a6e4e84a6c86bd90c158c6028a58cc8ac459,0x50664ede715e131f584d3e7eaabd7818bb20a068,1
0xd387a6e4e84a6c86bd90c158c6028a58cc8ac459,0x91338ccfb8c0adb7756034a82008531d7713009d,1
0xd387a6e4e84a6c86bd90c158c6028a58cc8ac459,0x94de7e2c73529ebf3206aa3459e699fbcdfcd49b,1
0xd387a6e4e84a6c86bd90c158c6028a58cc8ac459,0xb70c1a3242e363b4772b83acdc10df94e6c3fb02,1
0xd387a6e4e84a6c86bd90c158c6028a58cc8ac459,0xc24f574d6853f6f6a31c19d468a8c1b3f31c0e54,1
0xd387a6e4e84a6c86bd90c158c6028a58cc8ac459,0xc352b534e8b987e036a93539fd6897f53488e56a,1
0xd387a6e4e84a6c86bd90c158c6028a58cc8ac459,0xddfdcb21c935e8432a559cf689c83695b27a4177,1
0xd387a6e4e84a6c86bd90c158c6028a58cc8ac459,0xe614065a4ac6d478f141db4595325b537ffa2ea5,1
0xd3e2e76e4ab0322614fe7aaa3be0b04bed83d0d0,0x0e9aed5c7721c642a032812c2c4816f7d6cb87d7,1
0xd3e2e76e4ab0322614fe7aaa3be0b04bed83d0d0,0x62bdc64a14405e797f86796ea3c2476209ee0bf9,1
0xd3e2e76e4ab0322614fe7aaa3be0b04bed83d0d0,0x6f4a2d3a4f47f9c647d86c929755593911ee91ec,1
0xd3e2e76e4ab0322614fe7aaa3be0b04bed83d0d0,0xc480fb0ebea2591470f571436926785be5ebcd22,1
0xd8e80673419acfbf15bf8eb0239cda90f232051f,0x5b098b00621eda6a96b7a476220661ad265f083f,1
0xd8e80673419acfbf15bf8eb0239cda90f232051f,0x5bb35c9576ef6e42d4447adcb3272f0b8582e82e,1
0xd8e80673419acfbf15bf8eb0239cda90f232051f,0x6611fe71c233e4e7510b2795c242c9a57790b376,1
0xd8e80673419acfbf15bf8eb0239cda90f232051f,0xc24f574d6853f6f6a31c19d468a8c1b3f31c0e54,1
0xd8e80673419acfbf15bf8eb0239cda90f232051f,0xc352b534e8b987e036a93539fd6897f53488e56a,1
0xd8e80673419acfbf15bf8eb0239cda90f232051f,0xdde8df9a7dc9f68bdac815f493d1d731de911b5a,1
0xdde8df9a7dc9f68bdac815f493d1d731de911b5a,0x0e9aed5c7721c642a032812c2c4816f7d6cb87d7,1
0xdde8df9a7dc9f68bdac815f493d1d731de911b5a,0x6277a1073dfbe0ea087e0ef8741dce084831e782,1
0xdde8df9a7dc9f68bdac815f493d1d731de911b5a,0xb4bb4156e5e6ca5d81041f616c27dffb253b7845,1
0xddfdcb21c935e8432a559cf689c83695b27a4177,0x13816f65ba8195768e6825eb774fd3c6a05a0ac8,1
0xddfdcb21c935e8432a559cf689c83695b27a4177,0x62bdc64a14405e797f86796ea3c2476209ee0bf9,1
0xddfdcb21c935e8432a559cf689c83695b27a4177,0x78f0269f5b1ca914c8c58993f41181f89e212b27,1
0xddfdcb21c935e8432a559cf689c83695b27a4177,0x82b1f29c5608238df2618f996827933c0d844079,1
0xddfdcb21c935e8432a559cf689c83695b27a4177,0xbec69dfce4c1fa8b7843fee1ca85788d84a86b06,1
0xddfdcb21c935e8432a559cf689c83695b27a4177,0xd3e2e76e4ab0322614fe7aaa3be0b04bed83d0d0,1
0xddfdcb21c935e8432a559cf689c83695b27a4177,0xef784caf2d2001fb8fbb9678f9a0a1b83cd582dc,1
0xe45df57df7980d8219a5ea811aff949907d0a355,0x00d7c902fbbcd3c9db2da80a439c94486c50eb81,1
0xe45df57df7980d8219a5ea811aff949907d0a355,0x0d41f957181e584db82d2e316837b2de1738c477,1
0xe45df57df7980d8219a5ea811aff949907d0a355,0xe83c750b2708320bb134796c555b80df39a3d97b,1
0xe45df57df7980d8219a5ea811aff949907d0a355,0xe8723d26ad5f7ff4ea8902d235f0a8f8b8802f6d,1
0xe614065a4ac6d478f141db4595325b537ffa2ea5,0x51787a2c56d710c68140bdadefd3a98bff96feb4,1
0xe614065a4ac6d478f141db4595325b537ffa2ea5,0x78f0269f5b1ca914c8c58993f41181f89e212b27,1
0xe614065a4ac6d478f141db4595325b537ffa2ea5,0x8dbbca57ea56290efa14d835bbfd34faf1d89753,1
0xe614065a4ac6d478f141db4595325b537ffa2ea5,0xc46db2d89327d4c41eb81c43ed5e3dff111f9a8f,1
0xe83c750b2708320bb134796c555b80df39a3d97b,0x50664ede715e131f584d3e7eaabd7818bb20a068,1
0xe83c750b2708320bb134796c555b80df39a3d97b,0x51787a2c56d710c68140bdadefd3a98bff96feb4,1
0xe83c750b2708320bb134796c555b80df39a3d97b,0xb88f61e6fbda83fbfffabe364112137480398018,1
0xe83c750b2708320bb134796c555b80df39a3d97b,0xc352b534e8b987e036a93539fd6897f53488e56a,1
0xe8723d26ad5f7ff4ea8902d235f0a8f8b8802f6d,0x052564eb0fd8b340803df55def89c25c432f43f4,1
0xe8723d26ad5f7ff4ea8902d235f0a8f8b8802f6d,0x0601d0235645a6ce6356ef11aa0b225c68605131,1
0xe8723d26ad5f7ff4ea8902d235f0a8f8b8802f6d,0x0e9aed5c7721c642a032812c2c4816f7d6cb87d7,1
0xe8723d26ad5f7ff4ea8902d235f0a8f8b8802f6d,0x219688c6156edea2e2ca7e2036c1c5b7f6451169,1
0xe8723d26ad5f7ff4ea8902d235f0a8f8b8802f6d,0x701f373df763308d96d8537822e8f9b2bae4e847,1
0xe8723d26ad5f7ff4ea8902d235f0a8f8b8802f6d,0xcf0e9b4746cfb97bae329fe5f696969f6564566a,1
0xe8723d26ad5f7ff4ea8902d235f0a8f8b8802f6d,0xdde8df9a7dc9f68bdac815f493d1d731de911b5a,1
0xee3766e4f996dc0e0f8c929954eaafef3441de87,0x13816f65ba8195768e6825eb774fd3c6a05a0ac8,1
0xee3766e4f996dc0e0f8c929954eaafef3441de87,0x1919db36ca2fa2e15f9000fd9cdc2edcf863e685,1
0xee3766e4f996dc0e0f8c929954eaafef3441de87,0x51787a2c56d710c68140bdadefd3a98bff96feb4,1
0xee3766e4f996dc0e0f8c929954eaafef3441de87,0x63a9dbce75413036b2b778e670aabd4493aaf9f3,1
0xee3766e4f996dc0e0f8c929954eaafef3441de87,0x696ed7b26f4b019ceec78dc8b9140ad64a6f354b,1
0xee3766e4f996dc0e0f8c929954eaafef3441de87,0x74be0af0bf7254328ddffc09425ff71d64a1a836,1
0xee3766e4f996dc0e0f8c929954eaafef3441de87,0x8f6b1e467fbe74d7dd43d59de0558f693c736798,1
0xee3766e4f996dc0e0f8c929954eaafef3441de87,0x97db27c92bc776079f57bf26533111abc81af7ca,1
0xee3766e4f996dc0e0f8c929954eaafef3441de87,0xabf107de3e01c7c257e64e0a18d60a733aad395d,1
0xee3766e4f996dc0e0f8c929954eaafef3441de87,0xc24f574d6853f6f6a31c19d468a8c1b3f31c0e54,1
0xee3766e4f996dc0e0f8c929954eaafef3441de87,0xe614065a4ac6d478f141db4595325b537ffa2ea5,1
0xee3766e4f996dc0e0f8c929954eaafef3441de87,0xe8723d26ad5f7ff4ea8902d235f0a8f8b8802f6d,1
0xef784caf2d2001fb8fbb9678f9a0a1b83cd582dc,0x023ef73d4c6de80dd3e52b8aae579b8f0e5cbeb4,1
0xef784caf2d2001fb8fbb9678f9a0a1b83cd582dc,0xd387a6e4e84a6c86bd90c158c6028a58cc8ac459,1
0xef784caf2d2001fb8fbb9678f9a0a1b83cd582dc,0xddfdcb21c935e8432a559cf689c83695b27a4177,1
0xf1ad946ae30a285d96ea396acd3fd22c5aa75ef8,0x51787a2c56d710c68140bdadefd3a98bff96feb4,1
0xf1ad946ae30a285d96ea396acd3fd22c5aa75ef8,0x78f0269f5b1ca914c8c58993f41181f89e212b27,1
0xfe2f279d3679bac2d07cf46c93503410ef9ca448,0x023ef73d4c6de80dd3e52b8aae579b8f0e5cbeb4,1
0xfe2f279d3679bac2d07cf46c93503410ef9ca448,0x4affe16d35143db85027c05d97f56ebdc668347e,1
0xfe2f279d3679bac2d07cf46c93503410ef9ca448,0x62bdc64a14405e797f86796ea3c2476209ee0bf9,1
0xfe2f279d3679bac2d07cf46c93503410ef9ca448,0x650dcdeb6ecf05ae3caf30a70966e2f395d5e9e5,1
0xfe2f279d3679bac2d07cf46c93503410ef9ca448,0x91338ccfb8c0adb7756034a82008531d7713009d,1
0xfe2f279d3679bac2d07cf46c93503410ef9ca448,0xd387a6e4e84a6c86bd90c158c6028a58cc8ac459,1
0xfe2f279d3679bac2d07cf46c93503410ef9ca448,0xef784caf2d2001fb8fbb9678f9a0a1b83cd582dc,1
