target,source,value
0xfc840af78a496b52e378dfa94838402e1b7f71dd,0x073ff66ec93c4ddd98edafeaecd677a7ef61f000,474
0x073ff66ec93c4ddd98edafeaecd677a7ef61f000,0xace41d83eec3ee0e7dc096a9b65b3ab25a5a7f97,277
0xace41d83eec3ee0e7dc096a9b65b3ab25a5a7f97,0xc526785130d91d9fd1062961f34eca855bc2b70b,248
0x648a58121dc0de4436837dc585ded4fa5fba6d3e,0x88341d1a8f672d2780c8dc725902aae72f143b0c,197
0x88341d1a8f672d2780c8dc725902aae72f143b0c,0x648a58121dc0de4436837dc585ded4fa5fba6d3e,175
0x7d544a853dbcd39a53315e7002f4951a6d2f080d,0x22925707d59f89c2edf103b79436fce932d559eb,95
0x22925707d59f89c2edf103b79436fce932d559eb,0x7d544a853dbcd39a53315e7002f4951a6d2f080d,82
0xd387a6e4e84a6c86bd90c158c6028a58cc8ac459,0xe4855ea1e26865247d412c0891184b535e2fb849,60
0x9a20cfcdc25eab32b8d21fbf8dab66f2658b791e,0xb98217f7f050aad1696467a1559e726381879f33,37
0x1ecd31e8fe6f783274f1e4f347b50945b4dbbe0d,0x88341d1a8f672d2780c8dc725902aae72f143b0c,27
0x71373fc3d84069e3936f99520d6cd9286a36a5d5,0xfc840af78a496b52e378dfa94838402e1b7f71dd,26
0xd387a6e4e84a6c86bd90c158c6028a58cc8ac459,0x80845058350b8c3df5c3015d8a717d64b3bf9267,25
0x88341d1a8f672d2780c8dc725902aae72f143b0c,0x1ecd31e8fe6f783274f1e4f347b50945b4dbbe0d,24
0xdf985c6f09a69ea9b69b8cba22b4b93f805fe587,0x92a81d2d606d13ec0336bc6e29bf0ca524907eea,23
0x669691bb5d9a1744565af06615b62a08026090ce,0x19de71efaa4b3a8f6bde66297451068d61af01f9,20
0x514fc379b4ae674f74dac2a266aff608a9b6507f,0xfc840af78a496b52e378dfa94838402e1b7f71dd,15
0x648a58121dc0de4436837dc585ded4fa5fba6d3e,0xc310e760778ecbca4c65b6c559874757a4c4ece0,15
0x6c8c7539bf6a61c249c520c837ed0e19f91344dc,0x573d75e2cd4cdbad99e5fb8a599ebab3cf90fd94,15
0x88923378021bea85f9b09ce571a309e12c7d2262,0xfc840af78a496b52e378dfa94838402e1b7f71dd,14
0x83c8f28c26bf6aaca652df1dbbe0e1b56f8baba2,0x9a20cfcdc25eab32b8d21fbf8dab66f2658b791e,13
0x6c8c7539bf6a61c249c520c837ed0e19f91344dc,0x3401ea5a8d91c5e3944962c0148b08ac4a77f153,12
0x6b32ae7f5db70749543ce0cd4932abbc501a7f6f,0x25aaf13451e66f4f322a6105f7b295d1a7e9da96,11
0x28ed88c5f72c4e6dfc704f4cc71a4b7756bc4dbc,0xc6de15da3b913764a695819b9835c9ea3f80df29,10
0x46ecb3f576c31290e1a4b359fd993e36e86ef9e1,0xfc840af78a496b52e378dfa94838402e1b7f71dd,10
0x7d544a853dbcd39a53315e7002f4951a6d2f080d,0xc310e760778ecbca4c65b6c559874757a4c4ece0,10
0x88341d1a8f672d2780c8dc725902aae72f143b0c,0xc6783ef814540c0b6565982febbc0fc5bcbdd1e6,10
0xc6783ef814540c0b6565982febbc0fc5bcbdd1e6,0x88341d1a8f672d2780c8dc725902aae72f143b0c,10
0x514fc379b4ae674f74dac2a266aff608a9b6507f,0xc6de15da3b913764a695819b9835c9ea3f80df29,9
0x1731bdd386e021a7744282454887a87551725819,0x29664e652ca8f8f2d95de3b33cc0ae7247fc0aa9,7
0x71373fc3d84069e3936f99520d6cd9286a36a5d5,0x34805e6a3796fb04e82183667a78c2f7bff29170,7
0xd2bed76c047e7ef313c546eae390774335cdd676,0xfc840af78a496b52e378dfa94838402e1b7f71dd,7
0xd387a6e4e84a6c86bd90c158c6028a58cc8ac459,0x7d544a853dbcd39a53315e7002f4951a6d2f080d,7
0xd387a6e4e84a6c86bd90c158c6028a58cc8ac459,0xdf985c6f09a69ea9b69b8cba22b4b93f805fe587,7
0x573d75e2cd4cdbad99e5fb8a599ebab3cf90fd94,0x80845058350b8c3df5c3015d8a717d64b3bf9267,6
0x7d544a853dbcd39a53315e7002f4951a6d2f080d,0x19de71efaa4b3a8f6bde66297451068d61af01f9,6
0x7d544a853dbcd39a53315e7002f4951a6d2f080d,0xf43fd7a8014a2d5db5d14ba4b84318cfc5557817,6
0xc841b289918a1a7559263bc4c78af1ed15dd49c4,0x98b70ecfc2b64ba046e8b39e21b0a5f16116fed4,6
0xd387a6e4e84a6c86bd90c158c6028a58cc8ac459,0x669691bb5d9a1744565af06615b62a08026090ce,6
0xd387a6e4e84a6c86bd90c158c6028a58cc8ac459,0x698b9d56abec3faa97ffce6478a4c7ddbadd4116,6
0xd387a6e4e84a6c86bd90c158c6028a58cc8ac459,0xc6783ef814540c0b6565982febbc0fc5bcbdd1e6,6
0xe052113bd7d7700d623414a0a4585bcae754e9d5,0xdb01fedf75c733a46ae97676445b6180d8826455,6
0xf266ec07bced0c64514dc0f7ab1bbc56dc2aff9c,0xfc840af78a496b52e378dfa94838402e1b7f71dd,6
0xf43fd7a8014a2d5db5d14ba4b84318cfc5557817,0xc310e760778ecbca4c65b6c559874757a4c4ece0,6
0x25aaf13451e66f4f322a6105f7b295d1a7e9da96,0x7d544a853dbcd39a53315e7002f4951a6d2f080d,5
0x27cfb1b71a3dcd6b7f19c273b70154a516b17c4f,0xfc840af78a496b52e378dfa94838402e1b7f71dd,5
0x46ecb3f576c31290e1a4b359fd993e36e86ef9e1,0x209af07a4b6b2d15923ffa8c3d41cdac49bc6c4f,5
0x4fed1f42ba007d1f7a6f0df4ae100170adb305c6,0x7d544a853dbcd39a53315e7002f4951a6d2f080d,5
0x4fed1f42ba007d1f7a6f0df4ae100170adb305c6,0xdf985c6f09a69ea9b69b8cba22b4b93f805fe587,5
0x6c8c7539bf6a61c249c520c837ed0e19f91344dc,0xafbe89f1447a22684a4e3f1f4f941806c6d02e85,5
0x71373fc3d84069e3936f99520d6cd9286a36a5d5,0x0b8f4c4e7626a91460dac057eb43e0de59d5b44f,5
0xc5b67f12beaa7b7a106a4eddddc0d88635223915,0xfc840af78a496b52e378dfa94838402e1b7f71dd,5
0xd387a6e4e84a6c86bd90c158c6028a58cc8ac459,0x641891adbecde56492f86330dd89059c8119494d,5
0xd387a6e4e84a6c86bd90c158c6028a58cc8ac459,0xea39c551834d07ee2ee87f1ceff843c308e089af,5
0xdf985c6f09a69ea9b69b8cba22b4b93f805fe587,0xc6783ef814540c0b6565982febbc0fc5bcbdd1e6,5
0x145c01a96dcd7352a1ef00e5788c86444b369baa,0xb104371d5a2680fb0d47ea9a3aa2348392454186,4
0x44e9d011df8741be2493e99297e9ad67bb1aa85b,0x4fed1f42ba007d1f7a6f0df4ae100170adb305c6,4
0x514fc379b4ae674f74dac2a266aff608a9b6507f,0x3401ea5a8d91c5e3944962c0148b08ac4a77f153,4
0x641891adbecde56492f86330dd89059c8119494d,0x88341d1a8f672d2780c8dc725902aae72f143b0c,4
0x641891adbecde56492f86330dd89059c8119494d,0xc310e760778ecbca4c65b6c559874757a4c4ece0,4
0x88341d1a8f672d2780c8dc725902aae72f143b0c,0x641891adbecde56492f86330dd89059c8119494d,4
0xc310e760778ecbca4c65b6c559874757a4c4ece0,0x7d544a853dbcd39a53315e7002f4951a6d2f080d,4
0xc310e760778ecbca4c65b6c559874757a4c4ece0,0xf43fd7a8014a2d5db5d14ba4b84318cfc5557817,4
0xc5b67f12beaa7b7a106a4eddddc0d88635223915,0x573d75e2cd4cdbad99e5fb8a599ebab3cf90fd94,4
0xd387a6e4e84a6c86bd90c158c6028a58cc8ac459,0x02b820f6705791f62dca099acf65c3cbc5f592f1,4
0xd387a6e4e84a6c86bd90c158c6028a58cc8ac459,0x1ecd31e8fe6f783274f1e4f347b50945b4dbbe0d,4
0xd387a6e4e84a6c86bd90c158c6028a58cc8ac459,0x648a58121dc0de4436837dc585ded4fa5fba6d3e,4
0xf3e6ba583b960f7a8b395212fdce8a92a0df912c,0x7d544a853dbcd39a53315e7002f4951a6d2f080d,4
0x0356a9f78a521f4456f255d848624d90a5b91fec,0xcaffb6f7c35fc71391083c2bb725272d1f1577cf,3
0x145c01a96dcd7352a1ef00e5788c86444b369baa,0xfc840af78a496b52e378dfa94838402e1b7f71dd,3
0x25aaf13451e66f4f322a6105f7b295d1a7e9da96,0xc1ff576b9f9254230970f4db0ac4c5f8b92d07e9,3
0x25aaf13451e66f4f322a6105f7b295d1a7e9da96,0xc310e760778ecbca4c65b6c559874757a4c4ece0,3
0x29664e652ca8f8f2d95de3b33cc0ae7247fc0aa9,0x9a20cfcdc25eab32b8d21fbf8dab66f2658b791e,3
0x3401ea5a8d91c5e3944962c0148b08ac4a77f153,0xef984be913c22645bdd7dc1388b3d2b9c5744092,3
0x4fed1f42ba007d1f7a6f0df4ae100170adb305c6,0x573d75e2cd4cdbad99e5fb8a599ebab3cf90fd94,3
0x4fed1f42ba007d1f7a6f0df4ae100170adb305c6,0xfc840af78a496b52e378dfa94838402e1b7f71dd,3
0x514fc379b4ae674f74dac2a266aff608a9b6507f,0x050ee024a0ffd8b9bd383271835b27dd66c3fec3,3
0x5ea9681c3ab9b5739810f8b91ae65ec47de62119,0xc6783ef814540c0b6565982febbc0fc5bcbdd1e6,3
0x6c8c7539bf6a61c249c520c837ed0e19f91344dc,0x34805e6a3796fb04e82183667a78c2f7bff29170,3
0x71373fc3d84069e3936f99520d6cd9286a36a5d5,0xafbe89f1447a22684a4e3f1f4f941806c6d02e85,3
0x7d544a853dbcd39a53315e7002f4951a6d2f080d,0xc1ff576b9f9254230970f4db0ac4c5f8b92d07e9,3
0x88923378021bea85f9b09ce571a309e12c7d2262,0x34805e6a3796fb04e82183667a78c2f7bff29170,3
0x88923378021bea85f9b09ce571a309e12c7d2262,0x573d75e2cd4cdbad99e5fb8a599ebab3cf90fd94,3
0xb98217f7f050aad1696467a1559e726381879f33,0x2e90606d7c5f13bbabd54188c9c84f58ab400570,3
0xb98217f7f050aad1696467a1559e726381879f33,0x7d544a853dbcd39a53315e7002f4951a6d2f080d,3
0xc310e760778ecbca4c65b6c559874757a4c4ece0,0x2e90606d7c5f13bbabd54188c9c84f58ab400570,3
0xc310e760778ecbca4c65b6c559874757a4c4ece0,0x641891adbecde56492f86330dd89059c8119494d,3
0xc6783ef814540c0b6565982febbc0fc5bcbdd1e6,0x641891adbecde56492f86330dd89059c8119494d,3
0xc6de15da3b913764a695819b9835c9ea3f80df29,0xff0bd4aa3496739d5667adc10e2b843dfab5712b,3
0xcf7489d0088de39ae2e401d76658ac1a67481698,0xdf985c6f09a69ea9b69b8cba22b4b93f805fe587,3
0xd387a6e4e84a6c86bd90c158c6028a58cc8ac459,0x58fb0028b21a60d405632a36f0e57d6875e21f11,3
0xd387a6e4e84a6c86bd90c158c6028a58cc8ac459,0xa05bca6f6d9c0bc2c3a597ac3f800eaf502aca66,3
0xd387a6e4e84a6c86bd90c158c6028a58cc8ac459,0xc1ff576b9f9254230970f4db0ac4c5f8b92d07e9,3
0xd387a6e4e84a6c86bd90c158c6028a58cc8ac459,0xdb01fedf75c733a46ae97676445b6180d8826455,3
0xd387a6e4e84a6c86bd90c158c6028a58cc8ac459,0xe052113bd7d7700d623414a0a4585bcae754e9d5,3
0x02b820f6705791f62dca099acf65c3cbc5f592f1,0x80845058350b8c3df5c3015d8a717d64b3bf9267,2
0x050ee024a0ffd8b9bd383271835b27dd66c3fec3,0x7d544a853dbcd39a53315e7002f4951a6d2f080d,2
0x0b8f4c4e7626a91460dac057eb43e0de59d5b44f,0x698b9d56abec3faa97ffce6478a4c7ddbadd4116,2
0x0b8f4c4e7626a91460dac057eb43e0de59d5b44f,0x6d549e7dad7b29b6b2b427077ba995f161a81ee1,2
0x0b8f4c4e7626a91460dac057eb43e0de59d5b44f,0xd2d628156b947751a43c1c2132f6954bb45b30b2,2
0x0b8f4c4e7626a91460dac057eb43e0de59d5b44f,0xdf985c6f09a69ea9b69b8cba22b4b93f805fe587,2
0x0b8f4c4e7626a91460dac057eb43e0de59d5b44f,0xff0bd4aa3496739d5667adc10e2b843dfab5712b,2
0x145c01a96dcd7352a1ef00e5788c86444b369baa,0x0b8f4c4e7626a91460dac057eb43e0de59d5b44f,2
0x145c01a96dcd7352a1ef00e5788c86444b369baa,0x19010d5d3db8658af6cec235177d475a1839a89e,2
0x145c01a96dcd7352a1ef00e5788c86444b369baa,0x6c8c7539bf6a61c249c520c837ed0e19f91344dc,2
0x1731bdd386e021a7744282454887a87551725819,0x7d544a853dbcd39a53315e7002f4951a6d2f080d,2
0x1ecd31e8fe6f783274f1e4f347b50945b4dbbe0d,0x641891adbecde56492f86330dd89059c8119494d,2
0x1ecd31e8fe6f783274f1e4f347b50945b4dbbe0d,0x83c8f28c26bf6aaca652df1dbbe0e1b56f8baba2,2
0x1ecd31e8fe6f783274f1e4f347b50945b4dbbe0d,0xc310e760778ecbca4c65b6c559874757a4c4ece0,2
0x27cfb1b71a3dcd6b7f19c273b70154a516b17c4f,0xc6de15da3b913764a695819b9835c9ea3f80df29,2
0x28ed88c5f72c4e6dfc704f4cc71a4b7756bc4dbc,0x3aa161fb1bec7f4d02092e9ede301369160e8037,2
0x28ed88c5f72c4e6dfc704f4cc71a4b7756bc4dbc,0x4fed1f42ba007d1f7a6f0df4ae100170adb305c6,2
0x28ed88c5f72c4e6dfc704f4cc71a4b7756bc4dbc,0x573d75e2cd4cdbad99e5fb8a599ebab3cf90fd94,2
0x28ed88c5f72c4e6dfc704f4cc71a4b7756bc4dbc,0xb104371d5a2680fb0d47ea9a3aa2348392454186,2
0x2a693ccbda744faf14ecb7c28bd811927bea61a7,0x80845058350b8c3df5c3015d8a717d64b3bf9267,2
0x2e90606d7c5f13bbabd54188c9c84f58ab400570,0x7d544a853dbcd39a53315e7002f4951a6d2f080d,2
0x3401ea5a8d91c5e3944962c0148b08ac4a77f153,0xfc840af78a496b52e378dfa94838402e1b7f71dd,2
0x44e9d011df8741be2493e99297e9ad67bb1aa85b,0x41f28a84698d20a95966adb27214b732155df3a9,2
0x44e9d011df8741be2493e99297e9ad67bb1aa85b,0xa802632240b0aec7d413c0b94f93932ae099e638,2
0x44e9d011df8741be2493e99297e9ad67bb1aa85b,0xcf7489d0088de39ae2e401d76658ac1a67481698,2
0x46ecb3f576c31290e1a4b359fd993e36e86ef9e1,0x19010d5d3db8658af6cec235177d475a1839a89e,2
0x46ecb3f576c31290e1a4b359fd993e36e86ef9e1,0xc6de15da3b913764a695819b9835c9ea3f80df29,2
0x4fed1f42ba007d1f7a6f0df4ae100170adb305c6,0x6d549e7dad7b29b6b2b427077ba995f161a81ee1,2
0x4fed1f42ba007d1f7a6f0df4ae100170adb305c6,0xff0bd4aa3496739d5667adc10e2b843dfab5712b,2
0x514fc379b4ae674f74dac2a266aff608a9b6507f,0x19010d5d3db8658af6cec235177d475a1839a89e,2
0x514fc379b4ae674f74dac2a266aff608a9b6507f,0x209af07a4b6b2d15923ffa8c3d41cdac49bc6c4f,2
0x5d646abb4d59194e5ce49a07ef0753281f324909,0x4fed1f42ba007d1f7a6f0df4ae100170adb305c6,2
0x641891adbecde56492f86330dd89059c8119494d,0xf43fd7a8014a2d5db5d14ba4b84318cfc5557817,2
0x648a58121dc0de4436837dc585ded4fa5fba6d3e,0xb2e0dd9b613c28835adf5d2893fc8f2812f5af00,2
0x6cc68283d4e303df5aa07b72bdeca465fc252a30,0x1731bdd386e021a7744282454887a87551725819,2
0x71373fc3d84069e3936f99520d6cd9286a36a5d5,0x19010d5d3db8658af6cec235177d475a1839a89e,2
0x71373fc3d84069e3936f99520d6cd9286a36a5d5,0x3401ea5a8d91c5e3944962c0148b08ac4a77f153,2
0x71373fc3d84069e3936f99520d6cd9286a36a5d5,0x573d75e2cd4cdbad99e5fb8a599ebab3cf90fd94,2
0x7d544a853dbcd39a53315e7002f4951a6d2f080d,0x25aaf13451e66f4f322a6105f7b295d1a7e9da96,2
0x7d544a853dbcd39a53315e7002f4951a6d2f080d,0x4fed1f42ba007d1f7a6f0df4ae100170adb305c6,2
0x7d544a853dbcd39a53315e7002f4951a6d2f080d,0xb98217f7f050aad1696467a1559e726381879f33,2
0x7d544a853dbcd39a53315e7002f4951a6d2f080d,0xdb01fedf75c733a46ae97676445b6180d8826455,2
0x7d544a853dbcd39a53315e7002f4951a6d2f080d,0xdf985c6f09a69ea9b69b8cba22b4b93f805fe587,2
0xa802632240b0aec7d413c0b94f93932ae099e638,0x99c68a628f4397c014cd2096ce564f711c404831,2
0xb104371d5a2680fb0d47ea9a3aa2348392454186,0x698b9d56abec3faa97ffce6478a4c7ddbadd4116,2
0xc310e760778ecbca4c65b6c559874757a4c4ece0,0x25aaf13451e66f4f322a6105f7b295d1a7e9da96,2
0xc310e760778ecbca4c65b6c559874757a4c4ece0,0x648a58121dc0de4436837dc585ded4fa5fba6d3e,2
0xc310e760778ecbca4c65b6c559874757a4c4ece0,0xc6783ef814540c0b6565982febbc0fc5bcbdd1e6,2
0xc5b67f12beaa7b7a106a4eddddc0d88635223915,0x06807d7e07290be6adbacd6f209c4ced6f183d74,2
0xc6783ef814540c0b6565982febbc0fc5bcbdd1e6,0xc1ff576b9f9254230970f4db0ac4c5f8b92d07e9,2
0xc6783ef814540c0b6565982febbc0fc5bcbdd1e6,0xc310e760778ecbca4c65b6c559874757a4c4ece0,2
0xc6de15da3b913764a695819b9835c9ea3f80df29,0xef984be913c22645bdd7dc1388b3d2b9c5744092,2
0xc841b289918a1a7559263bc4c78af1ed15dd49c4,0x527b5f4d7d3486094b2524b71d339c4dc84e0ac8,2
0xd2bed76c047e7ef313c546eae390774335cdd676,0x34805e6a3796fb04e82183667a78c2f7bff29170,2
0xd2bed76c047e7ef313c546eae390774335cdd676,0x4fed1f42ba007d1f7a6f0df4ae100170adb305c6,2
0xd387a6e4e84a6c86bd90c158c6028a58cc8ac459,0x17e31bf839acb700e0f584797574a2c1fde46d0b,2
0xd387a6e4e84a6c86bd90c158c6028a58cc8ac459,0x25aaf13451e66f4f322a6105f7b295d1a7e9da96,2
0xd387a6e4e84a6c86bd90c158c6028a58cc8ac459,0x2e90606d7c5f13bbabd54188c9c84f58ab400570,2
0xd387a6e4e84a6c86bd90c158c6028a58cc8ac459,0x6b32ae7f5db70749543ce0cd4932abbc501a7f6f,2
0xd387a6e4e84a6c86bd90c158c6028a58cc8ac459,0x7499003740393bec0ece8745e099c2eb3f59dc9d,2
0xe1993e7689fd09d90ef515e931f374105d047388,0xdf985c6f09a69ea9b69b8cba22b4b93f805fe587,2
0xe4855ea1e26865247d412c0891184b535e2fb849,0xb6dbbb6ddf875cb0b7d4328e2d8c33632173f295,2
0xe4855ea1e26865247d412c0891184b535e2fb849,0xf8151729e887bcf72c082a7dac26c10e36bc0678,2
0xef984be913c22645bdd7dc1388b3d2b9c5744092,0xf3e6ba583b960f7a8b395212fdce8a92a0df912c,2
0xf266ec07bced0c64514dc0f7ab1bbc56dc2aff9c,0x573d75e2cd4cdbad99e5fb8a599ebab3cf90fd94,2
0x011ea68c15f4a8316da45c1e7844311cdd0ba149,0x06807d7e07290be6adbacd6f209c4ced6f183d74,1
0x011ea68c15f4a8316da45c1e7844311cdd0ba149,0x641891adbecde56492f86330dd89059c8119494d,1
0x011ea68c15f4a8316da45c1e7844311cdd0ba149,0x698b9d56abec3faa97ffce6478a4c7ddbadd4116,1
0x011ea68c15f4a8316da45c1e7844311cdd0ba149,0x7499003740393bec0ece8745e099c2eb3f59dc9d,1
0x011ea68c15f4a8316da45c1e7844311cdd0ba149,0xb2e0dd9b613c28835adf5d2893fc8f2812f5af00,1
0x011ea68c15f4a8316da45c1e7844311cdd0ba149,0xcf7489d0088de39ae2e401d76658ac1a67481698,1
0x02b820f6705791f62dca099acf65c3cbc5f592f1,0x6cc68283d4e303df5aa07b72bdeca465fc252a30,1
0x02b820f6705791f62dca099acf65c3cbc5f592f1,0xadea5bd7cd91974d02777d8b8537dab5654d7267,1
0x02b820f6705791f62dca099acf65c3cbc5f592f1,0xfc840af78a496b52e378dfa94838402e1b7f71dd,1
0x0356a9f78a521f4456f255d848624d90a5b91fec,0x573d75e2cd4cdbad99e5fb8a599ebab3cf90fd94,1
0x0356a9f78a521f4456f255d848624d90a5b91fec,0x6cc68283d4e303df5aa07b72bdeca465fc252a30,1
0x0356a9f78a521f4456f255d848624d90a5b91fec,0x7499003740393bec0ece8745e099c2eb3f59dc9d,1
0x0356a9f78a521f4456f255d848624d90a5b91fec,0x7d544a853dbcd39a53315e7002f4951a6d2f080d,1
0x0356a9f78a521f4456f255d848624d90a5b91fec,0xdf985c6f09a69ea9b69b8cba22b4b93f805fe587,1
0x0356a9f78a521f4456f255d848624d90a5b91fec,0xfc840af78a496b52e378dfa94838402e1b7f71dd,1
0x050ee024a0ffd8b9bd383271835b27dd66c3fec3,0x1731bdd386e021a7744282454887a87551725819,1
0x050ee024a0ffd8b9bd383271835b27dd66c3fec3,0x44e9d011df8741be2493e99297e9ad67bb1aa85b,1
0x050ee024a0ffd8b9bd383271835b27dd66c3fec3,0xc6783ef814540c0b6565982febbc0fc5bcbdd1e6,1
0x050ee024a0ffd8b9bd383271835b27dd66c3fec3,0xcae62b9dbb0bbcc3f64cc95aa084c8f015e894ee,1
0x050ee024a0ffd8b9bd383271835b27dd66c3fec3,0xdf985c6f09a69ea9b69b8cba22b4b93f805fe587,1
0x050ee024a0ffd8b9bd383271835b27dd66c3fec3,0xf8151729e887bcf72c082a7dac26c10e36bc0678,1
0x06807d7e07290be6adbacd6f209c4ced6f183d74,0x573d75e2cd4cdbad99e5fb8a599ebab3cf90fd94,1
0x06807d7e07290be6adbacd6f209c4ced6f183d74,0x6cc68283d4e303df5aa07b72bdeca465fc252a30,1
0x06807d7e07290be6adbacd6f209c4ced6f183d74,0x6d549e7dad7b29b6b2b427077ba995f161a81ee1,1
0x06807d7e07290be6adbacd6f209c4ced6f183d74,0xc1ff576b9f9254230970f4db0ac4c5f8b92d07e9,1
0x06807d7e07290be6adbacd6f209c4ced6f183d74,0xdf985c6f09a69ea9b69b8cba22b4b93f805fe587,1
0x06807d7e07290be6adbacd6f209c4ced6f183d74,0xe052113bd7d7700d623414a0a4585bcae754e9d5,1
0x06807d7e07290be6adbacd6f209c4ced6f183d74,0xe1993e7689fd09d90ef515e931f374105d047388,1
0x06807d7e07290be6adbacd6f209c4ced6f183d74,0xfc840af78a496b52e378dfa94838402e1b7f71dd,1
0x0b8f4c4e7626a91460dac057eb43e0de59d5b44f,0x4fed1f42ba007d1f7a6f0df4ae100170adb305c6,1
0x0b8f4c4e7626a91460dac057eb43e0de59d5b44f,0x58fb0028b21a60d405632a36f0e57d6875e21f11,1
0x0b8f4c4e7626a91460dac057eb43e0de59d5b44f,0x641891adbecde56492f86330dd89059c8119494d,1
0x0b8f4c4e7626a91460dac057eb43e0de59d5b44f,0x669691bb5d9a1744565af06615b62a08026090ce,1
0x0b8f4c4e7626a91460dac057eb43e0de59d5b44f,0x6b32ae7f5db70749543ce0cd4932abbc501a7f6f,1
0x0b8f4c4e7626a91460dac057eb43e0de59d5b44f,0x7d544a853dbcd39a53315e7002f4951a6d2f080d,1
0x0b8f4c4e7626a91460dac057eb43e0de59d5b44f,0xc1ff576b9f9254230970f4db0ac4c5f8b92d07e9,1
0x0b8f4c4e7626a91460dac057eb43e0de59d5b44f,0xc6783ef814540c0b6565982febbc0fc5bcbdd1e6,1
0x0b8f4c4e7626a91460dac057eb43e0de59d5b44f,0xdb01fedf75c733a46ae97676445b6180d8826455,1
0x145c01a96dcd7352a1ef00e5788c86444b369baa,0x4fed1f42ba007d1f7a6f0df4ae100170adb305c6,1
0x145c01a96dcd7352a1ef00e5788c86444b369baa,0xc6783ef814540c0b6565982febbc0fc5bcbdd1e6,1
0x1731bdd386e021a7744282454887a87551725819,0x02b820f6705791f62dca099acf65c3cbc5f592f1,1
0x1731bdd386e021a7744282454887a87551725819,0x22ee6679a6c5ed77059f66081716c39993088daf,1
0x1731bdd386e021a7744282454887a87551725819,0x25aaf13451e66f4f322a6105f7b295d1a7e9da96,1
0x1731bdd386e021a7744282454887a87551725819,0x2e90606d7c5f13bbabd54188c9c84f58ab400570,1
0x1731bdd386e021a7744282454887a87551725819,0x6b32ae7f5db70749543ce0cd4932abbc501a7f6f,1
0x1731bdd386e021a7744282454887a87551725819,0xc310e760778ecbca4c65b6c559874757a4c4ece0,1
0x1731bdd386e021a7744282454887a87551725819,0xf43fd7a8014a2d5db5d14ba4b84318cfc5557817,1
0x17e31bf839acb700e0f584797574a2c1fde46d0b,0x7d544a853dbcd39a53315e7002f4951a6d2f080d,1
0x17e31bf839acb700e0f584797574a2c1fde46d0b,0xb2e0dd9b613c28835adf5d2893fc8f2812f5af00,1
0x19010d5d3db8658af6cec235177d475a1839a89e,0x06807d7e07290be6adbacd6f209c4ced6f183d74,1
0x19010d5d3db8658af6cec235177d475a1839a89e,0x573d75e2cd4cdbad99e5fb8a599ebab3cf90fd94,1
0x19010d5d3db8658af6cec235177d475a1839a89e,0x698b9d56abec3faa97ffce6478a4c7ddbadd4116,1
0x19010d5d3db8658af6cec235177d475a1839a89e,0xcae9ef9ea4470703bad828cd623a0c5f1da7d0b1,1
0x19010d5d3db8658af6cec235177d475a1839a89e,0xef984be913c22645bdd7dc1388b3d2b9c5744092,1
0x19010d5d3db8658af6cec235177d475a1839a89e,0xfc840af78a496b52e378dfa94838402e1b7f71dd,1
0x19de71efaa4b3a8f6bde66297451068d61af01f9,0x83c8f28c26bf6aaca652df1dbbe0e1b56f8baba2,1
0x1ecd31e8fe6f783274f1e4f347b50945b4dbbe0d,0x2a693ccbda744faf14ecb7c28bd811927bea61a7,1
0x1ecd31e8fe6f783274f1e4f347b50945b4dbbe0d,0x80845058350b8c3df5c3015d8a717d64b3bf9267,1
0x1ecd31e8fe6f783274f1e4f347b50945b4dbbe0d,0xb6dbbb6ddf875cb0b7d4328e2d8c33632173f295,1
0x1ecd31e8fe6f783274f1e4f347b50945b4dbbe0d,0xdf985c6f09a69ea9b69b8cba22b4b93f805fe587,1
0x209af07a4b6b2d15923ffa8c3d41cdac49bc6c4f,0x06807d7e07290be6adbacd6f209c4ced6f183d74,1
0x209af07a4b6b2d15923ffa8c3d41cdac49bc6c4f,0x45602bfba960277bf917c1b2007d1f03d7bd29e4,1
0x209af07a4b6b2d15923ffa8c3d41cdac49bc6c4f,0x698b9d56abec3faa97ffce6478a4c7ddbadd4116,1
0x209af07a4b6b2d15923ffa8c3d41cdac49bc6c4f,0xdf985c6f09a69ea9b69b8cba22b4b93f805fe587,1
0x22ee6679a6c5ed77059f66081716c39993088daf,0x669691bb5d9a1744565af06615b62a08026090ce,1
0x22ee6679a6c5ed77059f66081716c39993088daf,0x80845058350b8c3df5c3015d8a717d64b3bf9267,1
0x22ee6679a6c5ed77059f66081716c39993088daf,0xb6dbbb6ddf875cb0b7d4328e2d8c33632173f295,1
0x22ee6679a6c5ed77059f66081716c39993088daf,0xc1ff576b9f9254230970f4db0ac4c5f8b92d07e9,1
0x25aaf13451e66f4f322a6105f7b295d1a7e9da96,0x1731bdd386e021a7744282454887a87551725819,1
0x25aaf13451e66f4f322a6105f7b295d1a7e9da96,0x2e90606d7c5f13bbabd54188c9c84f58ab400570,1
0x25aaf13451e66f4f322a6105f7b295d1a7e9da96,0x648a58121dc0de4436837dc585ded4fa5fba6d3e,1
0x25aaf13451e66f4f322a6105f7b295d1a7e9da96,0x80845058350b8c3df5c3015d8a717d64b3bf9267,1
0x25aaf13451e66f4f322a6105f7b295d1a7e9da96,0xd387a6e4e84a6c86bd90c158c6028a58cc8ac459,1
0x25aaf13451e66f4f322a6105f7b295d1a7e9da96,0xf43fd7a8014a2d5db5d14ba4b84318cfc5557817,1
0x27cfb1b71a3dcd6b7f19c273b70154a516b17c4f,0x06807d7e07290be6adbacd6f209c4ced6f183d74,1
0x27cfb1b71a3dcd6b7f19c273b70154a516b17c4f,0x3401ea5a8d91c5e3944962c0148b08ac4a77f153,1
0x27cfb1b71a3dcd6b7f19c273b70154a516b17c4f,0x4fed1f42ba007d1f7a6f0df4ae100170adb305c6,1
0x27cfb1b71a3dcd6b7f19c273b70154a516b17c4f,0x641891adbecde56492f86330dd89059c8119494d,1
0x27cfb1b71a3dcd6b7f19c273b70154a516b17c4f,0x7d544a853dbcd39a53315e7002f4951a6d2f080d,1
0x27cfb1b71a3dcd6b7f19c273b70154a516b17c4f,0xafbe89f1447a22684a4e3f1f4f941806c6d02e85,1
0x27cfb1b71a3dcd6b7f19c273b70154a516b17c4f,0xcaffb6f7c35fc71391083c2bb725272d1f1577cf,1
0x28ed88c5f72c4e6dfc704f4cc71a4b7756bc4dbc,0x17e31bf839acb700e0f584797574a2c1fde46d0b,1
0x28ed88c5f72c4e6dfc704f4cc71a4b7756bc4dbc,0x19010d5d3db8658af6cec235177d475a1839a89e,1
0x28ed88c5f72c4e6dfc704f4cc71a4b7756bc4dbc,0x1ecd31e8fe6f783274f1e4f347b50945b4dbbe0d,1
0x28ed88c5f72c4e6dfc704f4cc71a4b7756bc4dbc,0x209af07a4b6b2d15923ffa8c3d41cdac49bc6c4f,1
0x28ed88c5f72c4e6dfc704f4cc71a4b7756bc4dbc,0x34805e6a3796fb04e82183667a78c2f7bff29170,1
0x28ed88c5f72c4e6dfc704f4cc71a4b7756bc4dbc,0x6c8c7539bf6a61c249c520c837ed0e19f91344dc,1
0x28ed88c5f72c4e6dfc704f4cc71a4b7756bc4dbc,0x98b70ecfc2b64ba046e8b39e21b0a5f16116fed4,1
0x28ed88c5f72c4e6dfc704f4cc71a4b7756bc4dbc,0xa05bca6f6d9c0bc2c3a597ac3f800eaf502aca66,1
0x28ed88c5f72c4e6dfc704f4cc71a4b7756bc4dbc,0xc6783ef814540c0b6565982febbc0fc5bcbdd1e6,1
0x28ed88c5f72c4e6dfc704f4cc71a4b7756bc4dbc,0xef984be913c22645bdd7dc1388b3d2b9c5744092,1
0x28ed88c5f72c4e6dfc704f4cc71a4b7756bc4dbc,0xfc840af78a496b52e378dfa94838402e1b7f71dd,1
0x29664e652ca8f8f2d95de3b33cc0ae7247fc0aa9,0xdb01fedf75c733a46ae97676445b6180d8826455,1
0x2e90606d7c5f13bbabd54188c9c84f58ab400570,0x80845058350b8c3df5c3015d8a717d64b3bf9267,1
0x2e90606d7c5f13bbabd54188c9c84f58ab400570,0x9a20cfcdc25eab32b8d21fbf8dab66f2658b791e,1
0x2e90606d7c5f13bbabd54188c9c84f58ab400570,0xb98217f7f050aad1696467a1559e726381879f33,1
0x3401ea5a8d91c5e3944962c0148b08ac4a77f153,0x3ddb1781526db72d058f9bc19c4acd65ba42e083,1
0x3401ea5a8d91c5e3944962c0148b08ac4a77f153,0x5d646abb4d59194e5ce49a07ef0753281f324909,1
0x3401ea5a8d91c5e3944962c0148b08ac4a77f153,0xd2d628156b947751a43c1c2132f6954bb45b30b2,1
0x34805e6a3796fb04e82183667a78c2f7bff29170,0x45602bfba960277bf917c1b2007d1f03d7bd29e4,1
0x34805e6a3796fb04e82183667a78c2f7bff29170,0x7d544a853dbcd39a53315e7002f4951a6d2f080d,1
0x34805e6a3796fb04e82183667a78c2f7bff29170,0x80845058350b8c3df5c3015d8a717d64b3bf9267,1
0x34805e6a3796fb04e82183667a78c2f7bff29170,0x92041c816fa960e2352f49ac118771307c416a17,1
0x34805e6a3796fb04e82183667a78c2f7bff29170,0xadea5bd7cd91974d02777d8b8537dab5654d7267,1
0x34805e6a3796fb04e82183667a78c2f7bff29170,0xc077db9b40cac461c5d462c5d17493002a3f68fa,1
0x34805e6a3796fb04e82183667a78c2f7bff29170,0xdf985c6f09a69ea9b69b8cba22b4b93f805fe587,1
0x34805e6a3796fb04e82183667a78c2f7bff29170,0xe052113bd7d7700d623414a0a4585bcae754e9d5,1
0x34805e6a3796fb04e82183667a78c2f7bff29170,0xf43fd7a8014a2d5db5d14ba4b84318cfc5557817,1
0x34805e6a3796fb04e82183667a78c2f7bff29170,0xff0bd4aa3496739d5667adc10e2b843dfab5712b,1
0x3aa161fb1bec7f4d02092e9ede301369160e8037,0x1ecd31e8fe6f783274f1e4f347b50945b4dbbe0d,1
0x3aa161fb1bec7f4d02092e9ede301369160e8037,0x45602bfba960277bf917c1b2007d1f03d7bd29e4,1
0x3aa161fb1bec7f4d02092e9ede301369160e8037,0x4fed1f42ba007d1f7a6f0df4ae100170adb305c6,1
0x3aa161fb1bec7f4d02092e9ede301369160e8037,0xef984be913c22645bdd7dc1388b3d2b9c5744092,1
0x3ddb1781526db72d058f9bc19c4acd65ba42e083,0x41f28a84698d20a95966adb27214b732155df3a9,1
0x3ddb1781526db72d058f9bc19c4acd65ba42e083,0x92041c816fa960e2352f49ac118771307c416a17,1
0x41f28a84698d20a95966adb27214b732155df3a9,0x669691bb5d9a1744565af06615b62a08026090ce,1
0x44e9d011df8741be2493e99297e9ad67bb1aa85b,0x050ee024a0ffd8b9bd383271835b27dd66c3fec3,1
0x44e9d011df8741be2493e99297e9ad67bb1aa85b,0x3aa161fb1bec7f4d02092e9ede301369160e8037,1
0x44e9d011df8741be2493e99297e9ad67bb1aa85b,0x45602bfba960277bf917c1b2007d1f03d7bd29e4,1
0x44e9d011df8741be2493e99297e9ad67bb1aa85b,0x5d646abb4d59194e5ce49a07ef0753281f324909,1
0x44e9d011df8741be2493e99297e9ad67bb1aa85b,0x6b32ae7f5db70749543ce0cd4932abbc501a7f6f,1
0x44e9d011df8741be2493e99297e9ad67bb1aa85b,0x7d544a853dbcd39a53315e7002f4951a6d2f080d,1
0x44e9d011df8741be2493e99297e9ad67bb1aa85b,0xba150b459ba84d81246908e57cb0f0e88c3756ef,1
0x44e9d011df8741be2493e99297e9ad67bb1aa85b,0xcaffb6f7c35fc71391083c2bb725272d1f1577cf,1
0x44e9d011df8741be2493e99297e9ad67bb1aa85b,0xfc840af78a496b52e378dfa94838402e1b7f71dd,1
0x44e9d011df8741be2493e99297e9ad67bb1aa85b,0xff0bd4aa3496739d5667adc10e2b843dfab5712b,1
0x46ecb3f576c31290e1a4b359fd993e36e86ef9e1,0x34805e6a3796fb04e82183667a78c2f7bff29170,1
0x46ecb3f576c31290e1a4b359fd993e36e86ef9e1,0x3ddb1781526db72d058f9bc19c4acd65ba42e083,1
0x46ecb3f576c31290e1a4b359fd993e36e86ef9e1,0x7d544a853dbcd39a53315e7002f4951a6d2f080d,1
0x46ecb3f576c31290e1a4b359fd993e36e86ef9e1,0xdf985c6f09a69ea9b69b8cba22b4b93f805fe587,1
0x4fed1f42ba007d1f7a6f0df4ae100170adb305c6,0x06807d7e07290be6adbacd6f209c4ced6f183d74,1
0x4fed1f42ba007d1f7a6f0df4ae100170adb305c6,0x17e31bf839acb700e0f584797574a2c1fde46d0b,1
0x4fed1f42ba007d1f7a6f0df4ae100170adb305c6,0x1ecd31e8fe6f783274f1e4f347b50945b4dbbe0d,1
0x4fed1f42ba007d1f7a6f0df4ae100170adb305c6,0x3ddb1781526db72d058f9bc19c4acd65ba42e083,1
0x4fed1f42ba007d1f7a6f0df4ae100170adb305c6,0x570ff649bb5ae8e032a4f9456aa1ad74cc3f3e8f,1
0x4fed1f42ba007d1f7a6f0df4ae100170adb305c6,0x641891adbecde56492f86330dd89059c8119494d,1
0x4fed1f42ba007d1f7a6f0df4ae100170adb305c6,0x698b9d56abec3faa97ffce6478a4c7ddbadd4116,1
0x4fed1f42ba007d1f7a6f0df4ae100170adb305c6,0x92041c816fa960e2352f49ac118771307c416a17,1
0x4fed1f42ba007d1f7a6f0df4ae100170adb305c6,0x92a81d2d606d13ec0336bc6e29bf0ca524907eea,1
0x4fed1f42ba007d1f7a6f0df4ae100170adb305c6,0xa05bca6f6d9c0bc2c3a597ac3f800eaf502aca66,1
0x4fed1f42ba007d1f7a6f0df4ae100170adb305c6,0xadea5bd7cd91974d02777d8b8537dab5654d7267,1
0x4fed1f42ba007d1f7a6f0df4ae100170adb305c6,0xc6783ef814540c0b6565982febbc0fc5bcbdd1e6,1
0x4fed1f42ba007d1f7a6f0df4ae100170adb305c6,0xd2d628156b947751a43c1c2132f6954bb45b30b2,1
0x4fed1f42ba007d1f7a6f0df4ae100170adb305c6,0xdb01fedf75c733a46ae97676445b6180d8826455,1
0x514fc379b4ae674f74dac2a266aff608a9b6507f,0x34805e6a3796fb04e82183667a78c2f7bff29170,1
0x514fc379b4ae674f74dac2a266aff608a9b6507f,0x3aa161fb1bec7f4d02092e9ede301369160e8037,1
0x514fc379b4ae674f74dac2a266aff608a9b6507f,0x45602bfba960277bf917c1b2007d1f03d7bd29e4,1
0x514fc379b4ae674f74dac2a266aff608a9b6507f,0x573d75e2cd4cdbad99e5fb8a599ebab3cf90fd94,1
0x514fc379b4ae674f74dac2a266aff608a9b6507f,0x7d544a853dbcd39a53315e7002f4951a6d2f080d,1
0x514fc379b4ae674f74dac2a266aff608a9b6507f,0xafbe89f1447a22684a4e3f1f4f941806c6d02e85,1
0x514fc379b4ae674f74dac2a266aff608a9b6507f,0xdf985c6f09a69ea9b69b8cba22b4b93f805fe587,1
0x527b5f4d7d3486094b2524b71d339c4dc84e0ac8,0x209af07a4b6b2d15923ffa8c3d41cdac49bc6c4f,1
0x527b5f4d7d3486094b2524b71d339c4dc84e0ac8,0x641891adbecde56492f86330dd89059c8119494d,1
0x527b5f4d7d3486094b2524b71d339c4dc84e0ac8,0x7d544a853dbcd39a53315e7002f4951a6d2f080d,1
0x527b5f4d7d3486094b2524b71d339c4dc84e0ac8,0xafbe89f1447a22684a4e3f1f4f941806c6d02e85,1
0x527b5f4d7d3486094b2524b71d339c4dc84e0ac8,0xcaffb6f7c35fc71391083c2bb725272d1f1577cf,1
0x527b5f4d7d3486094b2524b71d339c4dc84e0ac8,0xdb01fedf75c733a46ae97676445b6180d8826455,1
0x527b5f4d7d3486094b2524b71d339c4dc84e0ac8,0xdf985c6f09a69ea9b69b8cba22b4b93f805fe587,1
0x527b5f4d7d3486094b2524b71d339c4dc84e0ac8,0xff0bd4aa3496739d5667adc10e2b843dfab5712b,1
0x570ff649bb5ae8e032a4f9456aa1ad74cc3f3e8f,0x06807d7e07290be6adbacd6f209c4ced6f183d74,1
0x570ff649bb5ae8e032a4f9456aa1ad74cc3f3e8f,0x45602bfba960277bf917c1b2007d1f03d7bd29e4,1
0x570ff649bb5ae8e032a4f9456aa1ad74cc3f3e8f,0x4fed1f42ba007d1f7a6f0df4ae100170adb305c6,1
0x570ff649bb5ae8e032a4f9456aa1ad74cc3f3e8f,0x698b9d56abec3faa97ffce6478a4c7ddbadd4116,1
0x570ff649bb5ae8e032a4f9456aa1ad74cc3f3e8f,0x7499003740393bec0ece8745e099c2eb3f59dc9d,1
0x570ff649bb5ae8e032a4f9456aa1ad74cc3f3e8f,0xc1ff576b9f9254230970f4db0ac4c5f8b92d07e9,1
0x570ff649bb5ae8e032a4f9456aa1ad74cc3f3e8f,0xdf985c6f09a69ea9b69b8cba22b4b93f805fe587,1
0x570ff649bb5ae8e032a4f9456aa1ad74cc3f3e8f,0xfc840af78a496b52e378dfa94838402e1b7f71dd,1
0x570ff649bb5ae8e032a4f9456aa1ad74cc3f3e8f,0xff0bd4aa3496739d5667adc10e2b843dfab5712b,1
0x58fb0028b21a60d405632a36f0e57d6875e21f11,0x25aaf13451e66f4f322a6105f7b295d1a7e9da96,1
0x58fb0028b21a60d405632a36f0e57d6875e21f11,0xe052113bd7d7700d623414a0a4585bcae754e9d5,1
0x5d646abb4d59194e5ce49a07ef0753281f324909,0xa05bca6f6d9c0bc2c3a597ac3f800eaf502aca66,1
0x5ea9681c3ab9b5739810f8b91ae65ec47de62119,0x92041c816fa960e2352f49ac118771307c416a17,1
0x641891adbecde56492f86330dd89059c8119494d,0x4fed1f42ba007d1f7a6f0df4ae100170adb305c6,1
0x641891adbecde56492f86330dd89059c8119494d,0x98b70ecfc2b64ba046e8b39e21b0a5f16116fed4,1
0x641891adbecde56492f86330dd89059c8119494d,0xa05bca6f6d9c0bc2c3a597ac3f800eaf502aca66,1
0x641891adbecde56492f86330dd89059c8119494d,0xafbe89f1447a22684a4e3f1f4f941806c6d02e85,1
0x641891adbecde56492f86330dd89059c8119494d,0xc6783ef814540c0b6565982febbc0fc5bcbdd1e6,1
0x641891adbecde56492f86330dd89059c8119494d,0xdb01fedf75c733a46ae97676445b6180d8826455,1
0x641891adbecde56492f86330dd89059c8119494d,0xfc840af78a496b52e378dfa94838402e1b7f71dd,1
0x648a58121dc0de4436837dc585ded4fa5fba6d3e,0x19de71efaa4b3a8f6bde66297451068d61af01f9,1
0x648a58121dc0de4436837dc585ded4fa5fba6d3e,0x25aaf13451e66f4f322a6105f7b295d1a7e9da96,1
0x648a58121dc0de4436837dc585ded4fa5fba6d3e,0x7d544a853dbcd39a53315e7002f4951a6d2f080d,1
0x648a58121dc0de4436837dc585ded4fa5fba6d3e,0x9a20cfcdc25eab32b8d21fbf8dab66f2658b791e,1
0x648a58121dc0de4436837dc585ded4fa5fba6d3e,0xc1ff576b9f9254230970f4db0ac4c5f8b92d07e9,1
0x698b9d56abec3faa97ffce6478a4c7ddbadd4116,0x2e90606d7c5f13bbabd54188c9c84f58ab400570,1
0x698b9d56abec3faa97ffce6478a4c7ddbadd4116,0x41f28a84698d20a95966adb27214b732155df3a9,1
0x698b9d56abec3faa97ffce6478a4c7ddbadd4116,0xea1db56eba7bf28130937ed27578c23cf80fe843,1
0x6b32ae7f5db70749543ce0cd4932abbc501a7f6f,0x34805e6a3796fb04e82183667a78c2f7bff29170,1
0x6b32ae7f5db70749543ce0cd4932abbc501a7f6f,0x4fed1f42ba007d1f7a6f0df4ae100170adb305c6,1
0x6b32ae7f5db70749543ce0cd4932abbc501a7f6f,0x641891adbecde56492f86330dd89059c8119494d,1
0x6b32ae7f5db70749543ce0cd4932abbc501a7f6f,0xef984be913c22645bdd7dc1388b3d2b9c5744092,1
0x6b32ae7f5db70749543ce0cd4932abbc501a7f6f,0xf43fd7a8014a2d5db5d14ba4b84318cfc5557817,1
0x6b32ae7f5db70749543ce0cd4932abbc501a7f6f,0xfc840af78a496b52e378dfa94838402e1b7f71dd,1
0x6c8c7539bf6a61c249c520c837ed0e19f91344dc,0x0b8f4c4e7626a91460dac057eb43e0de59d5b44f,1
0x6c8c7539bf6a61c249c520c837ed0e19f91344dc,0x29664e652ca8f8f2d95de3b33cc0ae7247fc0aa9,1
0x6c8c7539bf6a61c249c520c837ed0e19f91344dc,0x527b5f4d7d3486094b2524b71d339c4dc84e0ac8,1
0x6c8c7539bf6a61c249c520c837ed0e19f91344dc,0x7499003740393bec0ece8745e099c2eb3f59dc9d,1
0x6c8c7539bf6a61c249c520c837ed0e19f91344dc,0xfc840af78a496b52e378dfa94838402e1b7f71dd,1
0x6cc68283d4e303df5aa07b72bdeca465fc252a30,0x570ff649bb5ae8e032a4f9456aa1ad74cc3f3e8f,1
0x6cc68283d4e303df5aa07b72bdeca465fc252a30,0x7499003740393bec0ece8745e099c2eb3f59dc9d,1
0x6cc68283d4e303df5aa07b72bdeca465fc252a30,0x80845058350b8c3df5c3015d8a717d64b3bf9267,1
0x6cc68283d4e303df5aa07b72bdeca465fc252a30,0xfc840af78a496b52e378dfa94838402e1b7f71dd,1
0x6d549e7dad7b29b6b2b427077ba995f161a81ee1,0xa05bca6f6d9c0bc2c3a597ac3f800eaf502aca66,1
0x6d549e7dad7b29b6b2b427077ba995f161a81ee1,0xdf985c6f09a69ea9b69b8cba22b4b93f805fe587,1
0x6d549e7dad7b29b6b2b427077ba995f161a81ee1,0xff0bd4aa3496739d5667adc10e2b843dfab5712b,1
0x71373fc3d84069e3936f99520d6cd9286a36a5d5,0x44e9d011df8741be2493e99297e9ad67bb1aa85b,1
0x71373fc3d84069e3936f99520d6cd9286a36a5d5,0x4fed1f42ba007d1f7a6f0df4ae100170adb305c6,1
0x71373fc3d84069e3936f99520d6cd9286a36a5d5,0x7d544a853dbcd39a53315e7002f4951a6d2f080d,1
0x71373fc3d84069e3936f99520d6cd9286a36a5d5,0xc6de15da3b913764a695819b9835c9ea3f80df29,1
0x71373fc3d84069e3936f99520d6cd9286a36a5d5,0xcae62b9dbb0bbcc3f64cc95aa084c8f015e894ee,1
0x7499003740393bec0ece8745e099c2eb3f59dc9d,0x25aaf13451e66f4f322a6105f7b295d1a7e9da96,1
0x77e62fb482027eca49b160e6f7b699fd3621f68f,0x1731bdd386e021a7744282454887a87551725819,1
0x77e62fb482027eca49b160e6f7b699fd3621f68f,0x41f28a84698d20a95966adb27214b732155df3a9,1
0x77e62fb482027eca49b160e6f7b699fd3621f68f,0x7d544a853dbcd39a53315e7002f4951a6d2f080d,1
0x77e62fb482027eca49b160e6f7b699fd3621f68f,0xdb01fedf75c733a46ae97676445b6180d8826455,1
0x77e62fb482027eca49b160e6f7b699fd3621f68f,0xfc840af78a496b52e378dfa94838402e1b7f71dd,1
0x7d544a853dbcd39a53315e7002f4951a6d2f080d,0x1ecd31e8fe6f783274f1e4f347b50945b4dbbe0d,1
0x7d544a853dbcd39a53315e7002f4951a6d2f080d,0x2e90606d7c5f13bbabd54188c9c84f58ab400570,1
0x7d544a853dbcd39a53315e7002f4951a6d2f080d,0x641891adbecde56492f86330dd89059c8119494d,1
0x7d544a853dbcd39a53315e7002f4951a6d2f080d,0x648a58121dc0de4436837dc585ded4fa5fba6d3e,1
0x7d544a853dbcd39a53315e7002f4951a6d2f080d,0x698b9d56abec3faa97ffce6478a4c7ddbadd4116,1
0x7d544a853dbcd39a53315e7002f4951a6d2f080d,0x6cc68283d4e303df5aa07b72bdeca465fc252a30,1
0x7d544a853dbcd39a53315e7002f4951a6d2f080d,0x83c8f28c26bf6aaca652df1dbbe0e1b56f8baba2,1
0x7d544a853dbcd39a53315e7002f4951a6d2f080d,0xadea5bd7cd91974d02777d8b8537dab5654d7267,1
0x7d544a853dbcd39a53315e7002f4951a6d2f080d,0xb104371d5a2680fb0d47ea9a3aa2348392454186,1
0x7d544a853dbcd39a53315e7002f4951a6d2f080d,0xc6783ef814540c0b6565982febbc0fc5bcbdd1e6,1
0x7d544a853dbcd39a53315e7002f4951a6d2f080d,0xe052113bd7d7700d623414a0a4585bcae754e9d5,1
0x7d544a853dbcd39a53315e7002f4951a6d2f080d,0xf8151729e887bcf72c082a7dac26c10e36bc0678,1
0x7d544a853dbcd39a53315e7002f4951a6d2f080d,0xff0bd4aa3496739d5667adc10e2b843dfab5712b,1
0x83c8f28c26bf6aaca652df1dbbe0e1b56f8baba2,0x6b32ae7f5db70749543ce0cd4932abbc501a7f6f,1
0x88923378021bea85f9b09ce571a309e12c7d2262,0x209af07a4b6b2d15923ffa8c3d41cdac49bc6c4f,1
0x88923378021bea85f9b09ce571a309e12c7d2262,0xc6783ef814540c0b6565982febbc0fc5bcbdd1e6,1
0x88923378021bea85f9b09ce571a309e12c7d2262,0xcaffb6f7c35fc71391083c2bb725272d1f1577cf,1
0x92041c816fa960e2352f49ac118771307c416a17,0xe052113bd7d7700d623414a0a4585bcae754e9d5,1
0x92a81d2d606d13ec0336bc6e29bf0ca524907eea,0x1ecd31e8fe6f783274f1e4f347b50945b4dbbe0d,1
0x92a81d2d606d13ec0336bc6e29bf0ca524907eea,0x58fb0028b21a60d405632a36f0e57d6875e21f11,1
0x92a81d2d606d13ec0336bc6e29bf0ca524907eea,0xb2e0dd9b613c28835adf5d2893fc8f2812f5af00,1
0x92a81d2d606d13ec0336bc6e29bf0ca524907eea,0xdf985c6f09a69ea9b69b8cba22b4b93f805fe587,1
0x98b70ecfc2b64ba046e8b39e21b0a5f16116fed4,0xdb01fedf75c733a46ae97676445b6180d8826455,1
0x99c68a628f4397c014cd2096ce564f711c404831,0x22ee6679a6c5ed77059f66081716c39993088daf,1
0x99c68a628f4397c014cd2096ce564f711c404831,0x7d544a853dbcd39a53315e7002f4951a6d2f080d,1
0xa05bca6f6d9c0bc2c3a597ac3f800eaf502aca66,0x641891adbecde56492f86330dd89059c8119494d,1
0xa05bca6f6d9c0bc2c3a597ac3f800eaf502aca66,0x698b9d56abec3faa97ffce6478a4c7ddbadd4116,1
0xa05bca6f6d9c0bc2c3a597ac3f800eaf502aca66,0x80845058350b8c3df5c3015d8a717d64b3bf9267,1
0xa05bca6f6d9c0bc2c3a597ac3f800eaf502aca66,0x83c8f28c26bf6aaca652df1dbbe0e1b56f8baba2,1
0xa05bca6f6d9c0bc2c3a597ac3f800eaf502aca66,0xb6dbbb6ddf875cb0b7d4328e2d8c33632173f295,1
0xa05bca6f6d9c0bc2c3a597ac3f800eaf502aca66,0xe4855ea1e26865247d412c0891184b535e2fb849,1
0xa802632240b0aec7d413c0b94f93932ae099e638,0x92a81d2d606d13ec0336bc6e29bf0ca524907eea,1
0xadea5bd7cd91974d02777d8b8537dab5654d7267,0x1ecd31e8fe6f783274f1e4f347b50945b4dbbe0d,1
0xadea5bd7cd91974d02777d8b8537dab5654d7267,0x29664e652ca8f8f2d95de3b33cc0ae7247fc0aa9,1
0xafbe89f1447a22684a4e3f1f4f941806c6d02e85,0x4fed1f42ba007d1f7a6f0df4ae100170adb305c6,1
0xafbe89f1447a22684a4e3f1f4f941806c6d02e85,0xfc840af78a496b52e378dfa94838402e1b7f71dd,1
0xb104371d5a2680fb0d47ea9a3aa2348392454186,0x1ecd31e8fe6f783274f1e4f347b50945b4dbbe0d,1
0xb104371d5a2680fb0d47ea9a3aa2348392454186,0xa05bca6f6d9c0bc2c3a597ac3f800eaf502aca66,1
0xb2e0dd9b613c28835adf5d2893fc8f2812f5af00,0x22ee6679a6c5ed77059f66081716c39993088daf,1
0xb2e0dd9b613c28835adf5d2893fc8f2812f5af00,0x3ddb1781526db72d058f9bc19c4acd65ba42e083,1
0xb2e0dd9b613c28835adf5d2893fc8f2812f5af00,0x41f28a84698d20a95966adb27214b732155df3a9,1
0xb2e0dd9b613c28835adf5d2893fc8f2812f5af00,0x641891adbecde56492f86330dd89059c8119494d,1
0xb2e0dd9b613c28835adf5d2893fc8f2812f5af00,0x6b32ae7f5db70749543ce0cd4932abbc501a7f6f,1
0xb2e0dd9b613c28835adf5d2893fc8f2812f5af00,0x6cc68283d4e303df5aa07b72bdeca465fc252a30,1
0xb2e0dd9b613c28835adf5d2893fc8f2812f5af00,0xdf985c6f09a69ea9b69b8cba22b4b93f805fe587,1
0xb2e0dd9b613c28835adf5d2893fc8f2812f5af00,0xff0bd4aa3496739d5667adc10e2b843dfab5712b,1
0xb3e321121a26582c6719391ba3299759f5a0e843,0x25aaf13451e66f4f322a6105f7b295d1a7e9da96,1
0xb3e321121a26582c6719391ba3299759f5a0e843,0x29664e652ca8f8f2d95de3b33cc0ae7247fc0aa9,1
0xb3e321121a26582c6719391ba3299759f5a0e843,0x6b32ae7f5db70749543ce0cd4932abbc501a7f6f,1
0xb3e321121a26582c6719391ba3299759f5a0e843,0x7d544a853dbcd39a53315e7002f4951a6d2f080d,1
0xb98217f7f050aad1696467a1559e726381879f33,0x2a693ccbda744faf14ecb7c28bd811927bea61a7,1
0xba150b459ba84d81246908e57cb0f0e88c3756ef,0x99c68a628f4397c014cd2096ce564f711c404831,1
0xba150b459ba84d81246908e57cb0f0e88c3756ef,0xd2d628156b947751a43c1c2132f6954bb45b30b2,1
0xba150b459ba84d81246908e57cb0f0e88c3756ef,0xdf985c6f09a69ea9b69b8cba22b4b93f805fe587,1
0xbf59e40112157017b69be5734f8c702dcbd73336,0x22ee6679a6c5ed77059f66081716c39993088daf,1
0xbf59e40112157017b69be5734f8c702dcbd73336,0x25aaf13451e66f4f322a6105f7b295d1a7e9da96,1
0xbf59e40112157017b69be5734f8c702dcbd73336,0x4fed1f42ba007d1f7a6f0df4ae100170adb305c6,1
0xbf59e40112157017b69be5734f8c702dcbd73336,0x58fb0028b21a60d405632a36f0e57d6875e21f11,1
0xbf59e40112157017b69be5734f8c702dcbd73336,0x7499003740393bec0ece8745e099c2eb3f59dc9d,1
0xbf59e40112157017b69be5734f8c702dcbd73336,0xe052113bd7d7700d623414a0a4585bcae754e9d5,1
0xbf59e40112157017b69be5734f8c702dcbd73336,0xf43fd7a8014a2d5db5d14ba4b84318cfc5557817,1
0xbf59e40112157017b69be5734f8c702dcbd73336,0xfc840af78a496b52e378dfa94838402e1b7f71dd,1
0xc077db9b40cac461c5d462c5d17493002a3f68fa,0x02b820f6705791f62dca099acf65c3cbc5f592f1,1
0xc077db9b40cac461c5d462c5d17493002a3f68fa,0xf8151729e887bcf72c082a7dac26c10e36bc0678,1
0xc5b67f12beaa7b7a106a4eddddc0d88635223915,0x641891adbecde56492f86330dd89059c8119494d,1
0xc5b67f12beaa7b7a106a4eddddc0d88635223915,0x7499003740393bec0ece8745e099c2eb3f59dc9d,1
0xc5b67f12beaa7b7a106a4eddddc0d88635223915,0xcaffb6f7c35fc71391083c2bb725272d1f1577cf,1
0xc6783ef814540c0b6565982febbc0fc5bcbdd1e6,0x1731bdd386e021a7744282454887a87551725819,1
0xc6783ef814540c0b6565982febbc0fc5bcbdd1e6,0x17e31bf839acb700e0f584797574a2c1fde46d0b,1
0xc6783ef814540c0b6565982febbc0fc5bcbdd1e6,0x41f28a84698d20a95966adb27214b732155df3a9,1
0xc6783ef814540c0b6565982febbc0fc5bcbdd1e6,0x92041c816fa960e2352f49ac118771307c416a17,1
0xc6783ef814540c0b6565982febbc0fc5bcbdd1e6,0xadea5bd7cd91974d02777d8b8537dab5654d7267,1
0xc6783ef814540c0b6565982febbc0fc5bcbdd1e6,0xcaffb6f7c35fc71391083c2bb725272d1f1577cf,1
0xc6783ef814540c0b6565982febbc0fc5bcbdd1e6,0xdb01fedf75c733a46ae97676445b6180d8826455,1
0xc6783ef814540c0b6565982febbc0fc5bcbdd1e6,0xdf985c6f09a69ea9b69b8cba22b4b93f805fe587,1
0xc6de15da3b913764a695819b9835c9ea3f80df29,0x4fed1f42ba007d1f7a6f0df4ae100170adb305c6,1
0xc6de15da3b913764a695819b9835c9ea3f80df29,0x7499003740393bec0ece8745e099c2eb3f59dc9d,1
0xc6de15da3b913764a695819b9835c9ea3f80df29,0x80845058350b8c3df5c3015d8a717d64b3bf9267,1
0xc6de15da3b913764a695819b9835c9ea3f80df29,0xd2d628156b947751a43c1c2132f6954bb45b30b2,1
0xc6de15da3b913764a695819b9835c9ea3f80df29,0xdf985c6f09a69ea9b69b8cba22b4b93f805fe587,1
0xc841b289918a1a7559263bc4c78af1ed15dd49c4,0x1731bdd386e021a7744282454887a87551725819,1
0xc841b289918a1a7559263bc4c78af1ed15dd49c4,0xcae62b9dbb0bbcc3f64cc95aa084c8f015e894ee,1
0xcae62b9dbb0bbcc3f64cc95aa084c8f015e894ee,0xc077db9b40cac461c5d462c5d17493002a3f68fa,1
0xcae9ef9ea4470703bad828cd623a0c5f1da7d0b1,0x22ee6679a6c5ed77059f66081716c39993088daf,1
0xcae9ef9ea4470703bad828cd623a0c5f1da7d0b1,0x25aaf13451e66f4f322a6105f7b295d1a7e9da96,1
0xcae9ef9ea4470703bad828cd623a0c5f1da7d0b1,0x698b9d56abec3faa97ffce6478a4c7ddbadd4116,1
0xcae9ef9ea4470703bad828cd623a0c5f1da7d0b1,0xcae9ef9ea4470703bad828cd623a0c5f1da7d0b1,1
0xcae9ef9ea4470703bad828cd623a0c5f1da7d0b1,0xcaffb6f7c35fc71391083c2bb725272d1f1577cf,1
0xcaffb6f7c35fc71391083c2bb725272d1f1577cf,0x06807d7e07290be6adbacd6f209c4ced6f183d74,1
0xcaffb6f7c35fc71391083c2bb725272d1f1577cf,0x3aa161fb1bec7f4d02092e9ede301369160e8037,1
0xcaffb6f7c35fc71391083c2bb725272d1f1577cf,0x44e9d011df8741be2493e99297e9ad67bb1aa85b,1
0xcaffb6f7c35fc71391083c2bb725272d1f1577cf,0x7d544a853dbcd39a53315e7002f4951a6d2f080d,1
0xcaffb6f7c35fc71391083c2bb725272d1f1577cf,0xea39c551834d07ee2ee87f1ceff843c308e089af,1
0xcaffb6f7c35fc71391083c2bb725272d1f1577cf,0xf8151729e887bcf72c082a7dac26c10e36bc0678,1
0xcf7489d0088de39ae2e401d76658ac1a67481698,0x45602bfba960277bf917c1b2007d1f03d7bd29e4,1
0xcf7489d0088de39ae2e401d76658ac1a67481698,0xd2d628156b947751a43c1c2132f6954bb45b30b2,1
0xcf7489d0088de39ae2e401d76658ac1a67481698,0xdb01fedf75c733a46ae97676445b6180d8826455,1
0xd2bed76c047e7ef313c546eae390774335cdd676,0x209af07a4b6b2d15923ffa8c3d41cdac49bc6c4f,1
0xd2bed76c047e7ef313c546eae390774335cdd676,0x25aaf13451e66f4f322a6105f7b295d1a7e9da96,1
0xd2bed76c047e7ef313c546eae390774335cdd676,0x3ddb1781526db72d058f9bc19c4acd65ba42e083,1
0xd2bed76c047e7ef313c546eae390774335cdd676,0x527b5f4d7d3486094b2524b71d339c4dc84e0ac8,1
0xd2bed76c047e7ef313c546eae390774335cdd676,0xafbe89f1447a22684a4e3f1f4f941806c6d02e85,1
0xd387a6e4e84a6c86bd90c158c6028a58cc8ac459,0x22ee6679a6c5ed77059f66081716c39993088daf,1
0xd387a6e4e84a6c86bd90c158c6028a58cc8ac459,0x34805e6a3796fb04e82183667a78c2f7bff29170,1
0xd387a6e4e84a6c86bd90c158c6028a58cc8ac459,0x3ddb1781526db72d058f9bc19c4acd65ba42e083,1
0xd387a6e4e84a6c86bd90c158c6028a58cc8ac459,0x44e9d011df8741be2493e99297e9ad67bb1aa85b,1
0xd387a6e4e84a6c86bd90c158c6028a58cc8ac459,0x4fed1f42ba007d1f7a6f0df4ae100170adb305c6,1
0xd387a6e4e84a6c86bd90c158c6028a58cc8ac459,0x6cc68283d4e303df5aa07b72bdeca465fc252a30,1
0xd387a6e4e84a6c86bd90c158c6028a58cc8ac459,0x6d549e7dad7b29b6b2b427077ba995f161a81ee1,1
0xd387a6e4e84a6c86bd90c158c6028a58cc8ac459,0x83c8f28c26bf6aaca652df1dbbe0e1b56f8baba2,1
0xd387a6e4e84a6c86bd90c158c6028a58cc8ac459,0x92a81d2d606d13ec0336bc6e29bf0ca524907eea,1
0xd387a6e4e84a6c86bd90c158c6028a58cc8ac459,0xafbe89f1447a22684a4e3f1f4f941806c6d02e85,1
0xd387a6e4e84a6c86bd90c158c6028a58cc8ac459,0xb6dbbb6ddf875cb0b7d4328e2d8c33632173f295,1
0xd387a6e4e84a6c86bd90c158c6028a58cc8ac459,0xd2d628156b947751a43c1c2132f6954bb45b30b2,1
0xd387a6e4e84a6c86bd90c158c6028a58cc8ac459,0xea1db56eba7bf28130937ed27578c23cf80fe843,1
0xd387a6e4e84a6c86bd90c158c6028a58cc8ac459,0xfc840af78a496b52e378dfa94838402e1b7f71dd,1
0xdb01fedf75c733a46ae97676445b6180d8826455,0x1ecd31e8fe6f783274f1e4f347b50945b4dbbe0d,1
0xdb01fedf75c733a46ae97676445b6180d8826455,0x41f28a84698d20a95966adb27214b732155df3a9,1
0xdb01fedf75c733a46ae97676445b6180d8826455,0xe052113bd7d7700d623414a0a4585bcae754e9d5,1
0xdf985c6f09a69ea9b69b8cba22b4b93f805fe587,0x1ecd31e8fe6f783274f1e4f347b50945b4dbbe0d,1
0xdf985c6f09a69ea9b69b8cba22b4b93f805fe587,0x22ee6679a6c5ed77059f66081716c39993088daf,1
0xdf985c6f09a69ea9b69b8cba22b4b93f805fe587,0x25aaf13451e66f4f322a6105f7b295d1a7e9da96,1
0xdf985c6f09a69ea9b69b8cba22b4b93f805fe587,0x7d544a853dbcd39a53315e7002f4951a6d2f080d,1
0xdf985c6f09a69ea9b69b8cba22b4b93f805fe587,0xa05bca6f6d9c0bc2c3a597ac3f800eaf502aca66,1
0xdf985c6f09a69ea9b69b8cba22b4b93f805fe587,0xf8151729e887bcf72c082a7dac26c10e36bc0678,1
0xdf985c6f09a69ea9b69b8cba22b4b93f805fe587,0xfc840af78a496b52e378dfa94838402e1b7f71dd,1
0xe052113bd7d7700d623414a0a4585bcae754e9d5,0xafbe89f1447a22684a4e3f1f4f941806c6d02e85,1
0xe1993e7689fd09d90ef515e931f374105d047388,0x92a81d2d606d13ec0336bc6e29bf0ca524907eea,1
0xe1993e7689fd09d90ef515e931f374105d047388,0xff0bd4aa3496739d5667adc10e2b843dfab5712b,1
0xe4855ea1e26865247d412c0891184b535e2fb849,0x1ecd31e8fe6f783274f1e4f347b50945b4dbbe0d,1
0xe4855ea1e26865247d412c0891184b535e2fb849,0x22ee6679a6c5ed77059f66081716c39993088daf,1
0xe4855ea1e26865247d412c0891184b535e2fb849,0x25aaf13451e66f4f322a6105f7b295d1a7e9da96,1
0xe4855ea1e26865247d412c0891184b535e2fb849,0xc1ff576b9f9254230970f4db0ac4c5f8b92d07e9,1
0xe4855ea1e26865247d412c0891184b535e2fb849,0xc6783ef814540c0b6565982febbc0fc5bcbdd1e6,1
0xea1db56eba7bf28130937ed27578c23cf80fe843,0x648a58121dc0de4436837dc585ded4fa5fba6d3e,1
0xea1db56eba7bf28130937ed27578c23cf80fe843,0xdb01fedf75c733a46ae97676445b6180d8826455,1
0xea39c551834d07ee2ee87f1ceff843c308e089af,0x92a81d2d606d13ec0336bc6e29bf0ca524907eea,1
0xea39c551834d07ee2ee87f1ceff843c308e089af,0xfc840af78a496b52e378dfa94838402e1b7f71dd,1
0xef984be913c22645bdd7dc1388b3d2b9c5744092,0x06807d7e07290be6adbacd6f209c4ced6f183d74,1
0xef984be913c22645bdd7dc1388b3d2b9c5744092,0x3ddb1781526db72d058f9bc19c4acd65ba42e083,1
0xef984be913c22645bdd7dc1388b3d2b9c5744092,0x6d549e7dad7b29b6b2b427077ba995f161a81ee1,1
0xef984be913c22645bdd7dc1388b3d2b9c5744092,0x7499003740393bec0ece8745e099c2eb3f59dc9d,1
0xf266ec07bced0c64514dc0f7ab1bbc56dc2aff9c,0x2e90606d7c5f13bbabd54188c9c84f58ab400570,1
0xf266ec07bced0c64514dc0f7ab1bbc56dc2aff9c,0x45602bfba960277bf917c1b2007d1f03d7bd29e4,1
0xf266ec07bced0c64514dc0f7ab1bbc56dc2aff9c,0x7499003740393bec0ece8745e099c2eb3f59dc9d,1
0xf266ec07bced0c64514dc0f7ab1bbc56dc2aff9c,0xcae62b9dbb0bbcc3f64cc95aa084c8f015e894ee,1
0xf266ec07bced0c64514dc0f7ab1bbc56dc2aff9c,0xef984be913c22645bdd7dc1388b3d2b9c5744092,1
0xf266ec07bced0c64514dc0f7ab1bbc56dc2aff9c,0xf3e6ba583b960f7a8b395212fdce8a92a0df912c,1
0xf3e6ba583b960f7a8b395212fdce8a92a0df912c,0x698b9d56abec3faa97ffce6478a4c7ddbadd4116,1
0xf3e6ba583b960f7a8b395212fdce8a92a0df912c,0x6b32ae7f5db70749543ce0cd4932abbc501a7f6f,1
0xf3e6ba583b960f7a8b395212fdce8a92a0df912c,0xa05bca6f6d9c0bc2c3a597ac3f800eaf502aca66,1
0xf3e6ba583b960f7a8b395212fdce8a92a0df912c,0xb2e0dd9b613c28835adf5d2893fc8f2812f5af00,1
0xf43fd7a8014a2d5db5d14ba4b84318cfc5557817,0x1ecd31e8fe6f783274f1e4f347b50945b4dbbe0d,1
0xf43fd7a8014a2d5db5d14ba4b84318cfc5557817,0x6d549e7dad7b29b6b2b427077ba995f161a81ee1,1
0xf43fd7a8014a2d5db5d14ba4b84318cfc5557817,0x80845058350b8c3df5c3015d8a717d64b3bf9267,1
0xf43fd7a8014a2d5db5d14ba4b84318cfc5557817,0x92041c816fa960e2352f49ac118771307c416a17,1
0xf43fd7a8014a2d5db5d14ba4b84318cfc5557817,0xb6dbbb6ddf875cb0b7d4328e2d8c33632173f295,1
0xf43fd7a8014a2d5db5d14ba4b84318cfc5557817,0xea1db56eba7bf28130937ed27578c23cf80fe843,1
0xf8151729e887bcf72c082a7dac26c10e36bc0678,0xf43fd7a8014a2d5db5d14ba4b84318cfc5557817,1
