target,source,value
0x442dccee68425828c106a3662014b4f131e3bd9b,0x8ad272ac86c6c88683d9a60eb8ed57e6c304bb0c,150
0x60fd35191ffa774e40934efb8ed34b2ec42da320,0x54be3a794282c030b15e43ae2bb182e14c409c5e,112
0x7405fe24003a50e4f4117d35e9b5a9f5e512fede,0xcc7d3706ea82cdb4ec7d2a3eac0e487e17ab975a,101
0xd472b0798421159999e3db0aaa2d53bc0d7acfa3,0x975222a8365e6ab51b7867524f77261cd4ece06e,92
0xaf93fcce0548d3124a5fc3045adaf1dde4e8bf7e,0x72fae93d08a060a7f0a8919708c0db74ca46cbb6,89
0x72fae93d08a060a7f0a8919708c0db74ca46cbb6,0xaf93fcce0548d3124a5fc3045adaf1dde4e8bf7e,78
0xb7692c097a20f6767e0464bbe958d69bf082baf5,0xd3fc6fec4b219c2d74b366fee6b585df71611533,67
0x29b3340f6c8e292a65ab5067632fe7e65fcb7b12,0x7405fe24003a50e4f4117d35e9b5a9f5e512fede,49
0x442dccee68425828c106a3662014b4f131e3bd9b,0xee402489d83e2b22d496910f8c810d35a3ad7b25,40
0x72fae93d08a060a7f0a8919708c0db74ca46cbb6,0xac707ee01a605bfc712536d703e5e790357c48e5,37
0xaf93fcce0548d3124a5fc3045adaf1dde4e8bf7e,0x69bab6810fa99475854bca0a3dd72ae6a0728ece,37
0x5b20783f4baabd33bb53dd77c9b0459f5701e36a,0x688bd66268102b9b3631de78f89b9e1df3247aeb,34
0xaf93fcce0548d3124a5fc3045adaf1dde4e8bf7e,0xf41fa837908c0318a9a2b739c8fb990bfd4ac8a7,34
0x6b3bacba7a6da1d6660079f5fd49fdc167ec5783,0xc310e760778ecbca4c65b6c559874757a4c4ece0,32
0x7c15561590fc9eb063b3803b55165633eef207ec,0xf41fa837908c0318a9a2b739c8fb990bfd4ac8a7,29
0x721931508df2764fd4f70c53da646cb8aed16ace,0x7405fe24003a50e4f4117d35e9b5a9f5e512fede,28
0x2c2ed4b3876c442fee80bee76ce0ee2ca2a512af,0xc310e760778ecbca4c65b6c559874757a4c4ece0,27
0x69bab6810fa99475854bca0a3dd72ae6a0728ece,0x8a4ac0cd96828466e10ffe0c4839ee2a7a2fe76f,26
0xc310e760778ecbca4c65b6c559874757a4c4ece0,0x6b3bacba7a6da1d6660079f5fd49fdc167ec5783,26
0x5b20783f4baabd33bb53dd77c9b0459f5701e36a,0xaf93fcce0548d3124a5fc3045adaf1dde4e8bf7e,24
0xa4e774f2290b63b6cb057ef77991fb0e4b901e15,0x91b0851797873bdbcd8a2a519a92fffcfde61041,22
0x7c15561590fc9eb063b3803b55165633eef207ec,0x72fae93d08a060a7f0a8919708c0db74ca46cbb6,21
0x50ad3e17a73b4847ded97794ed6dd999277325c1,0xd3fc6fec4b219c2d74b366fee6b585df71611533,20
0xf41fa837908c0318a9a2b739c8fb990bfd4ac8a7,0x7c15561590fc9eb063b3803b55165633eef207ec,20
0x4c6b83ca1c59781fab57790a46281bbd93e539fe,0xc310e760778ecbca4c65b6c559874757a4c4ece0,19
0x2d1194e75b408c9395a8bbbedc0079322b62c0a4,0xc310e760778ecbca4c65b6c559874757a4c4ece0,17
0x3d16356a3ce656b9505ee167fa828b7d03a726de,0x28f8ca3b0eddd849c93986df0fd194252c4e4b03,17
0xc310e760778ecbca4c65b6c559874757a4c4ece0,0x2c2ed4b3876c442fee80bee76ce0ee2ca2a512af,17
0x69bab6810fa99475854bca0a3dd72ae6a0728ece,0xaf93fcce0548d3124a5fc3045adaf1dde4e8bf7e,15
0x28f8ca3b0eddd849c93986df0fd194252c4e4b03,0x3d16356a3ce656b9505ee167fa828b7d03a726de,14
0x8a4ac0cd96828466e10ffe0c4839ee2a7a2fe76f,0x69bab6810fa99475854bca0a3dd72ae6a0728ece,14
0xc310e760778ecbca4c65b6c559874757a4c4ece0,0x4c6b83ca1c59781fab57790a46281bbd93e539fe,14
0x91b0851797873bdbcd8a2a519a92fffcfde61041,0x563415679588e508c0c8f0a729c9bf898406e9b5,13
0xd3fc6fec4b219c2d74b366fee6b585df71611533,0xc310e760778ecbca4c65b6c559874757a4c4ece0,13
0xa7ab7a265f274fa664187698932d3cabb851023d,0x54be3a794282c030b15e43ae2bb182e14c409c5e,12
0xc310e760778ecbca4c65b6c559874757a4c4ece0,0x50d329ca4be534a850c784b9ceee2ba4f32f3d38,12
0xd387a6e4e84a6c86bd90c158c6028a58cc8ac459,0x8ab83d869f2bc250b781d26f6584fd5c562fdd9d,12
0x020ca66c30bec2c4fe3861a94e4db4a498a35872,0xa4e774f2290b63b6cb057ef77991fb0e4b901e15,11
0x442dccee68425828c106a3662014b4f131e3bd9b,0x28f8ca3b0eddd849c93986df0fd194252c4e4b03,11
0x72fae93d08a060a7f0a8919708c0db74ca46cbb6,0x7c15561590fc9eb063b3803b55165633eef207ec,11
0xf41fa837908c0318a9a2b739c8fb990bfd4ac8a7,0xaf93fcce0548d3124a5fc3045adaf1dde4e8bf7e,11
0x8ad272ac86c6c88683d9a60eb8ed57e6c304bb0c,0xc310e760778ecbca4c65b6c559874757a4c4ece0,10
0xac707ee01a605bfc712536d703e5e790357c48e5,0x72fae93d08a060a7f0a8919708c0db74ca46cbb6,10
0xe4d825729c7b43b26d038c81e4e0477c30c6a5bc,0xc310e760778ecbca4c65b6c559874757a4c4ece0,10
0x5b20783f4baabd33bb53dd77c9b0459f5701e36a,0x4c6b83ca1c59781fab57790a46281bbd93e539fe,9
0x7c15561590fc9eb063b3803b55165633eef207ec,0x8a4ac0cd96828466e10ffe0c4839ee2a7a2fe76f,9
0x020ca66c30bec2c4fe3861a94e4db4a498a35872,0xdb4df088e85e5d66d2d2ab451d5ead618c124305,8
0x4d7c645a178e4610b0bc45a738df908ab469943d,0xc310e760778ecbca4c65b6c559874757a4c4ece0,8
0x7c15561590fc9eb063b3803b55165633eef207ec,0x69bab6810fa99475854bca0a3dd72ae6a0728ece,8
0xc310e760778ecbca4c65b6c559874757a4c4ece0,0x17082a8fbae3c10d73a361f218ae77bafb62bf4d,8
0xc310e760778ecbca4c65b6c559874757a4c4ece0,0x4d7c645a178e4610b0bc45a738df908ab469943d,8
0x020ca66c30bec2c4fe3861a94e4db4a498a35872,0x8ab83d869f2bc250b781d26f6584fd5c562fdd9d,7
0x23ffa72d19450516322c8875fce660d80f732b4c,0x7c15561590fc9eb063b3803b55165633eef207ec,7
0x29b1b2d083456fd07b19649f8b85f9927a29b1ab,0x33d27f0bb797de3d20e519f4a192b7570c56681b,7
0x721931508df2764fd4f70c53da646cb8aed16ace,0xde5d7d1dbf75b1fbf70be6f4a9a9f5442751a8c1,7
0x7c15561590fc9eb063b3803b55165633eef207ec,0x23ffa72d19450516322c8875fce660d80f732b4c,7
0xaf93fcce0548d3124a5fc3045adaf1dde4e8bf7e,0x8a4ac0cd96828466e10ffe0c4839ee2a7a2fe76f,7
0xc310e760778ecbca4c65b6c559874757a4c4ece0,0x563415679588e508c0c8f0a729c9bf898406e9b5,7
0xd387a6e4e84a6c86bd90c158c6028a58cc8ac459,0x7d935fb77f7f1ae608f5ef535a347e8b9965bc99,7
0xd387a6e4e84a6c86bd90c158c6028a58cc8ac459,0xc7daff430efad15679f8bb53530debee0308eb1b,7
0xea39c551834d07ee2ee87f1ceff843c308e089af,0xc310e760778ecbca4c65b6c559874757a4c4ece0,7
0x53fed1eb683745352886a363cc0b6e3415824ec8,0x7c15561590fc9eb063b3803b55165633eef207ec,6
0x563415679588e508c0c8f0a729c9bf898406e9b5,0xc310e760778ecbca4c65b6c559874757a4c4ece0,6
0x6165d76626a9dda47e9c7e316533f47b2d641ab8,0x7c15561590fc9eb063b3803b55165633eef207ec,6
0x721931508df2764fd4f70c53da646cb8aed16ace,0x1731bdd386e021a7744282454887a87551725819,6
0x72fae93d08a060a7f0a8919708c0db74ca46cbb6,0xc310e760778ecbca4c65b6c559874757a4c4ece0,6
0x7c15561590fc9eb063b3803b55165633eef207ec,0x6165d76626a9dda47e9c7e316533f47b2d641ab8,6
0x7c15561590fc9eb063b3803b55165633eef207ec,0xa85f0bd039bd6ca4708b72150e29c68642cc3635,6
0x7c15561590fc9eb063b3803b55165633eef207ec,0xd3fc6fec4b219c2d74b366fee6b585df71611533,6
0xa85f0bd039bd6ca4708b72150e29c68642cc3635,0x7c15561590fc9eb063b3803b55165633eef207ec,6
0xb53349160e38739b37e4bbfcf950ed26e26fcb41,0x23ffa72d19450516322c8875fce660d80f732b4c,6
0xd387a6e4e84a6c86bd90c158c6028a58cc8ac459,0x33569c101562e1faf5b24581057e5cee4c8288d7,6
0xd387a6e4e84a6c86bd90c158c6028a58cc8ac459,0xd472b0798421159999e3db0aaa2d53bc0d7acfa3,6
0xd3fc6fec4b219c2d74b366fee6b585df71611533,0x7c15561590fc9eb063b3803b55165633eef207ec,6
0x020ca66c30bec2c4fe3861a94e4db4a498a35872,0x2e992e3941f67dc416de6275f496ceb2c0025da2,5
0x228c1334fc57eb6e02ecc448e749a041124321c1,0x7c15561590fc9eb063b3803b55165633eef207ec,5
0x33569c101562e1faf5b24581057e5cee4c8288d7,0xc310e760778ecbca4c65b6c559874757a4c4ece0,5
0x6fcade9de3ab9a1e57eab1684cf30e2ceba234fb,0x7c15561590fc9eb063b3803b55165633eef207ec,5
0x7c15561590fc9eb063b3803b55165633eef207ec,0x53fed1eb683745352886a363cc0b6e3415824ec8,5
0x7c15561590fc9eb063b3803b55165633eef207ec,0x6fcade9de3ab9a1e57eab1684cf30e2ceba234fb,5
0x8ad272ac86c6c88683d9a60eb8ed57e6c304bb0c,0xd472b0798421159999e3db0aaa2d53bc0d7acfa3,5
0xb53349160e38739b37e4bbfcf950ed26e26fcb41,0x8ab83d869f2bc250b781d26f6584fd5c562fdd9d,5
0xc310e760778ecbca4c65b6c559874757a4c4ece0,0x2e992e3941f67dc416de6275f496ceb2c0025da2,5
0xc310e760778ecbca4c65b6c559874757a4c4ece0,0x72fae93d08a060a7f0a8919708c0db74ca46cbb6,5
0xd387a6e4e84a6c86bd90c158c6028a58cc8ac459,0x020ca66c30bec2c4fe3861a94e4db4a498a35872,5
0xd387a6e4e84a6c86bd90c158c6028a58cc8ac459,0x1731bdd386e021a7744282454887a87551725819,5
0xea47b64e1bfccb773a0420247c0aa0a3c1d2e5c5,0x69bab6810fa99475854bca0a3dd72ae6a0728ece,5
0xf2cb78a3300a5938223e9ea9204d70c6e2a595f7,0xc310e760778ecbca4c65b6c559874757a4c4ece0,5
0x020ca66c30bec2c4fe3861a94e4db4a498a35872,0x6903f3a1540946c34e3a577ad6ffcbe43356dcbe,4
0x020ca66c30bec2c4fe3861a94e4db4a498a35872,0x91b0851797873bdbcd8a2a519a92fffcfde61041,4
0x6903f3a1540946c34e3a577ad6ffcbe43356dcbe,0xc310e760778ecbca4c65b6c559874757a4c4ece0,4
0x6bf97f2534be2242ddb3a29bfb24d498212dcded,0x91b0851797873bdbcd8a2a519a92fffcfde61041,4
0x6bf97f2534be2242ddb3a29bfb24d498212dcded,0xdb4df088e85e5d66d2d2ab451d5ead618c124305,4
0x6e3be30e9da9a8ac92e9e82c49344a28aff0f354,0xc310e760778ecbca4c65b6c559874757a4c4ece0,4
0x701f373df763308d96d8537822e8f9b2bae4e847,0xea47b64e1bfccb773a0420247c0aa0a3c1d2e5c5,4
0x7c15561590fc9eb063b3803b55165633eef207ec,0x228c1334fc57eb6e02ecc448e749a041124321c1,4
0x7c15561590fc9eb063b3803b55165633eef207ec,0xac707ee01a605bfc712536d703e5e790357c48e5,4
0xac707ee01a605bfc712536d703e5e790357c48e5,0x7c15561590fc9eb063b3803b55165633eef207ec,4
0xaf93fcce0548d3124a5fc3045adaf1dde4e8bf7e,0xea47b64e1bfccb773a0420247c0aa0a3c1d2e5c5,4
0xc310e760778ecbca4c65b6c559874757a4c4ece0,0x35f0686c63f50707ea3b5bace186938e4e19f03a,4
0xd387a6e4e84a6c86bd90c158c6028a58cc8ac459,0x23ffa72d19450516322c8875fce660d80f732b4c,4
0xd387a6e4e84a6c86bd90c158c6028a58cc8ac459,0x3d16356a3ce656b9505ee167fa828b7d03a726de,4
0xd387a6e4e84a6c86bd90c158c6028a58cc8ac459,0x72fae93d08a060a7f0a8919708c0db74ca46cbb6,4
0xd387a6e4e84a6c86bd90c158c6028a58cc8ac459,0xdf370df571f3d5099ccaf0b236caa08e4fe47c44,4
0xdb4df088e85e5d66d2d2ab451d5ead618c124305,0x020ca66c30bec2c4fe3861a94e4db4a498a35872,4
0xea47b64e1bfccb773a0420247c0aa0a3c1d2e5c5,0x8a4ac0cd96828466e10ffe0c4839ee2a7a2fe76f,4
0xff6d917a46f3071e9dc83a57aba7e1c6e46b991c,0xc310e760778ecbca4c65b6c559874757a4c4ece0,4
0x020ca66c30bec2c4fe3861a94e4db4a498a35872,0x23ffa72d19450516322c8875fce660d80f732b4c,3
0x020ca66c30bec2c4fe3861a94e4db4a498a35872,0x6165d76626a9dda47e9c7e316533f47b2d641ab8,3
0x020ca66c30bec2c4fe3861a94e4db4a498a35872,0x69bab6810fa99475854bca0a3dd72ae6a0728ece,3
0x29b1b2d083456fd07b19649f8b85f9927a29b1ab,0x7d935fb77f7f1ae608f5ef535a347e8b9965bc99,3
0x2e992e3941f67dc416de6275f496ceb2c0025da2,0xe4d825729c7b43b26d038c81e4e0477c30c6a5bc,3
0x3c6137504c38215fea30605b3e364a23c1d3e14f,0x7c15561590fc9eb063b3803b55165633eef207ec,3
0x3d6a89c8751a45dd577a4c1f3b34e71c58236193,0x28f8ca3b0eddd849c93986df0fd194252c4e4b03,3
0x3d6a89c8751a45dd577a4c1f3b34e71c58236193,0x8020c5494a9e13ca5e524711c71677a2f3049df7,3
0x4c6b83ca1c59781fab57790a46281bbd93e539fe,0x5b20783f4baabd33bb53dd77c9b0459f5701e36a,3
0x54b174179ae825ed630da40b625bb3c883cd40ae,0xc310e760778ecbca4c65b6c559874757a4c4ece0,3
0x69bab6810fa99475854bca0a3dd72ae6a0728ece,0x7c15561590fc9eb063b3803b55165633eef207ec,3
0x6b3bacba7a6da1d6660079f5fd49fdc167ec5783,0xf2cb78a3300a5938223e9ea9204d70c6e2a595f7,3
0x6bf97f2534be2242ddb3a29bfb24d498212dcded,0x17082a8fbae3c10d73a361f218ae77bafb62bf4d,3
0x721931508df2764fd4f70c53da646cb8aed16ace,0x33e3c007d1d48e2b645c9ce22570267b0c82f578,3
0x721931508df2764fd4f70c53da646cb8aed16ace,0x4e3edee75a2807f00f3c87c1d27beafe0262db0b,3
0x721931508df2764fd4f70c53da646cb8aed16ace,0x701f373df763308d96d8537822e8f9b2bae4e847,3
0x721931508df2764fd4f70c53da646cb8aed16ace,0x8020c5494a9e13ca5e524711c71677a2f3049df7,3
0x721931508df2764fd4f70c53da646cb8aed16ace,0xfc840af78a496b52e378dfa94838402e1b7f71dd,3
0x7c15561590fc9eb063b3803b55165633eef207ec,0x3c6137504c38215fea30605b3e364a23c1d3e14f,3
0x7d935fb77f7f1ae608f5ef535a347e8b9965bc99,0x4c6b83ca1c59781fab57790a46281bbd93e539fe,3
0x975222a8365e6ab51b7867524f77261cd4ece06e,0x3993cc55734f019dcfd6ce00860165cd0ecc3e13,3
0xa078efb1e49bd30fc720fb8f6aadc2228b15a53d,0x33d27f0bb797de3d20e519f4a192b7570c56681b,3
0xb53349160e38739b37e4bbfcf950ed26e26fcb41,0x2e992e3941f67dc416de6275f496ceb2c0025da2,3
0xc310e760778ecbca4c65b6c559874757a4c4ece0,0x5b20783f4baabd33bb53dd77c9b0459f5701e36a,3
0xc310e760778ecbca4c65b6c559874757a4c4ece0,0x8ad272ac86c6c88683d9a60eb8ed57e6c304bb0c,3
0xc310e760778ecbca4c65b6c559874757a4c4ece0,0xac707ee01a605bfc712536d703e5e790357c48e5,3
0xc310e760778ecbca4c65b6c559874757a4c4ece0,0xdf370df571f3d5099ccaf0b236caa08e4fe47c44,3
0xc310e760778ecbca4c65b6c559874757a4c4ece0,0xea39c551834d07ee2ee87f1ceff843c308e089af,3
0xd387a6e4e84a6c86bd90c158c6028a58cc8ac459,0x28f8ca3b0eddd849c93986df0fd194252c4e4b03,3
0xd387a6e4e84a6c86bd90c158c6028a58cc8ac459,0x49ac75cca2338b6400cbd1e080a09781cf5bc3c5,3
0xd387a6e4e84a6c86bd90c158c6028a58cc8ac459,0x701f373df763308d96d8537822e8f9b2bae4e847,3
0xd387a6e4e84a6c86bd90c158c6028a58cc8ac459,0x8020c5494a9e13ca5e524711c71677a2f3049df7,3
0xd387a6e4e84a6c86bd90c158c6028a58cc8ac459,0xb53349160e38739b37e4bbfcf950ed26e26fcb41,3
0xd387a6e4e84a6c86bd90c158c6028a58cc8ac459,0xd23b06012790e2d8e01a7607127588b609c27f0c,3
0xd387a6e4e84a6c86bd90c158c6028a58cc8ac459,0xdb4df088e85e5d66d2d2ab451d5ead618c124305,3
0xd387a6e4e84a6c86bd90c158c6028a58cc8ac459,0xfc840af78a496b52e378dfa94838402e1b7f71dd,3
0xdcae87821fa6caea05dbc2811126f4bc7ff73bd1,0x49ac75cca2338b6400cbd1e080a09781cf5bc3c5,3
0xdcae87821fa6caea05dbc2811126f4bc7ff73bd1,0x4e4ab68dc0fda1ab08c3a792f5b814db7c3fd35c,3
0xdcae87821fa6caea05dbc2811126f4bc7ff73bd1,0x5b20783f4baabd33bb53dd77c9b0459f5701e36a,3
0xea39c551834d07ee2ee87f1ceff843c308e089af,0x7c15561590fc9eb063b3803b55165633eef207ec,3
0xfeae9fe11170fc19b6f40796fd1debfa360daacc,0x721931508df2764fd4f70c53da646cb8aed16ace,3
0x020ca66c30bec2c4fe3861a94e4db4a498a35872,0x53fed1eb683745352886a363cc0b6e3415824ec8,2
0x1317ecfffe454f7f5b8f8d1b1e0951d6c55e9615,0xd472b0798421159999e3db0aaa2d53bc0d7acfa3,2
0x17082a8fbae3c10d73a361f218ae77bafb62bf4d,0x2e992e3941f67dc416de6275f496ceb2c0025da2,2
0x17082a8fbae3c10d73a361f218ae77bafb62bf4d,0xc310e760778ecbca4c65b6c559874757a4c4ece0,2
0x228c1334fc57eb6e02ecc448e749a041124321c1,0xe4d825729c7b43b26d038c81e4e0477c30c6a5bc,2
0x23ffa72d19450516322c8875fce660d80f732b4c,0xaf93fcce0548d3124a5fc3045adaf1dde4e8bf7e,2
0x28f8ca3b0eddd849c93986df0fd194252c4e4b03,0x69c488bcda156379b6661f08a35db627e5d467dd,2
0x33569c101562e1faf5b24581057e5cee4c8288d7,0xea39c551834d07ee2ee87f1ceff843c308e089af,2
0x33e3c007d1d48e2b645c9ce22570267b0c82f578,0xd472b0798421159999e3db0aaa2d53bc0d7acfa3,2
0x3889a7996ef845fe35105b3ef8b0182fd3c253d6,0x28f8ca3b0eddd849c93986df0fd194252c4e4b03,2
0x442dccee68425828c106a3662014b4f131e3bd9b,0x4e3edee75a2807f00f3c87c1d27beafe0262db0b,2
0x4c6b83ca1c59781fab57790a46281bbd93e539fe,0x7d935fb77f7f1ae608f5ef535a347e8b9965bc99,2
0x4c6b83ca1c59781fab57790a46281bbd93e539fe,0xaf93fcce0548d3124a5fc3045adaf1dde4e8bf7e,2
0x4e4ab68dc0fda1ab08c3a792f5b814db7c3fd35c,0xfc840af78a496b52e378dfa94838402e1b7f71dd,2
0x50d329ca4be534a850c784b9ceee2ba4f32f3d38,0xc310e760778ecbca4c65b6c559874757a4c4ece0,2
0x563415679588e508c0c8f0a729c9bf898406e9b5,0x91b0851797873bdbcd8a2a519a92fffcfde61041,2
0x5b20783f4baabd33bb53dd77c9b0459f5701e36a,0xa85f0bd039bd6ca4708b72150e29c68642cc3635,2
0x6903f3a1540946c34e3a577ad6ffcbe43356dcbe,0xdf370df571f3d5099ccaf0b236caa08e4fe47c44,2
0x6903f3a1540946c34e3a577ad6ffcbe43356dcbe,0xf41fa837908c0318a9a2b739c8fb990bfd4ac8a7,2
0x69bab6810fa99475854bca0a3dd72ae6a0728ece,0x701f373df763308d96d8537822e8f9b2bae4e847,2
0x69bab6810fa99475854bca0a3dd72ae6a0728ece,0xd472b0798421159999e3db0aaa2d53bc0d7acfa3,2
0x69bab6810fa99475854bca0a3dd72ae6a0728ece,0xea47b64e1bfccb773a0420247c0aa0a3c1d2e5c5,2
0x721931508df2764fd4f70c53da646cb8aed16ace,0x49ac75cca2338b6400cbd1e080a09781cf5bc3c5,2
0x721931508df2764fd4f70c53da646cb8aed16ace,0xa078efb1e49bd30fc720fb8f6aadc2228b15a53d,2
0x721931508df2764fd4f70c53da646cb8aed16ace,0xd472b0798421159999e3db0aaa2d53bc0d7acfa3,2
0x72fae93d08a060a7f0a8919708c0db74ca46cbb6,0x1317ecfffe454f7f5b8f8d1b1e0951d6c55e9615,2
0x7c15561590fc9eb063b3803b55165633eef207ec,0xb7692c097a20f6767e0464bbe958d69bf082baf5,2
0x7d935fb77f7f1ae608f5ef535a347e8b9965bc99,0xa078efb1e49bd30fc720fb8f6aadc2228b15a53d,2
0x7d935fb77f7f1ae608f5ef535a347e8b9965bc99,0xde5d7d1dbf75b1fbf70be6f4a9a9f5442751a8c1,2
0x8a4ac0cd96828466e10ffe0c4839ee2a7a2fe76f,0x7c15561590fc9eb063b3803b55165633eef207ec,2
0x8a4ac0cd96828466e10ffe0c4839ee2a7a2fe76f,0xd472b0798421159999e3db0aaa2d53bc0d7acfa3,2
0x8ab83d869f2bc250b781d26f6584fd5c562fdd9d,0x8ab83d869f2bc250b781d26f6584fd5c562fdd9d,2
0x8ab83d869f2bc250b781d26f6584fd5c562fdd9d,0xc310e760778ecbca4c65b6c559874757a4c4ece0,2
0x8ad272ac86c6c88683d9a60eb8ed57e6c304bb0c,0x020ca66c30bec2c4fe3861a94e4db4a498a35872,2
0x8ad272ac86c6c88683d9a60eb8ed57e6c304bb0c,0x442dccee68425828c106a3662014b4f131e3bd9b,2
0x8ad272ac86c6c88683d9a60eb8ed57e6c304bb0c,0xc7daff430efad15679f8bb53530debee0308eb1b,2
0x8ad272ac86c6c88683d9a60eb8ed57e6c304bb0c,0xea39c551834d07ee2ee87f1ceff843c308e089af,2
0x975222a8365e6ab51b7867524f77261cd4ece06e,0x0ac08dd503ec22616f265f2e14ad42c4d3b41616,2
0xa078efb1e49bd30fc720fb8f6aadc2228b15a53d,0x7d935fb77f7f1ae608f5ef535a347e8b9965bc99,2
0xa4e774f2290b63b6cb057ef77991fb0e4b901e15,0x563415679588e508c0c8f0a729c9bf898406e9b5,2
0xa7ab7a265f274fa664187698932d3cabb851023d,0x228c1334fc57eb6e02ecc448e749a041124321c1,2
0xaf93fcce0548d3124a5fc3045adaf1dde4e8bf7e,0x23ffa72d19450516322c8875fce660d80f732b4c,2
0xaf93fcce0548d3124a5fc3045adaf1dde4e8bf7e,0x4c6b83ca1c59781fab57790a46281bbd93e539fe,2
0xaf93fcce0548d3124a5fc3045adaf1dde4e8bf7e,0xd23b06012790e2d8e01a7607127588b609c27f0c,2
0xb30452beca9c462bc6773582c9e0d70cc60e7321,0x29b1b2d083456fd07b19649f8b85f9927a29b1ab,2
0xb30452beca9c462bc6773582c9e0d70cc60e7321,0x6903f3a1540946c34e3a577ad6ffcbe43356dcbe,2
0xb30452beca9c462bc6773582c9e0d70cc60e7321,0xa078efb1e49bd30fc720fb8f6aadc2228b15a53d,2
0xb53349160e38739b37e4bbfcf950ed26e26fcb41,0x04c52bd080ecf149c16940379ce0b55e466b32c1,2
0xb53349160e38739b37e4bbfcf950ed26e26fcb41,0x4e4ab68dc0fda1ab08c3a792f5b814db7c3fd35c,2
0xb53349160e38739b37e4bbfcf950ed26e26fcb41,0x91b0851797873bdbcd8a2a519a92fffcfde61041,2
0xb53349160e38739b37e4bbfcf950ed26e26fcb41,0xde5d7d1dbf75b1fbf70be6f4a9a9f5442751a8c1,2
0xb7692c097a20f6767e0464bbe958d69bf082baf5,0x7c15561590fc9eb063b3803b55165633eef207ec,2
0xc310e760778ecbca4c65b6c559874757a4c4ece0,0x33569c101562e1faf5b24581057e5cee4c8288d7,2
0xc310e760778ecbca4c65b6c559874757a4c4ece0,0x6903f3a1540946c34e3a577ad6ffcbe43356dcbe,2
0xc310e760778ecbca4c65b6c559874757a4c4ece0,0x7d935fb77f7f1ae608f5ef535a347e8b9965bc99,2
0xc310e760778ecbca4c65b6c559874757a4c4ece0,0x8ab83d869f2bc250b781d26f6584fd5c562fdd9d,2
0xc310e760778ecbca4c65b6c559874757a4c4ece0,0xd23b06012790e2d8e01a7607127588b609c27f0c,2
0xc310e760778ecbca4c65b6c559874757a4c4ece0,0xd3fc6fec4b219c2d74b366fee6b585df71611533,2
0xc310e760778ecbca4c65b6c559874757a4c4ece0,0xf2cb78a3300a5938223e9ea9204d70c6e2a595f7,2
0xc991fd20ffd2ee620a73ea7dadd051fe86d39b15,0x2e992e3941f67dc416de6275f496ceb2c0025da2,2
0xcc47fcbfdd6e558fb39cf5ef4d92e59890476b86,0x5b20783f4baabd33bb53dd77c9b0459f5701e36a,2
0xcc47fcbfdd6e558fb39cf5ef4d92e59890476b86,0xfc840af78a496b52e378dfa94838402e1b7f71dd,2
0xd23b06012790e2d8e01a7607127588b609c27f0c,0xaf93fcce0548d3124a5fc3045adaf1dde4e8bf7e,2
0xd387a6e4e84a6c86bd90c158c6028a58cc8ac459,0x3d6a89c8751a45dd577a4c1f3b34e71c58236193,2
0xd387a6e4e84a6c86bd90c158c6028a58cc8ac459,0x563415679588e508c0c8f0a729c9bf898406e9b5,2
0xd387a6e4e84a6c86bd90c158c6028a58cc8ac459,0x69bab6810fa99475854bca0a3dd72ae6a0728ece,2
0xd387a6e4e84a6c86bd90c158c6028a58cc8ac459,0xa4e774f2290b63b6cb057ef77991fb0e4b901e15,2
0xd387a6e4e84a6c86bd90c158c6028a58cc8ac459,0xb30452beca9c462bc6773582c9e0d70cc60e7321,2
0xd387a6e4e84a6c86bd90c158c6028a58cc8ac459,0xde5d7d1dbf75b1fbf70be6f4a9a9f5442751a8c1,2
0xd3fc6fec4b219c2d74b366fee6b585df71611533,0x0ac08dd503ec22616f265f2e14ad42c4d3b41616,2
0xdcae87821fa6caea05dbc2811126f4bc7ff73bd1,0xfc840af78a496b52e378dfa94838402e1b7f71dd,2
0xdcae87821fa6caea05dbc2811126f4bc7ff73bd1,0xff6d917a46f3071e9dc83a57aba7e1c6e46b991c,2
0xdd2aa6999e1f685349b2b3c5f6ba58e015ce89d0,0xd472b0798421159999e3db0aaa2d53bc0d7acfa3,2
0xddb92a96054132801cae3943b2f966fc2c308ac8,0x1731bdd386e021a7744282454887a87551725819,2
0xddb92a96054132801cae3943b2f966fc2c308ac8,0x28f8ca3b0eddd849c93986df0fd194252c4e4b03,2
0xddb92a96054132801cae3943b2f966fc2c308ac8,0xd23b06012790e2d8e01a7607127588b609c27f0c,2
0xdf370df571f3d5099ccaf0b236caa08e4fe47c44,0xc310e760778ecbca4c65b6c559874757a4c4ece0,2
0xea47b64e1bfccb773a0420247c0aa0a3c1d2e5c5,0x33569c101562e1faf5b24581057e5cee4c8288d7,2
0xea47b64e1bfccb773a0420247c0aa0a3c1d2e5c5,0x701f373df763308d96d8537822e8f9b2bae4e847,2
0xee402489d83e2b22d496910f8c810d35a3ad7b25,0x28f8ca3b0eddd849c93986df0fd194252c4e4b03,2
0xee402489d83e2b22d496910f8c810d35a3ad7b25,0xc7daff430efad15679f8bb53530debee0308eb1b,2
0xeee5eb24e7a0ea53b75a1b9ad72e7d20562f4283,0xde5d7d1dbf75b1fbf70be6f4a9a9f5442751a8c1,2
0xf2cb78a3300a5938223e9ea9204d70c6e2a595f7,0x1731bdd386e021a7744282454887a87551725819,2
0xfeae9fe11170fc19b6f40796fd1debfa360daacc,0x7405fe24003a50e4f4117d35e9b5a9f5e512fede,2
0x020ca66c30bec2c4fe3861a94e4db4a498a35872,0x04c52bd080ecf149c16940379ce0b55e466b32c1,1
0x020ca66c30bec2c4fe3861a94e4db4a498a35872,0x3993cc55734f019dcfd6ce00860165cd0ecc3e13,1
0x020ca66c30bec2c4fe3861a94e4db4a498a35872,0x6b3bacba7a6da1d6660079f5fd49fdc167ec5783,1
0x020ca66c30bec2c4fe3861a94e4db4a498a35872,0x6e3be30e9da9a8ac92e9e82c49344a28aff0f354,1
0x020ca66c30bec2c4fe3861a94e4db4a498a35872,0x72fae93d08a060a7f0a8919708c0db74ca46cbb6,1
0x020ca66c30bec2c4fe3861a94e4db4a498a35872,0x8ad272ac86c6c88683d9a60eb8ed57e6c304bb0c,1
0x020ca66c30bec2c4fe3861a94e4db4a498a35872,0xa2efa94766ee867c91f71e8020a3c97ae687e5c3,1
0x020ca66c30bec2c4fe3861a94e4db4a498a35872,0xac707ee01a605bfc712536d703e5e790357c48e5,1
0x020ca66c30bec2c4fe3861a94e4db4a498a35872,0xd472b0798421159999e3db0aaa2d53bc0d7acfa3,1
0x020ca66c30bec2c4fe3861a94e4db4a498a35872,0xdf370df571f3d5099ccaf0b236caa08e4fe47c44,1
0x020ca66c30bec2c4fe3861a94e4db4a498a35872,0xea39c551834d07ee2ee87f1ceff843c308e089af,1
0x04c52bd080ecf149c16940379ce0b55e466b32c1,0x8ab83d869f2bc250b781d26f6584fd5c562fdd9d,1
0x04c52bd080ecf149c16940379ce0b55e466b32c1,0x8ad272ac86c6c88683d9a60eb8ed57e6c304bb0c,1
0x04c52bd080ecf149c16940379ce0b55e466b32c1,0x91b0851797873bdbcd8a2a519a92fffcfde61041,1
0x04c52bd080ecf149c16940379ce0b55e466b32c1,0xa078efb1e49bd30fc720fb8f6aadc2228b15a53d,1
0x0ac08dd503ec22616f265f2e14ad42c4d3b41616,0x7c15561590fc9eb063b3803b55165633eef207ec,1
0x0ac08dd503ec22616f265f2e14ad42c4d3b41616,0xd472b0798421159999e3db0aaa2d53bc0d7acfa3,1
0x0ac08dd503ec22616f265f2e14ad42c4d3b41616,0xde5d7d1dbf75b1fbf70be6f4a9a9f5442751a8c1,1
0x1317ecfffe454f7f5b8f8d1b1e0951d6c55e9615,0x17082a8fbae3c10d73a361f218ae77bafb62bf4d,1
0x1317ecfffe454f7f5b8f8d1b1e0951d6c55e9615,0x2e992e3941f67dc416de6275f496ceb2c0025da2,1
0x1317ecfffe454f7f5b8f8d1b1e0951d6c55e9615,0xd23b06012790e2d8e01a7607127588b609c27f0c,1
0x1317ecfffe454f7f5b8f8d1b1e0951d6c55e9615,0xf2cb78a3300a5938223e9ea9204d70c6e2a595f7,1
0x1411e65f90b43cdf3008d7075e50ed4b1ce9ed5c,0x0ac08dd503ec22616f265f2e14ad42c4d3b41616,1
0x1411e65f90b43cdf3008d7075e50ed4b1ce9ed5c,0xa078efb1e49bd30fc720fb8f6aadc2228b15a53d,1
0x17082a8fbae3c10d73a361f218ae77bafb62bf4d,0x3993cc55734f019dcfd6ce00860165cd0ecc3e13,1
0x17082a8fbae3c10d73a361f218ae77bafb62bf4d,0x8ad272ac86c6c88683d9a60eb8ed57e6c304bb0c,1
0x17082a8fbae3c10d73a361f218ae77bafb62bf4d,0xdf370df571f3d5099ccaf0b236caa08e4fe47c44,1
0x17082a8fbae3c10d73a361f218ae77bafb62bf4d,0xea39c551834d07ee2ee87f1ceff843c308e089af,1
0x1731bdd386e021a7744282454887a87551725819,0x6e3be30e9da9a8ac92e9e82c49344a28aff0f354,1
0x1731bdd386e021a7744282454887a87551725819,0x8ad272ac86c6c88683d9a60eb8ed57e6c304bb0c,1
0x1731bdd386e021a7744282454887a87551725819,0xf2cb78a3300a5938223e9ea9204d70c6e2a595f7,1
0x228c1334fc57eb6e02ecc448e749a041124321c1,0x8ad272ac86c6c88683d9a60eb8ed57e6c304bb0c,1
0x23ffa72d19450516322c8875fce660d80f732b4c,0x17082a8fbae3c10d73a361f218ae77bafb62bf4d,1
0x23ffa72d19450516322c8875fce660d80f732b4c,0x1731bdd386e021a7744282454887a87551725819,1
0x23ffa72d19450516322c8875fce660d80f732b4c,0x4e3edee75a2807f00f3c87c1d27beafe0262db0b,1
0x23ffa72d19450516322c8875fce660d80f732b4c,0x60fd35191ffa774e40934efb8ed34b2ec42da320,1
0x23ffa72d19450516322c8875fce660d80f732b4c,0x69bab6810fa99475854bca0a3dd72ae6a0728ece,1
0x23ffa72d19450516322c8875fce660d80f732b4c,0x72fae93d08a060a7f0a8919708c0db74ca46cbb6,1
0x23ffa72d19450516322c8875fce660d80f732b4c,0xea39c551834d07ee2ee87f1ceff843c308e089af,1
0x28f8ca3b0eddd849c93986df0fd194252c4e4b03,0x0ac08dd503ec22616f265f2e14ad42c4d3b41616,1
0x28f8ca3b0eddd849c93986df0fd194252c4e4b03,0x17082a8fbae3c10d73a361f218ae77bafb62bf4d,1
0x28f8ca3b0eddd849c93986df0fd194252c4e4b03,0x5b20783f4baabd33bb53dd77c9b0459f5701e36a,1
0x28f8ca3b0eddd849c93986df0fd194252c4e4b03,0x60fd35191ffa774e40934efb8ed34b2ec42da320,1
0x29b1b2d083456fd07b19649f8b85f9927a29b1ab,0x1411e65f90b43cdf3008d7075e50ed4b1ce9ed5c,1
0x29b1b2d083456fd07b19649f8b85f9927a29b1ab,0x33e3c007d1d48e2b645c9ce22570267b0c82f578,1
0x29b1b2d083456fd07b19649f8b85f9927a29b1ab,0x3d6a89c8751a45dd577a4c1f3b34e71c58236193,1
0x29b1b2d083456fd07b19649f8b85f9927a29b1ab,0x6903f3a1540946c34e3a577ad6ffcbe43356dcbe,1
0x29b1b2d083456fd07b19649f8b85f9927a29b1ab,0xdb4df088e85e5d66d2d2ab451d5ead618c124305,1
0x29b3340f6c8e292a65ab5067632fe7e65fcb7b12,0x3d16356a3ce656b9505ee167fa828b7d03a726de,1
0x29b3340f6c8e292a65ab5067632fe7e65fcb7b12,0x53fed1eb683745352886a363cc0b6e3415824ec8,1
0x29b3340f6c8e292a65ab5067632fe7e65fcb7b12,0xdcae87821fa6caea05dbc2811126f4bc7ff73bd1,1
0x29b3340f6c8e292a65ab5067632fe7e65fcb7b12,0xfc840af78a496b52e378dfa94838402e1b7f71dd,1
0x2c2ed4b3876c442fee80bee76ce0ee2ca2a512af,0x54b174179ae825ed630da40b625bb3c883cd40ae,1
0x2c2ed4b3876c442fee80bee76ce0ee2ca2a512af,0xd23b06012790e2d8e01a7607127588b609c27f0c,1
0x2d1194e75b408c9395a8bbbedc0079322b62c0a4,0x2c2ed4b3876c442fee80bee76ce0ee2ca2a512af,1
0x2e992e3941f67dc416de6275f496ceb2c0025da2,0x4e3edee75a2807f00f3c87c1d27beafe0262db0b,1
0x2e992e3941f67dc416de6275f496ceb2c0025da2,0x563415679588e508c0c8f0a729c9bf898406e9b5,1
0x2e992e3941f67dc416de6275f496ceb2c0025da2,0x91b0851797873bdbcd8a2a519a92fffcfde61041,1
0x2e992e3941f67dc416de6275f496ceb2c0025da2,0xc310e760778ecbca4c65b6c559874757a4c4ece0,1
0x2e992e3941f67dc416de6275f496ceb2c0025da2,0xea39c551834d07ee2ee87f1ceff843c308e089af,1
0x33569c101562e1faf5b24581057e5cee4c8288d7,0x020ca66c30bec2c4fe3861a94e4db4a498a35872,1
0x33569c101562e1faf5b24581057e5cee4c8288d7,0xa85f0bd039bd6ca4708b72150e29c68642cc3635,1
0x33569c101562e1faf5b24581057e5cee4c8288d7,0xaf93fcce0548d3124a5fc3045adaf1dde4e8bf7e,1
0x33569c101562e1faf5b24581057e5cee4c8288d7,0xea47b64e1bfccb773a0420247c0aa0a3c1d2e5c5,1
0x33d27f0bb797de3d20e519f4a192b7570c56681b,0x04c52bd080ecf149c16940379ce0b55e466b32c1,1
0x33d27f0bb797de3d20e519f4a192b7570c56681b,0x28f8ca3b0eddd849c93986df0fd194252c4e4b03,1
0x33d27f0bb797de3d20e519f4a192b7570c56681b,0x29b1b2d083456fd07b19649f8b85f9927a29b1ab,1
0x33d27f0bb797de3d20e519f4a192b7570c56681b,0x72fae93d08a060a7f0a8919708c0db74ca46cbb6,1
0x33d27f0bb797de3d20e519f4a192b7570c56681b,0x7d935fb77f7f1ae608f5ef535a347e8b9965bc99,1
0x33d27f0bb797de3d20e519f4a192b7570c56681b,0xc991fd20ffd2ee620a73ea7dadd051fe86d39b15,1
0x33d27f0bb797de3d20e519f4a192b7570c56681b,0xddb92a96054132801cae3943b2f966fc2c308ac8,1
0x33e3c007d1d48e2b645c9ce22570267b0c82f578,0x6903f3a1540946c34e3a577ad6ffcbe43356dcbe,1
0x357931791284f40765b462aa7ad217ebf82920cb,0x28f8ca3b0eddd849c93986df0fd194252c4e4b03,1
0x357931791284f40765b462aa7ad217ebf82920cb,0x3d16356a3ce656b9505ee167fa828b7d03a726de,1
0x357931791284f40765b462aa7ad217ebf82920cb,0x3d6a89c8751a45dd577a4c1f3b34e71c58236193,1
0x357931791284f40765b462aa7ad217ebf82920cb,0x5b20783f4baabd33bb53dd77c9b0459f5701e36a,1
0x357931791284f40765b462aa7ad217ebf82920cb,0x7d935fb77f7f1ae608f5ef535a347e8b9965bc99,1
0x35f0686c63f50707ea3b5bace186938e4e19f03a,0x28f8ca3b0eddd849c93986df0fd194252c4e4b03,1
0x35f0686c63f50707ea3b5bace186938e4e19f03a,0x442dccee68425828c106a3662014b4f131e3bd9b,1
0x35f0686c63f50707ea3b5bace186938e4e19f03a,0x60fd35191ffa774e40934efb8ed34b2ec42da320,1
0x35f0686c63f50707ea3b5bace186938e4e19f03a,0xa078efb1e49bd30fc720fb8f6aadc2228b15a53d,1
0x35f0686c63f50707ea3b5bace186938e4e19f03a,0xdcae87821fa6caea05dbc2811126f4bc7ff73bd1,1
0x3889a7996ef845fe35105b3ef8b0182fd3c253d6,0x4e3edee75a2807f00f3c87c1d27beafe0262db0b,1
0x3889a7996ef845fe35105b3ef8b0182fd3c253d6,0x8ad272ac86c6c88683d9a60eb8ed57e6c304bb0c,1
0x3889a7996ef845fe35105b3ef8b0182fd3c253d6,0xaf93fcce0548d3124a5fc3045adaf1dde4e8bf7e,1
0x3889a7996ef845fe35105b3ef8b0182fd3c253d6,0xdb4df088e85e5d66d2d2ab451d5ead618c124305,1
0x3889a7996ef845fe35105b3ef8b0182fd3c253d6,0xff6d917a46f3071e9dc83a57aba7e1c6e46b991c,1
0x3993cc55734f019dcfd6ce00860165cd0ecc3e13,0x6e3be30e9da9a8ac92e9e82c49344a28aff0f354,1
0x3993cc55734f019dcfd6ce00860165cd0ecc3e13,0x8ad272ac86c6c88683d9a60eb8ed57e6c304bb0c,1
0x3993cc55734f019dcfd6ce00860165cd0ecc3e13,0xc7daff430efad15679f8bb53530debee0308eb1b,1
0x3993cc55734f019dcfd6ce00860165cd0ecc3e13,0xdf370df571f3d5099ccaf0b236caa08e4fe47c44,1
0x3c6137504c38215fea30605b3e364a23c1d3e14f,0x28f8ca3b0eddd849c93986df0fd194252c4e4b03,1
0x3c6137504c38215fea30605b3e364a23c1d3e14f,0x357931791284f40765b462aa7ad217ebf82920cb,1
0x3d16356a3ce656b9505ee167fa828b7d03a726de,0x3d16356a3ce656b9505ee167fa828b7d03a726de,1
0x3d16356a3ce656b9505ee167fa828b7d03a726de,0x4e3edee75a2807f00f3c87c1d27beafe0262db0b,1
0x3d6a89c8751a45dd577a4c1f3b34e71c58236193,0x020ca66c30bec2c4fe3861a94e4db4a498a35872,1
0x3d6a89c8751a45dd577a4c1f3b34e71c58236193,0x33569c101562e1faf5b24581057e5cee4c8288d7,1
0x3d6a89c8751a45dd577a4c1f3b34e71c58236193,0x8ad272ac86c6c88683d9a60eb8ed57e6c304bb0c,1
0x3d6a89c8751a45dd577a4c1f3b34e71c58236193,0xd472b0798421159999e3db0aaa2d53bc0d7acfa3,1
0x3d6a89c8751a45dd577a4c1f3b34e71c58236193,0xff6d917a46f3071e9dc83a57aba7e1c6e46b991c,1
0x442dccee68425828c106a3662014b4f131e3bd9b,0x49ac75cca2338b6400cbd1e080a09781cf5bc3c5,1
0x442dccee68425828c106a3662014b4f131e3bd9b,0x721931508df2764fd4f70c53da646cb8aed16ace,1
0x442dccee68425828c106a3662014b4f131e3bd9b,0x72fae93d08a060a7f0a8919708c0db74ca46cbb6,1
0x442dccee68425828c106a3662014b4f131e3bd9b,0x7d935fb77f7f1ae608f5ef535a347e8b9965bc99,1
0x442dccee68425828c106a3662014b4f131e3bd9b,0x8ab83d869f2bc250b781d26f6584fd5c562fdd9d,1
0x442dccee68425828c106a3662014b4f131e3bd9b,0xd23b06012790e2d8e01a7607127588b609c27f0c,1
0x442dccee68425828c106a3662014b4f131e3bd9b,0xd75233704795206de38cc58b77a1f660b5c60896,1
0x442dccee68425828c106a3662014b4f131e3bd9b,0xfc840af78a496b52e378dfa94838402e1b7f71dd,1
0x442dccee68425828c106a3662014b4f131e3bd9b,0xff6d917a46f3071e9dc83a57aba7e1c6e46b991c,1
0x49ac75cca2338b6400cbd1e080a09781cf5bc3c5,0x28f8ca3b0eddd849c93986df0fd194252c4e4b03,1
0x4c6b83ca1c59781fab57790a46281bbd93e539fe,0x04c52bd080ecf149c16940379ce0b55e466b32c1,1
0x4c6b83ca1c59781fab57790a46281bbd93e539fe,0x28f8ca3b0eddd849c93986df0fd194252c4e4b03,1
0x4c6b83ca1c59781fab57790a46281bbd93e539fe,0x2c2ed4b3876c442fee80bee76ce0ee2ca2a512af,1
0x4c6b83ca1c59781fab57790a46281bbd93e539fe,0x4e3edee75a2807f00f3c87c1d27beafe0262db0b,1
0x4c6b83ca1c59781fab57790a46281bbd93e539fe,0x563415679588e508c0c8f0a729c9bf898406e9b5,1
0x4c6b83ca1c59781fab57790a46281bbd93e539fe,0x60fd35191ffa774e40934efb8ed34b2ec42da320,1
0x4c6b83ca1c59781fab57790a46281bbd93e539fe,0x6e3be30e9da9a8ac92e9e82c49344a28aff0f354,1
0x4c6b83ca1c59781fab57790a46281bbd93e539fe,0xd3fc6fec4b219c2d74b366fee6b585df71611533,1
0x4c6b83ca1c59781fab57790a46281bbd93e539fe,0xde5d7d1dbf75b1fbf70be6f4a9a9f5442751a8c1,1
0x4d7c645a178e4610b0bc45a738df908ab469943d,0x2c2ed4b3876c442fee80bee76ce0ee2ca2a512af,1
0x4d7c645a178e4610b0bc45a738df908ab469943d,0x4c6b83ca1c59781fab57790a46281bbd93e539fe,1
0x4e3edee75a2807f00f3c87c1d27beafe0262db0b,0x33e3c007d1d48e2b645c9ce22570267b0c82f578,1
0x4e3edee75a2807f00f3c87c1d27beafe0262db0b,0x701f373df763308d96d8537822e8f9b2bae4e847,1
0x4e3edee75a2807f00f3c87c1d27beafe0262db0b,0x72fae93d08a060a7f0a8919708c0db74ca46cbb6,1
0x4e4ab68dc0fda1ab08c3a792f5b814db7c3fd35c,0x1317ecfffe454f7f5b8f8d1b1e0951d6c55e9615,1
0x4e4ab68dc0fda1ab08c3a792f5b814db7c3fd35c,0x33e3c007d1d48e2b645c9ce22570267b0c82f578,1
0x4e4ab68dc0fda1ab08c3a792f5b814db7c3fd35c,0x8ad272ac86c6c88683d9a60eb8ed57e6c304bb0c,1
0x4e4ab68dc0fda1ab08c3a792f5b814db7c3fd35c,0xc991fd20ffd2ee620a73ea7dadd051fe86d39b15,1
0x4e4ab68dc0fda1ab08c3a792f5b814db7c3fd35c,0xff6d917a46f3071e9dc83a57aba7e1c6e46b991c,1
0x50ad3e17a73b4847ded97794ed6dd999277325c1,0xdf370df571f3d5099ccaf0b236caa08e4fe47c44,1
0x50d329ca4be534a850c784b9ceee2ba4f32f3d38,0xd75233704795206de38cc58b77a1f660b5c60896,1
0x54b174179ae825ed630da40b625bb3c883cd40ae,0x6b3bacba7a6da1d6660079f5fd49fdc167ec5783,1
0x54b174179ae825ed630da40b625bb3c883cd40ae,0xe4d825729c7b43b26d038c81e4e0477c30c6a5bc,1
0x563415679588e508c0c8f0a729c9bf898406e9b5,0x33569c101562e1faf5b24581057e5cee4c8288d7,1
0x563415679588e508c0c8f0a729c9bf898406e9b5,0x6e3be30e9da9a8ac92e9e82c49344a28aff0f354,1
0x563415679588e508c0c8f0a729c9bf898406e9b5,0x7d935fb77f7f1ae608f5ef535a347e8b9965bc99,1
0x5b20783f4baabd33bb53dd77c9b0459f5701e36a,0x3d16356a3ce656b9505ee167fa828b7d03a726de,1
0x5b20783f4baabd33bb53dd77c9b0459f5701e36a,0x7d935fb77f7f1ae608f5ef535a347e8b9965bc99,1
0x5b20783f4baabd33bb53dd77c9b0459f5701e36a,0x8a4ac0cd96828466e10ffe0c4839ee2a7a2fe76f,1
0x5b20783f4baabd33bb53dd77c9b0459f5701e36a,0xa2efa94766ee867c91f71e8020a3c97ae687e5c3,1
0x5b20783f4baabd33bb53dd77c9b0459f5701e36a,0xd23b06012790e2d8e01a7607127588b609c27f0c,1
0x5b20783f4baabd33bb53dd77c9b0459f5701e36a,0xe4d825729c7b43b26d038c81e4e0477c30c6a5bc,1
0x5b20783f4baabd33bb53dd77c9b0459f5701e36a,0xf41fa837908c0318a9a2b739c8fb990bfd4ac8a7,1
0x6165d76626a9dda47e9c7e316533f47b2d641ab8,0x3c6137504c38215fea30605b3e364a23c1d3e14f,1
0x6165d76626a9dda47e9c7e316533f47b2d641ab8,0x8020c5494a9e13ca5e524711c71677a2f3049df7,1
0x688bd66268102b9b3631de78f89b9e1df3247aeb,0x4c6b83ca1c59781fab57790a46281bbd93e539fe,1
0x6903f3a1540946c34e3a577ad6ffcbe43356dcbe,0x1317ecfffe454f7f5b8f8d1b1e0951d6c55e9615,1
0x6903f3a1540946c34e3a577ad6ffcbe43356dcbe,0x28f8ca3b0eddd849c93986df0fd194252c4e4b03,1
0x6903f3a1540946c34e3a577ad6ffcbe43356dcbe,0x3d6a89c8751a45dd577a4c1f3b34e71c58236193,1
0x6903f3a1540946c34e3a577ad6ffcbe43356dcbe,0x4e3edee75a2807f00f3c87c1d27beafe0262db0b,1
0x6903f3a1540946c34e3a577ad6ffcbe43356dcbe,0x701f373df763308d96d8537822e8f9b2bae4e847,1
0x6903f3a1540946c34e3a577ad6ffcbe43356dcbe,0x7d935fb77f7f1ae608f5ef535a347e8b9965bc99,1
0x6903f3a1540946c34e3a577ad6ffcbe43356dcbe,0x8ad272ac86c6c88683d9a60eb8ed57e6c304bb0c,1
0x6903f3a1540946c34e3a577ad6ffcbe43356dcbe,0xd472b0798421159999e3db0aaa2d53bc0d7acfa3,1
0x6903f3a1540946c34e3a577ad6ffcbe43356dcbe,0xf2cb78a3300a5938223e9ea9204d70c6e2a595f7,1
0x6903f3a1540946c34e3a577ad6ffcbe43356dcbe,0xfc840af78a496b52e378dfa94838402e1b7f71dd,1
0x6903f3a1540946c34e3a577ad6ffcbe43356dcbe,0xff6d917a46f3071e9dc83a57aba7e1c6e46b991c,1
0x69bab6810fa99475854bca0a3dd72ae6a0728ece,0x28f8ca3b0eddd849c93986df0fd194252c4e4b03,1
0x69bab6810fa99475854bca0a3dd72ae6a0728ece,0x54b174179ae825ed630da40b625bb3c883cd40ae,1
0x69bab6810fa99475854bca0a3dd72ae6a0728ece,0xd23b06012790e2d8e01a7607127588b609c27f0c,1
0x69bab6810fa99475854bca0a3dd72ae6a0728ece,0xf41fa837908c0318a9a2b739c8fb990bfd4ac8a7,1
0x69bab6810fa99475854bca0a3dd72ae6a0728ece,0xfc840af78a496b52e378dfa94838402e1b7f71dd,1
0x69c488bcda156379b6661f08a35db627e5d467dd,0xd75233704795206de38cc58b77a1f660b5c60896,1
0x6b3bacba7a6da1d6660079f5fd49fdc167ec5783,0x020ca66c30bec2c4fe3861a94e4db4a498a35872,1
0x6b3bacba7a6da1d6660079f5fd49fdc167ec5783,0xd75233704795206de38cc58b77a1f660b5c60896,1
0x6bf97f2534be2242ddb3a29bfb24d498212dcded,0x23ffa72d19450516322c8875fce660d80f732b4c,1
0x6bf97f2534be2242ddb3a29bfb24d498212dcded,0x2e992e3941f67dc416de6275f496ceb2c0025da2,1
0x6bf97f2534be2242ddb3a29bfb24d498212dcded,0xd23b06012790e2d8e01a7607127588b609c27f0c,1
0x6bf97f2534be2242ddb3a29bfb24d498212dcded,0xea39c551834d07ee2ee87f1ceff843c308e089af,1
0x6fcade9de3ab9a1e57eab1684cf30e2ceba234fb,0x33e3c007d1d48e2b645c9ce22570267b0c82f578,1
0x6fcade9de3ab9a1e57eab1684cf30e2ceba234fb,0x69bab6810fa99475854bca0a3dd72ae6a0728ece,1
0x6fcade9de3ab9a1e57eab1684cf30e2ceba234fb,0x813ec5facf289bd41365a8f1c9038a1228e95201,1
0x6fcade9de3ab9a1e57eab1684cf30e2ceba234fb,0xa2efa94766ee867c91f71e8020a3c97ae687e5c3,1
0x6fcade9de3ab9a1e57eab1684cf30e2ceba234fb,0xaf93fcce0548d3124a5fc3045adaf1dde4e8bf7e,1
0x701f373df763308d96d8537822e8f9b2bae4e847,0x49ac75cca2338b6400cbd1e080a09781cf5bc3c5,1
0x701f373df763308d96d8537822e8f9b2bae4e847,0xa4e774f2290b63b6cb057ef77991fb0e4b901e15,1
0x7193b82899461a6ac45b528d48d74355f54e7f56,0x1731bdd386e021a7744282454887a87551725819,1
0x7193b82899461a6ac45b528d48d74355f54e7f56,0x28f8ca3b0eddd849c93986df0fd194252c4e4b03,1
0x7193b82899461a6ac45b528d48d74355f54e7f56,0x60fd35191ffa774e40934efb8ed34b2ec42da320,1
0x7193b82899461a6ac45b528d48d74355f54e7f56,0x6e3be30e9da9a8ac92e9e82c49344a28aff0f354,1
0x7193b82899461a6ac45b528d48d74355f54e7f56,0x72fae93d08a060a7f0a8919708c0db74ca46cbb6,1
0x7193b82899461a6ac45b528d48d74355f54e7f56,0x8020c5494a9e13ca5e524711c71677a2f3049df7,1
0x7193b82899461a6ac45b528d48d74355f54e7f56,0xc310e760778ecbca4c65b6c559874757a4c4ece0,1
0x7193b82899461a6ac45b528d48d74355f54e7f56,0xe4d825729c7b43b26d038c81e4e0477c30c6a5bc,1
0x721931508df2764fd4f70c53da646cb8aed16ace,0x2e992e3941f67dc416de6275f496ceb2c0025da2,1
0x721931508df2764fd4f70c53da646cb8aed16ace,0x3d16356a3ce656b9505ee167fa828b7d03a726de,1
0x721931508df2764fd4f70c53da646cb8aed16ace,0x4c6b83ca1c59781fab57790a46281bbd93e539fe,1
0x721931508df2764fd4f70c53da646cb8aed16ace,0x54b174179ae825ed630da40b625bb3c883cd40ae,1
0x721931508df2764fd4f70c53da646cb8aed16ace,0x563415679588e508c0c8f0a729c9bf898406e9b5,1
0x721931508df2764fd4f70c53da646cb8aed16ace,0x69bab6810fa99475854bca0a3dd72ae6a0728ece,1
0x721931508df2764fd4f70c53da646cb8aed16ace,0x72fae93d08a060a7f0a8919708c0db74ca46cbb6,1
0x721931508df2764fd4f70c53da646cb8aed16ace,0x7d935fb77f7f1ae608f5ef535a347e8b9965bc99,1
0x721931508df2764fd4f70c53da646cb8aed16ace,0x8ab83d869f2bc250b781d26f6584fd5c562fdd9d,1
0x721931508df2764fd4f70c53da646cb8aed16ace,0x8ad272ac86c6c88683d9a60eb8ed57e6c304bb0c,1
0x721931508df2764fd4f70c53da646cb8aed16ace,0xa2efa94766ee867c91f71e8020a3c97ae687e5c3,1
0x721931508df2764fd4f70c53da646cb8aed16ace,0xc7daff430efad15679f8bb53530debee0308eb1b,1
0x721931508df2764fd4f70c53da646cb8aed16ace,0xc991fd20ffd2ee620a73ea7dadd051fe86d39b15,1
0x721931508df2764fd4f70c53da646cb8aed16ace,0xd23b06012790e2d8e01a7607127588b609c27f0c,1
0x721931508df2764fd4f70c53da646cb8aed16ace,0xddb92a96054132801cae3943b2f966fc2c308ac8,1
0x721931508df2764fd4f70c53da646cb8aed16ace,0xee402489d83e2b22d496910f8c810d35a3ad7b25,1
0x721931508df2764fd4f70c53da646cb8aed16ace,0xff6d917a46f3071e9dc83a57aba7e1c6e46b991c,1
0x72fae93d08a060a7f0a8919708c0db74ca46cbb6,0x4e3edee75a2807f00f3c87c1d27beafe0262db0b,1
0x72fae93d08a060a7f0a8919708c0db74ca46cbb6,0xa85f0bd039bd6ca4708b72150e29c68642cc3635,1
0x72fae93d08a060a7f0a8919708c0db74ca46cbb6,0xc7daff430efad15679f8bb53530debee0308eb1b,1
0x72fae93d08a060a7f0a8919708c0db74ca46cbb6,0xdb4df088e85e5d66d2d2ab451d5ead618c124305,1
0x7405fe24003a50e4f4117d35e9b5a9f5e512fede,0x72fae93d08a060a7f0a8919708c0db74ca46cbb6,1
0x7405fe24003a50e4f4117d35e9b5a9f5e512fede,0xff6d917a46f3071e9dc83a57aba7e1c6e46b991c,1
0x7bef660b110023fd795d101d5d63972a82438661,0x1317ecfffe454f7f5b8f8d1b1e0951d6c55e9615,1
0x7c15561590fc9eb063b3803b55165633eef207ec,0x0ac08dd503ec22616f265f2e14ad42c4d3b41616,1
0x7c15561590fc9eb063b3803b55165633eef207ec,0x7d935fb77f7f1ae608f5ef535a347e8b9965bc99,1
0x7c15561590fc9eb063b3803b55165633eef207ec,0xdb4df088e85e5d66d2d2ab451d5ead618c124305,1
0x7c15561590fc9eb063b3803b55165633eef207ec,0xdd2aa6999e1f685349b2b3c5f6ba58e015ce89d0,1
0x7d935fb77f7f1ae608f5ef535a347e8b9965bc99,0x7c15561590fc9eb063b3803b55165633eef207ec,1
0x7d935fb77f7f1ae608f5ef535a347e8b9965bc99,0xe4d825729c7b43b26d038c81e4e0477c30c6a5bc,1
0x7d935fb77f7f1ae608f5ef535a347e8b9965bc99,0xf2cb78a3300a5938223e9ea9204d70c6e2a595f7,1
0x813ec5facf289bd41365a8f1c9038a1228e95201,0x3d6a89c8751a45dd577a4c1f3b34e71c58236193,1
0x813ec5facf289bd41365a8f1c9038a1228e95201,0xa078efb1e49bd30fc720fb8f6aadc2228b15a53d,1
0x8a4ac0cd96828466e10ffe0c4839ee2a7a2fe76f,0x020ca66c30bec2c4fe3861a94e4db4a498a35872,1
0x8a4ac0cd96828466e10ffe0c4839ee2a7a2fe76f,0x33569c101562e1faf5b24581057e5cee4c8288d7,1
0x8a4ac0cd96828466e10ffe0c4839ee2a7a2fe76f,0xb53349160e38739b37e4bbfcf950ed26e26fcb41,1
0x8a4ac0cd96828466e10ffe0c4839ee2a7a2fe76f,0xdf370df571f3d5099ccaf0b236caa08e4fe47c44,1
0x8ab83d869f2bc250b781d26f6584fd5c562fdd9d,0x04c52bd080ecf149c16940379ce0b55e466b32c1,1
0x8ab83d869f2bc250b781d26f6584fd5c562fdd9d,0x6e3be30e9da9a8ac92e9e82c49344a28aff0f354,1
0x8ab83d869f2bc250b781d26f6584fd5c562fdd9d,0xc7daff430efad15679f8bb53530debee0308eb1b,1
0x8ad272ac86c6c88683d9a60eb8ed57e6c304bb0c,0x17082a8fbae3c10d73a361f218ae77bafb62bf4d,1
0x8ad272ac86c6c88683d9a60eb8ed57e6c304bb0c,0x1731bdd386e021a7744282454887a87551725819,1
0x8ad272ac86c6c88683d9a60eb8ed57e6c304bb0c,0x28f8ca3b0eddd849c93986df0fd194252c4e4b03,1
0x8ad272ac86c6c88683d9a60eb8ed57e6c304bb0c,0x6e3be30e9da9a8ac92e9e82c49344a28aff0f354,1
0x8ad272ac86c6c88683d9a60eb8ed57e6c304bb0c,0x8ab83d869f2bc250b781d26f6584fd5c562fdd9d,1
0x8ad272ac86c6c88683d9a60eb8ed57e6c304bb0c,0xdb4df088e85e5d66d2d2ab451d5ead618c124305,1
0x8ad272ac86c6c88683d9a60eb8ed57e6c304bb0c,0xdf370df571f3d5099ccaf0b236caa08e4fe47c44,1
0x91b0851797873bdbcd8a2a519a92fffcfde61041,0x17082a8fbae3c10d73a361f218ae77bafb62bf4d,1
0x91b0851797873bdbcd8a2a519a92fffcfde61041,0xa85f0bd039bd6ca4708b72150e29c68642cc3635,1
0x91b0851797873bdbcd8a2a519a92fffcfde61041,0xd472b0798421159999e3db0aaa2d53bc0d7acfa3,1
0x975222a8365e6ab51b7867524f77261cd4ece06e,0x2e992e3941f67dc416de6275f496ceb2c0025da2,1
0x975222a8365e6ab51b7867524f77261cd4ece06e,0x50ad3e17a73b4847ded97794ed6dd999277325c1,1
0x975222a8365e6ab51b7867524f77261cd4ece06e,0x6903f3a1540946c34e3a577ad6ffcbe43356dcbe,1
0x975222a8365e6ab51b7867524f77261cd4ece06e,0x91b0851797873bdbcd8a2a519a92fffcfde61041,1
0x975222a8365e6ab51b7867524f77261cd4ece06e,0xea39c551834d07ee2ee87f1ceff843c308e089af,1
0xa078efb1e49bd30fc720fb8f6aadc2228b15a53d,0x33e3c007d1d48e2b645c9ce22570267b0c82f578,1
0xa078efb1e49bd30fc720fb8f6aadc2228b15a53d,0xea47b64e1bfccb773a0420247c0aa0a3c1d2e5c5,1
0xa2efa94766ee867c91f71e8020a3c97ae687e5c3,0x701f373df763308d96d8537822e8f9b2bae4e847,1
0xa2efa94766ee867c91f71e8020a3c97ae687e5c3,0xc310e760778ecbca4c65b6c559874757a4c4ece0,1
0xa4e774f2290b63b6cb057ef77991fb0e4b901e15,0x23ffa72d19450516322c8875fce660d80f732b4c,1
0xa4e774f2290b63b6cb057ef77991fb0e4b901e15,0x4e3edee75a2807f00f3c87c1d27beafe0262db0b,1
0xa4e774f2290b63b6cb057ef77991fb0e4b901e15,0xde5d7d1dbf75b1fbf70be6f4a9a9f5442751a8c1,1
0xa85f0bd039bd6ca4708b72150e29c68642cc3635,0x53fed1eb683745352886a363cc0b6e3415824ec8,1
0xa85f0bd039bd6ca4708b72150e29c68642cc3635,0xc310e760778ecbca4c65b6c559874757a4c4ece0,1
0xac707ee01a605bfc712536d703e5e790357c48e5,0xac707ee01a605bfc712536d703e5e790357c48e5,1
0xaf93fcce0548d3124a5fc3045adaf1dde4e8bf7e,0x33569c101562e1faf5b24581057e5cee4c8288d7,1
0xaf93fcce0548d3124a5fc3045adaf1dde4e8bf7e,0x3889a7996ef845fe35105b3ef8b0182fd3c253d6,1
0xaf93fcce0548d3124a5fc3045adaf1dde4e8bf7e,0x6fcade9de3ab9a1e57eab1684cf30e2ceba234fb,1
0xaf93fcce0548d3124a5fc3045adaf1dde4e8bf7e,0xdd2aa6999e1f685349b2b3c5f6ba58e015ce89d0,1
0xb30452beca9c462bc6773582c9e0d70cc60e7321,0x28f8ca3b0eddd849c93986df0fd194252c4e4b03,1
0xb30452beca9c462bc6773582c9e0d70cc60e7321,0xa2efa94766ee867c91f71e8020a3c97ae687e5c3,1
0xb30452beca9c462bc6773582c9e0d70cc60e7321,0xdb4df088e85e5d66d2d2ab451d5ead618c124305,1
0xb53349160e38739b37e4bbfcf950ed26e26fcb41,0x3d16356a3ce656b9505ee167fa828b7d03a726de,1
0xb53349160e38739b37e4bbfcf950ed26e26fcb41,0x50ad3e17a73b4847ded97794ed6dd999277325c1,1
0xb53349160e38739b37e4bbfcf950ed26e26fcb41,0x6e3be30e9da9a8ac92e9e82c49344a28aff0f354,1
0xb53349160e38739b37e4bbfcf950ed26e26fcb41,0x701f373df763308d96d8537822e8f9b2bae4e847,1
0xb53349160e38739b37e4bbfcf950ed26e26fcb41,0xa2efa94766ee867c91f71e8020a3c97ae687e5c3,1
0xb53349160e38739b37e4bbfcf950ed26e26fcb41,0xa85f0bd039bd6ca4708b72150e29c68642cc3635,1
0xb53349160e38739b37e4bbfcf950ed26e26fcb41,0xc310e760778ecbca4c65b6c559874757a4c4ece0,1
0xb53349160e38739b37e4bbfcf950ed26e26fcb41,0xc7daff430efad15679f8bb53530debee0308eb1b,1
0xb53349160e38739b37e4bbfcf950ed26e26fcb41,0xf41fa837908c0318a9a2b739c8fb990bfd4ac8a7,1
0xb53349160e38739b37e4bbfcf950ed26e26fcb41,0xff6d917a46f3071e9dc83a57aba7e1c6e46b991c,1
0xb7692c097a20f6767e0464bbe958d69bf082baf5,0xf2cb78a3300a5938223e9ea9204d70c6e2a595f7,1
0xc310e760778ecbca4c65b6c559874757a4c4ece0,0x28f8ca3b0eddd849c93986df0fd194252c4e4b03,1
0xc310e760778ecbca4c65b6c559874757a4c4ece0,0x2d1194e75b408c9395a8bbbedc0079322b62c0a4,1
0xc310e760778ecbca4c65b6c559874757a4c4ece0,0x54b174179ae825ed630da40b625bb3c883cd40ae,1
0xc310e760778ecbca4c65b6c559874757a4c4ece0,0x6e3be30e9da9a8ac92e9e82c49344a28aff0f354,1
0xc310e760778ecbca4c65b6c559874757a4c4ece0,0x91b0851797873bdbcd8a2a519a92fffcfde61041,1
0xc310e760778ecbca4c65b6c559874757a4c4ece0,0xa2efa94766ee867c91f71e8020a3c97ae687e5c3,1
0xc310e760778ecbca4c65b6c559874757a4c4ece0,0xc7daff430efad15679f8bb53530debee0308eb1b,1
0xc310e760778ecbca4c65b6c559874757a4c4ece0,0xd75233704795206de38cc58b77a1f660b5c60896,1
0xc310e760778ecbca4c65b6c559874757a4c4ece0,0xe4d825729c7b43b26d038c81e4e0477c30c6a5bc,1
0xc7daff430efad15679f8bb53530debee0308eb1b,0x33e3c007d1d48e2b645c9ce22570267b0c82f578,1
0xc7daff430efad15679f8bb53530debee0308eb1b,0x6e3be30e9da9a8ac92e9e82c49344a28aff0f354,1
0xc7daff430efad15679f8bb53530debee0308eb1b,0x7d935fb77f7f1ae608f5ef535a347e8b9965bc99,1
0xc7daff430efad15679f8bb53530debee0308eb1b,0xd472b0798421159999e3db0aaa2d53bc0d7acfa3,1
0xc991fd20ffd2ee620a73ea7dadd051fe86d39b15,0x6903f3a1540946c34e3a577ad6ffcbe43356dcbe,1
0xcc47fcbfdd6e558fb39cf5ef4d92e59890476b86,0x3d16356a3ce656b9505ee167fa828b7d03a726de,1
0xcc47fcbfdd6e558fb39cf5ef4d92e59890476b86,0x6b3bacba7a6da1d6660079f5fd49fdc167ec5783,1
0xcc47fcbfdd6e558fb39cf5ef4d92e59890476b86,0xa078efb1e49bd30fc720fb8f6aadc2228b15a53d,1
0xcc47fcbfdd6e558fb39cf5ef4d92e59890476b86,0xa2efa94766ee867c91f71e8020a3c97ae687e5c3,1
0xcc47fcbfdd6e558fb39cf5ef4d92e59890476b86,0xea39c551834d07ee2ee87f1ceff843c308e089af,1
0xcc47fcbfdd6e558fb39cf5ef4d92e59890476b86,0xf41fa837908c0318a9a2b739c8fb990bfd4ac8a7,1
0xcc47fcbfdd6e558fb39cf5ef4d92e59890476b86,0xff6d917a46f3071e9dc83a57aba7e1c6e46b991c,1
0xd23b06012790e2d8e01a7607127588b609c27f0c,0x5b20783f4baabd33bb53dd77c9b0459f5701e36a,1
0xd23b06012790e2d8e01a7607127588b609c27f0c,0x60fd35191ffa774e40934efb8ed34b2ec42da320,1
0xd23b06012790e2d8e01a7607127588b609c27f0c,0xc310e760778ecbca4c65b6c559874757a4c4ece0,1
0xd23b06012790e2d8e01a7607127588b609c27f0c,0xdf370df571f3d5099ccaf0b236caa08e4fe47c44,1
0xd23b06012790e2d8e01a7607127588b609c27f0c,0xfc840af78a496b52e378dfa94838402e1b7f71dd,1
0xd387a6e4e84a6c86bd90c158c6028a58cc8ac459,0x04c52bd080ecf149c16940379ce0b55e466b32c1,1
0xd387a6e4e84a6c86bd90c158c6028a58cc8ac459,0x17082a8fbae3c10d73a361f218ae77bafb62bf4d,1
0xd387a6e4e84a6c86bd90c158c6028a58cc8ac459,0x2e992e3941f67dc416de6275f496ceb2c0025da2,1
0xd387a6e4e84a6c86bd90c158c6028a58cc8ac459,0x33e3c007d1d48e2b645c9ce22570267b0c82f578,1
0xd387a6e4e84a6c86bd90c158c6028a58cc8ac459,0x357931791284f40765b462aa7ad217ebf82920cb,1
0xd387a6e4e84a6c86bd90c158c6028a58cc8ac459,0x35f0686c63f50707ea3b5bace186938e4e19f03a,1
0xd387a6e4e84a6c86bd90c158c6028a58cc8ac459,0x442dccee68425828c106a3662014b4f131e3bd9b,1
0xd387a6e4e84a6c86bd90c158c6028a58cc8ac459,0x4d7c645a178e4610b0bc45a738df908ab469943d,1
0xd387a6e4e84a6c86bd90c158c6028a58cc8ac459,0x4e3edee75a2807f00f3c87c1d27beafe0262db0b,1
0xd387a6e4e84a6c86bd90c158c6028a58cc8ac459,0x60fd35191ffa774e40934efb8ed34b2ec42da320,1
0xd387a6e4e84a6c86bd90c158c6028a58cc8ac459,0x69c488bcda156379b6661f08a35db627e5d467dd,1
0xd387a6e4e84a6c86bd90c158c6028a58cc8ac459,0xa078efb1e49bd30fc720fb8f6aadc2228b15a53d,1
0xd387a6e4e84a6c86bd90c158c6028a58cc8ac459,0xddb92a96054132801cae3943b2f966fc2c308ac8,1
0xd387a6e4e84a6c86bd90c158c6028a58cc8ac459,0xe4d825729c7b43b26d038c81e4e0477c30c6a5bc,1
0xd387a6e4e84a6c86bd90c158c6028a58cc8ac459,0xea39c551834d07ee2ee87f1ceff843c308e089af,1
0xd387a6e4e84a6c86bd90c158c6028a58cc8ac459,0xf41fa837908c0318a9a2b739c8fb990bfd4ac8a7,1
0xd387a6e4e84a6c86bd90c158c6028a58cc8ac459,0xff6d917a46f3071e9dc83a57aba7e1c6e46b991c,1
0xd3fc6fec4b219c2d74b366fee6b585df71611533,0x4c6b83ca1c59781fab57790a46281bbd93e539fe,1
0xd3fc6fec4b219c2d74b366fee6b585df71611533,0xb7692c097a20f6767e0464bbe958d69bf082baf5,1
0xd3fc6fec4b219c2d74b366fee6b585df71611533,0xd23b06012790e2d8e01a7607127588b609c27f0c,1
0xd472b0798421159999e3db0aaa2d53bc0d7acfa3,0x020ca66c30bec2c4fe3861a94e4db4a498a35872,1
0xd472b0798421159999e3db0aaa2d53bc0d7acfa3,0x2e992e3941f67dc416de6275f496ceb2c0025da2,1
0xdb4df088e85e5d66d2d2ab451d5ead618c124305,0x1731bdd386e021a7744282454887a87551725819,1
0xdb4df088e85e5d66d2d2ab451d5ead618c124305,0x6bf97f2534be2242ddb3a29bfb24d498212dcded,1
0xdb4df088e85e5d66d2d2ab451d5ead618c124305,0x7c15561590fc9eb063b3803b55165633eef207ec,1
0xdb4df088e85e5d66d2d2ab451d5ead618c124305,0x8ab83d869f2bc250b781d26f6584fd5c562fdd9d,1
0xdb4df088e85e5d66d2d2ab451d5ead618c124305,0x8ad272ac86c6c88683d9a60eb8ed57e6c304bb0c,1
0xdb4df088e85e5d66d2d2ab451d5ead618c124305,0xa078efb1e49bd30fc720fb8f6aadc2228b15a53d,1
0xdb4df088e85e5d66d2d2ab451d5ead618c124305,0xd472b0798421159999e3db0aaa2d53bc0d7acfa3,1
0xdcae87821fa6caea05dbc2811126f4bc7ff73bd1,0x28f8ca3b0eddd849c93986df0fd194252c4e4b03,1
0xdcae87821fa6caea05dbc2811126f4bc7ff73bd1,0x3d6a89c8751a45dd577a4c1f3b34e71c58236193,1
0xdcae87821fa6caea05dbc2811126f4bc7ff73bd1,0x72fae93d08a060a7f0a8919708c0db74ca46cbb6,1
0xdcae87821fa6caea05dbc2811126f4bc7ff73bd1,0x7d935fb77f7f1ae608f5ef535a347e8b9965bc99,1
0xdcae87821fa6caea05dbc2811126f4bc7ff73bd1,0xa078efb1e49bd30fc720fb8f6aadc2228b15a53d,1
0xdcae87821fa6caea05dbc2811126f4bc7ff73bd1,0xa2efa94766ee867c91f71e8020a3c97ae687e5c3,1
0xdcae87821fa6caea05dbc2811126f4bc7ff73bd1,0xb7692c097a20f6767e0464bbe958d69bf082baf5,1
0xdcae87821fa6caea05dbc2811126f4bc7ff73bd1,0xc7daff430efad15679f8bb53530debee0308eb1b,1
0xdcae87821fa6caea05dbc2811126f4bc7ff73bd1,0xdb4df088e85e5d66d2d2ab451d5ead618c124305,1
0xdd2aa6999e1f685349b2b3c5f6ba58e015ce89d0,0x0ac08dd503ec22616f265f2e14ad42c4d3b41616,1
0xdd2aa6999e1f685349b2b3c5f6ba58e015ce89d0,0x17082a8fbae3c10d73a361f218ae77bafb62bf4d,1
0xdd2aa6999e1f685349b2b3c5f6ba58e015ce89d0,0x7c15561590fc9eb063b3803b55165633eef207ec,1
0xdd2aa6999e1f685349b2b3c5f6ba58e015ce89d0,0xaf93fcce0548d3124a5fc3045adaf1dde4e8bf7e,1
0xdd2aa6999e1f685349b2b3c5f6ba58e015ce89d0,0xf2cb78a3300a5938223e9ea9204d70c6e2a595f7,1
0xddb92a96054132801cae3943b2f966fc2c308ac8,0x020ca66c30bec2c4fe3861a94e4db4a498a35872,1
0xddb92a96054132801cae3943b2f966fc2c308ac8,0x33e3c007d1d48e2b645c9ce22570267b0c82f578,1
0xddb92a96054132801cae3943b2f966fc2c308ac8,0x3d6a89c8751a45dd577a4c1f3b34e71c58236193,1
0xddb92a96054132801cae3943b2f966fc2c308ac8,0x563415679588e508c0c8f0a729c9bf898406e9b5,1
0xddb92a96054132801cae3943b2f966fc2c308ac8,0x60fd35191ffa774e40934efb8ed34b2ec42da320,1
0xddb92a96054132801cae3943b2f966fc2c308ac8,0x8ad272ac86c6c88683d9a60eb8ed57e6c304bb0c,1
0xddb92a96054132801cae3943b2f966fc2c308ac8,0xc991fd20ffd2ee620a73ea7dadd051fe86d39b15,1
0xddb92a96054132801cae3943b2f966fc2c308ac8,0xd472b0798421159999e3db0aaa2d53bc0d7acfa3,1
0xddb92a96054132801cae3943b2f966fc2c308ac8,0xf2cb78a3300a5938223e9ea9204d70c6e2a595f7,1
0xde5d7d1dbf75b1fbf70be6f4a9a9f5442751a8c1,0x1731bdd386e021a7744282454887a87551725819,1
0xde5d7d1dbf75b1fbf70be6f4a9a9f5442751a8c1,0x28f8ca3b0eddd849c93986df0fd194252c4e4b03,1
0xde5d7d1dbf75b1fbf70be6f4a9a9f5442751a8c1,0x49ac75cca2338b6400cbd1e080a09781cf5bc3c5,1
0xde5d7d1dbf75b1fbf70be6f4a9a9f5442751a8c1,0xdd2aa6999e1f685349b2b3c5f6ba58e015ce89d0,1
0xde5d7d1dbf75b1fbf70be6f4a9a9f5442751a8c1,0xff6d917a46f3071e9dc83a57aba7e1c6e46b991c,1
0xdf370df571f3d5099ccaf0b236caa08e4fe47c44,0x020ca66c30bec2c4fe3861a94e4db4a498a35872,1
0xdf370df571f3d5099ccaf0b236caa08e4fe47c44,0x6b3bacba7a6da1d6660079f5fd49fdc167ec5783,1
0xdf370df571f3d5099ccaf0b236caa08e4fe47c44,0xf2cb78a3300a5938223e9ea9204d70c6e2a595f7,1
0xe4d825729c7b43b26d038c81e4e0477c30c6a5bc,0x2e992e3941f67dc416de6275f496ceb2c0025da2,1
0xe4d825729c7b43b26d038c81e4e0477c30c6a5bc,0x4c6b83ca1c59781fab57790a46281bbd93e539fe,1
0xea39c551834d07ee2ee87f1ceff843c308e089af,0x7d935fb77f7f1ae608f5ef535a347e8b9965bc99,1
0xea39c551834d07ee2ee87f1ceff843c308e089af,0xd75233704795206de38cc58b77a1f660b5c60896,1
0xea39c551834d07ee2ee87f1ceff843c308e089af,0xdf370df571f3d5099ccaf0b236caa08e4fe47c44,1
0xea47b64e1bfccb773a0420247c0aa0a3c1d2e5c5,0x54b174179ae825ed630da40b625bb3c883cd40ae,1
0xea47b64e1bfccb773a0420247c0aa0a3c1d2e5c5,0xa078efb1e49bd30fc720fb8f6aadc2228b15a53d,1
0xee402489d83e2b22d496910f8c810d35a3ad7b25,0x04c52bd080ecf149c16940379ce0b55e466b32c1,1
0xee402489d83e2b22d496910f8c810d35a3ad7b25,0x49ac75cca2338b6400cbd1e080a09781cf5bc3c5,1
0xee402489d83e2b22d496910f8c810d35a3ad7b25,0x72fae93d08a060a7f0a8919708c0db74ca46cbb6,1
0xeee5eb24e7a0ea53b75a1b9ad72e7d20562f4283,0x1317ecfffe454f7f5b8f8d1b1e0951d6c55e9615,1
0xeee5eb24e7a0ea53b75a1b9ad72e7d20562f4283,0x3c6137504c38215fea30605b3e364a23c1d3e14f,1
0xf2cb78a3300a5938223e9ea9204d70c6e2a595f7,0x3993cc55734f019dcfd6ce00860165cd0ecc3e13,1
0xf2cb78a3300a5938223e9ea9204d70c6e2a595f7,0x6b3bacba7a6da1d6660079f5fd49fdc167ec5783,1
0xf41fa837908c0318a9a2b739c8fb990bfd4ac8a7,0x5b20783f4baabd33bb53dd77c9b0459f5701e36a,1
0xf41fa837908c0318a9a2b739c8fb990bfd4ac8a7,0xc991fd20ffd2ee620a73ea7dadd051fe86d39b15,1
0xfeae9fe11170fc19b6f40796fd1debfa360daacc,0x020ca66c30bec2c4fe3861a94e4db4a498a35872,1
0xfeae9fe11170fc19b6f40796fd1debfa360daacc,0x33569c101562e1faf5b24581057e5cee4c8288d7,1
0xfeae9fe11170fc19b6f40796fd1debfa360daacc,0x3d16356a3ce656b9505ee167fa828b7d03a726de,1
0xfeae9fe11170fc19b6f40796fd1debfa360daacc,0x701f373df763308d96d8537822e8f9b2bae4e847,1
0xfeae9fe11170fc19b6f40796fd1debfa360daacc,0x72fae93d08a060a7f0a8919708c0db74ca46cbb6,1
0xfeae9fe11170fc19b6f40796fd1debfa360daacc,0xdb4df088e85e5d66d2d2ab451d5ead618c124305,1
0xff6d917a46f3071e9dc83a57aba7e1c6e46b991c,0x54b174179ae825ed630da40b625bb3c883cd40ae,1
0xff6d917a46f3071e9dc83a57aba7e1c6e46b991c,0x8ab83d869f2bc250b781d26f6584fd5c562fdd9d,1
0xff6d917a46f3071e9dc83a57aba7e1c6e46b991c,0xea39c551834d07ee2ee87f1ceff843c308e089af,1
