target,source,value
0x54b174179ae825ed630da40b625bb3c883cd40ae,0x81840dd9783fe5ac80978311d3d8e167c6a326a0,45
0x2d1194e75b408c9395a8bbbedc0079322b62c0a4,0xc310e760778ecbca4c65b6c559874757a4c4ece0,38
0x46dca395d20e63cb0fe1edc9f0e6f012e77c0913,0x8ae57a027c63fca8070d1bf38622321de8004c67,38
0xcafebabe86cbb8534134d96f746dccefcfe3babe,0xeb11f192e91e2d4abff199b58222c89472584bf4,24
0x2c2ed4b3876c442fee80bee76ce0ee2ca2a512af,0xc310e760778ecbca4c65b6c559874757a4c4ece0,15
0x39fec2e2beab6a63c1e763d0dc4120af60bee39f,0xc310e760778ecbca4c65b6c559874757a4c4ece0,15
0xc310e760778ecbca4c65b6c559874757a4c4ece0,0xecbe5f4d026ecdd8c90edcb4a7b68e3af5485cc4,15
0x563415679588e508c0c8f0a729c9bf898406e9b5,0xc310e760778ecbca4c65b6c559874757a4c4ece0,9
0xc310e760778ecbca4c65b6c559874757a4c4ece0,0xb0166d8505b5cb790a3eb03ef5b12c35ee36fa21,9
0xe18a94a1e60903b1ec39d9104bed27d9a73ad9e2,0xf10410253f2b5621a11c6e929312126b045275aa,9
0x16722731f337609fc2554bb606170427b6456a51,0xc310e760778ecbca4c65b6c559874757a4c4ece0,8
0xc310e760778ecbca4c65b6c559874757a4c4ece0,0xa09d7d2e825b40ba6fbffc2e116f1dcdb0f9570a,8
0xf10410253f2b5621a11c6e929312126b045275aa,0xe18a94a1e60903b1ec39d9104bed27d9a73ad9e2,8
0x81840dd9783fe5ac80978311d3d8e167c6a326a0,0x54b174179ae825ed630da40b625bb3c883cd40ae,7
0xc310e760778ecbca4c65b6c559874757a4c4ece0,0x563415679588e508c0c8f0a729c9bf898406e9b5,7
0x7260f7927a25949c15b7c4cbcf936510bf34c81b,0xc310e760778ecbca4c65b6c559874757a4c4ece0,6
0x896463c65b70da9bbe267c2feb97ab59fc715506,0xc310e760778ecbca4c65b6c559874757a4c4ece0,6
0xc310e760778ecbca4c65b6c559874757a4c4ece0,0x1254958bd5073c6b238e516298f0c48f6f60a78e,6
0xc310e760778ecbca4c65b6c559874757a4c4ece0,0x6d0267156f1c6ce44caa4bf129b76009d3d41830,6
0xc310e760778ecbca4c65b6c559874757a4c4ece0,0xf4fb9fa23edb32215e5284cf7dbfdb5607d51a5b,6
0xf4fb9fa23edb32215e5284cf7dbfdb5607d51a5b,0xc310e760778ecbca4c65b6c559874757a4c4ece0,6
0x2e992e3941f67dc416de6275f496ceb2c0025da2,0xb0166d8505b5cb790a3eb03ef5b12c35ee36fa21,5
0xab5f8470699dc6d56c047f819b5c8151f730df1c,0xc310e760778ecbca4c65b6c559874757a4c4ece0,5
0xb0166d8505b5cb790a3eb03ef5b12c35ee36fa21,0xc310e760778ecbca4c65b6c559874757a4c4ece0,5
0xc310e760778ecbca4c65b6c559874757a4c4ece0,0x17082a8fbae3c10d73a361f218ae77bafb62bf4d,5
0xc310e760778ecbca4c65b6c559874757a4c4ece0,0x2d1194e75b408c9395a8bbbedc0079322b62c0a4,5
0xc310e760778ecbca4c65b6c559874757a4c4ece0,0xc3a1528df68db9b0e1f28edd7b3c4958550702d1,5
0xc310e760778ecbca4c65b6c559874757a4c4ece0,0xf96bc97752785cf6351b611f70e30a7ba0357f60,5
0xea39c551834d07ee2ee87f1ceff843c308e089af,0xc310e760778ecbca4c65b6c559874757a4c4ece0,5
0xecbe5f4d026ecdd8c90edcb4a7b68e3af5485cc4,0xc310e760778ecbca4c65b6c559874757a4c4ece0,5
0xf96bc97752785cf6351b611f70e30a7ba0357f60,0xc310e760778ecbca4c65b6c559874757a4c4ece0,5
0x6d0267156f1c6ce44caa4bf129b76009d3d41830,0xc310e760778ecbca4c65b6c559874757a4c4ece0,4
0xc310e760778ecbca4c65b6c559874757a4c4ece0,0xe8e5bd651c10fef2a375ec2a88dd86cfec4fa0ee,4
0xe8e5bd651c10fef2a375ec2a88dd86cfec4fa0ee,0xc310e760778ecbca4c65b6c559874757a4c4ece0,4
0xeb298223f82ecb1e8b21c9f0ca5e7ba7a98c732e,0xc310e760778ecbca4c65b6c559874757a4c4ece0,4
0x2e992e3941f67dc416de6275f496ceb2c0025da2,0xc310e760778ecbca4c65b6c559874757a4c4ece0,3
0x99854ba0a00012336fb508c082e5bd974333dbd3,0x5c239132825898bc0047ed8a6b347a8a4ee621eb,3
0xbff79922fcbf93f9c30abb22322b271460c6bebb,0x2d8d75d4ba64efda74eead05ac6127df4e46efa9,3
0xc310e760778ecbca4c65b6c559874757a4c4ece0,0x7260f7927a25949c15b7c4cbcf936510bf34c81b,3
0xc310e760778ecbca4c65b6c559874757a4c4ece0,0x83b5654564caee5c8e86a314b4e62330db99ce16,3
0xc310e760778ecbca4c65b6c559874757a4c4ece0,0x896463c65b70da9bbe267c2feb97ab59fc715506,3
0xea39c551834d07ee2ee87f1ceff843c308e089af,0xf50791538e9afc3d3af2953c313f2db96fd993ab,3
0xfdb759178407ed70db3210aa58ff46824db9a9cb,0x54b174179ae825ed630da40b625bb3c883cd40ae,3
0x0848f011d99c5aa0abf0e8a43c72d8b573383f2b,0xe9221da11e30d7ae31cfbc48664b111e5d01e86b,2
0x17082a8fbae3c10d73a361f218ae77bafb62bf4d,0x265cdd11b3abb0432a35300f6afb214777280817,2
0x265cdd11b3abb0432a35300f6afb214777280817,0x1301a5a67ac6f7b48226cd66883676f7d1aab280,2
0x2d1194e75b408c9395a8bbbedc0079322b62c0a4,0xd760ef23c9a203bd3718e91fc08b412ed49c5846,2
0x47a9f89b1587db59a9aa53a93e9eae5915e8b36f,0xf96bc97752785cf6351b611f70e30a7ba0357f60,2
0x51270b2b92d1080a27d05c6ebcdedec4824d5efb,0xe052113bd7d7700d623414a0a4585bcae754e9d5,2
0x63f42bfc17b6ff3a7f487c406b8e006d0d4970c3,0x39fec2e2beab6a63c1e763d0dc4120af60bee39f,2
0x63f42bfc17b6ff3a7f487c406b8e006d0d4970c3,0xb4b60c4c8678752363fc4d1a2c7f6fbcb19589c7,2
0x67f72412a592d066a2e688e62664116deabeab29,0x3fc20ab0b295bf84aac393ada0d9aa41019b9336,2
0x89688542873276cd7d9cea936b25f37778a593fd,0x83b5654564caee5c8e86a314b4e62330db99ce16,2
0x905d13367f3bb940072a133c81563f1b1a6779ad,0xd69f5548fea54fb8578b9cc747b6b69e9200d349,2
0x99854ba0a00012336fb508c082e5bd974333dbd3,0xe6b4cd8d3f0de86836f74c9e6ea24325219f2347,2
0xab5f8470699dc6d56c047f819b5c8151f730df1c,0xe8e5bd651c10fef2a375ec2a88dd86cfec4fa0ee,2
0xb6f6b9aa69d6dfd8039b35f0c49463f27696d437,0xc310e760778ecbca4c65b6c559874757a4c4ece0,2
0xbff79922fcbf93f9c30abb22322b271460c6bebb,0xc310e760778ecbca4c65b6c559874757a4c4ece0,2
0xc310e760778ecbca4c65b6c559874757a4c4ece0,0x020ca66c30bec2c4fe3861a94e4db4a498a35872,2
0xc310e760778ecbca4c65b6c559874757a4c4ece0,0x16722731f337609fc2554bb606170427b6456a51,2
0xc310e760778ecbca4c65b6c559874757a4c4ece0,0x2c2ed4b3876c442fee80bee76ce0ee2ca2a512af,2
0xc310e760778ecbca4c65b6c559874757a4c4ece0,0x39fec2e2beab6a63c1e763d0dc4120af60bee39f,2
0xc310e760778ecbca4c65b6c559874757a4c4ece0,0xaa621b960f22911462550c078df678493c22b2ae,2
0xc310e760778ecbca4c65b6c559874757a4c4ece0,0xab5f8470699dc6d56c047f819b5c8151f730df1c,2
0xc310e760778ecbca4c65b6c559874757a4c4ece0,0xb6f6b9aa69d6dfd8039b35f0c49463f27696d437,2
0xe8e5bd651c10fef2a375ec2a88dd86cfec4fa0ee,0x54b174179ae825ed630da40b625bb3c883cd40ae,2
0xea39c551834d07ee2ee87f1ceff843c308e089af,0x265cdd11b3abb0432a35300f6afb214777280817,2
0x020ca66c30bec2c4fe3861a94e4db4a498a35872,0x2e992e3941f67dc416de6275f496ceb2c0025da2,1
0x020ca66c30bec2c4fe3861a94e4db4a498a35872,0xab5f8470699dc6d56c047f819b5c8151f730df1c,1
0x020ca66c30bec2c4fe3861a94e4db4a498a35872,0xf4fb9fa23edb32215e5284cf7dbfdb5607d51a5b,1
0x04d27eacedb3dd91333f989cb0b25f1294884ffb,0x8c0ff426dfa77a87be3729456d1d27fdc8f2de5f,1
0x0848f011d99c5aa0abf0e8a43c72d8b573383f2b,0x896463c65b70da9bbe267c2feb97ab59fc715506,1
0x1254958bd5073c6b238e516298f0c48f6f60a78e,0x020ca66c30bec2c4fe3861a94e4db4a498a35872,1
0x1254958bd5073c6b238e516298f0c48f6f60a78e,0xc310e760778ecbca4c65b6c559874757a4c4ece0,1
0x1301a5a67ac6f7b48226cd66883676f7d1aab280,0x04d27eacedb3dd91333f989cb0b25f1294884ffb,1
0x134a7948e1363a95ee17a23c63b927152c4021ec,0x3fc20ab0b295bf84aac393ada0d9aa41019b9336,1
0x134a7948e1363a95ee17a23c63b927152c4021ec,0x4a90e18f3e90074a820532a3da62b347ea86711b,1
0x134a7948e1363a95ee17a23c63b927152c4021ec,0xe052113bd7d7700d623414a0a4585bcae754e9d5,1
0x16722731f337609fc2554bb606170427b6456a51,0xaa621b960f22911462550c078df678493c22b2ae,1
0x17082a8fbae3c10d73a361f218ae77bafb62bf4d,0x4a90e18f3e90074a820532a3da62b347ea86711b,1
0x17082a8fbae3c10d73a361f218ae77bafb62bf4d,0xc310e760778ecbca4c65b6c559874757a4c4ece0,1
0x1c3df1f4cb5e551dc6eff0f61595958907af326b,0xcafebabe86cbb8534134d96f746dccefcfe3babe,1
0x2326d4fb2737666dda96bd6314e3d4418246cfe8,0x2e992e3941f67dc416de6275f496ceb2c0025da2,1
0x2326d4fb2737666dda96bd6314e3d4418246cfe8,0xb32b4350c25141e779d392c1dbe857b62b60b4c9,1
0x2326d4fb2737666dda96bd6314e3d4418246cfe8,0xb4b60c4c8678752363fc4d1a2c7f6fbcb19589c7,1
0x2326d4fb2737666dda96bd6314e3d4418246cfe8,0xea1b49ac4a80ce9f2d15e3881a18ffb4bc7556b1,1
0x265cdd11b3abb0432a35300f6afb214777280817,0x2d8d75d4ba64efda74eead05ac6127df4e46efa9,1
0x265cdd11b3abb0432a35300f6afb214777280817,0x51270b2b92d1080a27d05c6ebcdedec4824d5efb,1
0x265cdd11b3abb0432a35300f6afb214777280817,0xaa621b960f22911462550c078df678493c22b2ae,1
0x265cdd11b3abb0432a35300f6afb214777280817,0xb32b4350c25141e779d392c1dbe857b62b60b4c9,1
0x265cdd11b3abb0432a35300f6afb214777280817,0xdc3ed2238350aacb484aa6b0d17c4fc3353f0046,1
0x28f8ca3b0eddd849c93986df0fd194252c4e4b03,0x020ca66c30bec2c4fe3861a94e4db4a498a35872,1
0x28f8ca3b0eddd849c93986df0fd194252c4e4b03,0x1254958bd5073c6b238e516298f0c48f6f60a78e,1
0x293d9809d538cf8689e37f90f84b2be23dfdc176,0x54b174179ae825ed630da40b625bb3c883cd40ae,1
0x293d9809d538cf8689e37f90f84b2be23dfdc176,0x67f72412a592d066a2e688e62664116deabeab29,1
0x293d9809d538cf8689e37f90f84b2be23dfdc176,0x6b3b43ca15a482b5765337bfc9d746bbbe47609f,1
0x2c2ed4b3876c442fee80bee76ce0ee2ca2a512af,0x0848f011d99c5aa0abf0e8a43c72d8b573383f2b,1
0x2d1194e75b408c9395a8bbbedc0079322b62c0a4,0x484f2bfe6ea59d667fd5cb29ed259329180d0507,1
0x2d1194e75b408c9395a8bbbedc0079322b62c0a4,0x51270b2b92d1080a27d05c6ebcdedec4824d5efb,1
0x2d1194e75b408c9395a8bbbedc0079322b62c0a4,0x5821679c13dba57452785f1d392ee91b8e6ceab3,1
0x2d1194e75b408c9395a8bbbedc0079322b62c0a4,0x83b5654564caee5c8e86a314b4e62330db99ce16,1
0x2d1194e75b408c9395a8bbbedc0079322b62c0a4,0xaa621b960f22911462550c078df678493c22b2ae,1
0x2d1194e75b408c9395a8bbbedc0079322b62c0a4,0xdc3ed2238350aacb484aa6b0d17c4fc3353f0046,1
0x2d1194e75b408c9395a8bbbedc0079322b62c0a4,0xe18a94a1e60903b1ec39d9104bed27d9a73ad9e2,1
0x2d1194e75b408c9395a8bbbedc0079322b62c0a4,0xeb11f192e91e2d4abff199b58222c89472584bf4,1
0x2d1194e75b408c9395a8bbbedc0079322b62c0a4,0xecbe5f4d026ecdd8c90edcb4a7b68e3af5485cc4,1
0x2d1194e75b408c9395a8bbbedc0079322b62c0a4,0xf4fb9fa23edb32215e5284cf7dbfdb5607d51a5b,1
0x39fec2e2beab6a63c1e763d0dc4120af60bee39f,0x265cdd11b3abb0432a35300f6afb214777280817,1
0x39fec2e2beab6a63c1e763d0dc4120af60bee39f,0xb60398b7061668962dc041bae1905b13205d1a32,1
0x39fec2e2beab6a63c1e763d0dc4120af60bee39f,0xe7e9ea373f253e71d12f6896785777a6a55189f4,1
0x3abe35eba716e436267384c637c65fc8585c50d6,0xaa621b960f22911462550c078df678493c22b2ae,1
0x3abe35eba716e436267384c637c65fc8585c50d6,0xc310e760778ecbca4c65b6c559874757a4c4ece0,1
0x47a9f89b1587db59a9aa53a93e9eae5915e8b36f,0xf4fb9fa23edb32215e5284cf7dbfdb5607d51a5b,1
0x484f2bfe6ea59d667fd5cb29ed259329180d0507,0xab5f8470699dc6d56c047f819b5c8151f730df1c,1
0x484f2bfe6ea59d667fd5cb29ed259329180d0507,0xc310e760778ecbca4c65b6c559874757a4c4ece0,1
0x484f2bfe6ea59d667fd5cb29ed259329180d0507,0xe18a94a1e60903b1ec39d9104bed27d9a73ad9e2,1
0x484f2bfe6ea59d667fd5cb29ed259329180d0507,0xf10410253f2b5621a11c6e929312126b045275aa,1
0x4a90e18f3e90074a820532a3da62b347ea86711b,0x020ca66c30bec2c4fe3861a94e4db4a498a35872,1
0x4a90e18f3e90074a820532a3da62b347ea86711b,0x05689959dc890cfced4830094b4b45e85828bfcd,1
0x54b174179ae825ed630da40b625bb3c883cd40ae,0x51270b2b92d1080a27d05c6ebcdedec4824d5efb,1
0x563415679588e508c0c8f0a729c9bf898406e9b5,0x39fec2e2beab6a63c1e763d0dc4120af60bee39f,1
0x563415679588e508c0c8f0a729c9bf898406e9b5,0x5c239132825898bc0047ed8a6b347a8a4ee621eb,1
0x563415679588e508c0c8f0a729c9bf898406e9b5,0xe18a94a1e60903b1ec39d9104bed27d9a73ad9e2,1
0x563415679588e508c0c8f0a729c9bf898406e9b5,0xe7e9ea373f253e71d12f6896785777a6a55189f4,1
0x5821679c13dba57452785f1d392ee91b8e6ceab3,0xaa621b960f22911462550c078df678493c22b2ae,1
0x5821679c13dba57452785f1d392ee91b8e6ceab3,0xb0166d8505b5cb790a3eb03ef5b12c35ee36fa21,1
0x5c239132825898bc0047ed8a6b347a8a4ee621eb,0x108a8b7200d044bbbe95bef6f671baec5473e05f,1
0x5dd686b9dbd7dde0d6361d7d89a9a54c39863130,0x2e992e3941f67dc416de6275f496ceb2c0025da2,1
0x5dd686b9dbd7dde0d6361d7d89a9a54c39863130,0xe18a94a1e60903b1ec39d9104bed27d9a73ad9e2,1
0x5dd686b9dbd7dde0d6361d7d89a9a54c39863130,0xf4fb9fa23edb32215e5284cf7dbfdb5607d51a5b,1
0x63f42bfc17b6ff3a7f487c406b8e006d0d4970c3,0x6b3b43ca15a482b5765337bfc9d746bbbe47609f,1
0x67f72412a592d066a2e688e62664116deabeab29,0x46dca395d20e63cb0fe1edc9f0e6f012e77c0913,1
0x6d0267156f1c6ce44caa4bf129b76009d3d41830,0x47a9f89b1587db59a9aa53a93e9eae5915e8b36f,1
0x6df304782b0866d2538c8fd2e46904a7f2ae321c,0x89688542873276cd7d9cea936b25f37778a593fd,1
0x75c7bc106f8cfe800becc44242596057dd5894ee,0xc310e760778ecbca4c65b6c559874757a4c4ece0,1
0x81840dd9783fe5ac80978311d3d8e167c6a326a0,0xa09d7d2e825b40ba6fbffc2e116f1dcdb0f9570a,1
0x81840dd9783fe5ac80978311d3d8e167c6a326a0,0xdc3ed2238350aacb484aa6b0d17c4fc3353f0046,1
0x81840dd9783fe5ac80978311d3d8e167c6a326a0,0xe18a94a1e60903b1ec39d9104bed27d9a73ad9e2,1
0x81840dd9783fe5ac80978311d3d8e167c6a326a0,0xeb298223f82ecb1e8b21c9f0ca5e7ba7a98c732e,1
0x83b5654564caee5c8e86a314b4e62330db99ce16,0x51270b2b92d1080a27d05c6ebcdedec4824d5efb,1
0x83b5654564caee5c8e86a314b4e62330db99ce16,0xc310e760778ecbca4c65b6c559874757a4c4ece0,1
0x83b5654564caee5c8e86a314b4e62330db99ce16,0xea39c551834d07ee2ee87f1ceff843c308e089af,1
0x896463c65b70da9bbe267c2feb97ab59fc715506,0xeb298223f82ecb1e8b21c9f0ca5e7ba7a98c732e,1
0x89688542873276cd7d9cea936b25f37778a593fd,0x0848f011d99c5aa0abf0e8a43c72d8b573383f2b,1
0x89688542873276cd7d9cea936b25f37778a593fd,0x51270b2b92d1080a27d05c6ebcdedec4824d5efb,1
0x89688542873276cd7d9cea936b25f37778a593fd,0xb60398b7061668962dc041bae1905b13205d1a32,1
0x89688542873276cd7d9cea936b25f37778a593fd,0xf50791538e9afc3d3af2953c313f2db96fd993ab,1
0x8ae57a027c63fca8070d1bf38622321de8004c67,0x46dca395d20e63cb0fe1edc9f0e6f012e77c0913,1
0x8c0ff426dfa77a87be3729456d1d27fdc8f2de5f,0x3fc20ab0b295bf84aac393ada0d9aa41019b9336,1
0x8c0ff426dfa77a87be3729456d1d27fdc8f2de5f,0xb32b4350c25141e779d392c1dbe857b62b60b4c9,1
0x905d13367f3bb940072a133c81563f1b1a6779ad,0xe9221da11e30d7ae31cfbc48664b111e5d01e86b,1
0x94c9ceb2f9741230fad3a62781b27cc79a9460d4,0x07cc65ec4de72fdf7d2b6c39fd80c4ea4706215b,1
0x94c9ceb2f9741230fad3a62781b27cc79a9460d4,0xab5f8470699dc6d56c047f819b5c8151f730df1c,1
0x99854ba0a00012336fb508c082e5bd974333dbd3,0x020ca66c30bec2c4fe3861a94e4db4a498a35872,1
0x99854ba0a00012336fb508c082e5bd974333dbd3,0x4a90e18f3e90074a820532a3da62b347ea86711b,1
0x99854ba0a00012336fb508c082e5bd974333dbd3,0x563415679588e508c0c8f0a729c9bf898406e9b5,1
0x99854ba0a00012336fb508c082e5bd974333dbd3,0x6b3b43ca15a482b5765337bfc9d746bbbe47609f,1
0xa0df120104cc8796af1377b931b30279b2a01ae8,0x108a8b7200d044bbbe95bef6f671baec5473e05f,1
0xa0df120104cc8796af1377b931b30279b2a01ae8,0x4a90e18f3e90074a820532a3da62b347ea86711b,1
0xa7ab7a265f274fa664187698932d3cabb851023d,0xf4fb9fa23edb32215e5284cf7dbfdb5607d51a5b,1
0xab5f8470699dc6d56c047f819b5c8151f730df1c,0x7260f7927a25949c15b7c4cbcf936510bf34c81b,1
0xab5f8470699dc6d56c047f819b5c8151f730df1c,0x94c9ceb2f9741230fad3a62781b27cc79a9460d4,1
0xab5f8470699dc6d56c047f819b5c8151f730df1c,0xf4fb9fa23edb32215e5284cf7dbfdb5607d51a5b,1
0xb0166d8505b5cb790a3eb03ef5b12c35ee36fa21,0x07cc65ec4de72fdf7d2b6c39fd80c4ea4706215b,1
0xb0166d8505b5cb790a3eb03ef5b12c35ee36fa21,0x2e992e3941f67dc416de6275f496ceb2c0025da2,1
0xb0166d8505b5cb790a3eb03ef5b12c35ee36fa21,0x3abe35eba716e436267384c637c65fc8585c50d6,1
0xb0166d8505b5cb790a3eb03ef5b12c35ee36fa21,0xf50791538e9afc3d3af2953c313f2db96fd993ab,1
0xb3ee5011a7965905cde351ea4905ff4725189a3b,0x020ca66c30bec2c4fe3861a94e4db4a498a35872,1
0xb3ee5011a7965905cde351ea4905ff4725189a3b,0xcee37b3bcf1efed1c1e30d59e5f4015ea16f2509,1
0xb4b60c4c8678752363fc4d1a2c7f6fbcb19589c7,0xb32b4350c25141e779d392c1dbe857b62b60b4c9,1
0xb60398b7061668962dc041bae1905b13205d1a32,0x3abe35eba716e436267384c637c65fc8585c50d6,1
0xbff79922fcbf93f9c30abb22322b271460c6bebb,0x020ca66c30bec2c4fe3861a94e4db4a498a35872,1
0xc310e760778ecbca4c65b6c559874757a4c4ece0,0x07cc65ec4de72fdf7d2b6c39fd80c4ea4706215b,1
0xc310e760778ecbca4c65b6c559874757a4c4ece0,0xdc3ed2238350aacb484aa6b0d17c4fc3353f0046,1
0xc310e760778ecbca4c65b6c559874757a4c4ece0,0xe6b4cd8d3f0de86836f74c9e6ea24325219f2347,1
0xc310e760778ecbca4c65b6c559874757a4c4ece0,0xeb298223f82ecb1e8b21c9f0ca5e7ba7a98c732e,1
0xc6d2f1134480c621d0f192a2234536eeca844e06,0x1301a5a67ac6f7b48226cd66883676f7d1aab280,1
0xc6d2f1134480c621d0f192a2234536eeca844e06,0x905d13367f3bb940072a133c81563f1b1a6779ad,1
0xd3fc6fec4b219c2d74b366fee6b585df71611533,0x3abe35eba716e436267384c637c65fc8585c50d6,1
0xd7510a925475cb8377bc8d2a7f1c792022b68df8,0xab5f8470699dc6d56c047f819b5c8151f730df1c,1
0xd7510a925475cb8377bc8d2a7f1c792022b68df8,0xb76a622c7fadbe11c415d141fd7b9eb4b1f414b9,1
0xd7510a925475cb8377bc8d2a7f1c792022b68df8,0xe052113bd7d7700d623414a0a4585bcae754e9d5,1
0xd7510a925475cb8377bc8d2a7f1c792022b68df8,0xf4fb9fa23edb32215e5284cf7dbfdb5607d51a5b,1
0xd760ef23c9a203bd3718e91fc08b412ed49c5846,0x89688542873276cd7d9cea936b25f37778a593fd,1
0xd760ef23c9a203bd3718e91fc08b412ed49c5846,0xfc48426da0338735945badef273736ccff53a358,1
0xdc3ed2238350aacb484aa6b0d17c4fc3353f0046,0xc310e760778ecbca4c65b6c559874757a4c4ece0,1
0xdc3ed2238350aacb484aa6b0d17c4fc3353f0046,0xeb298223f82ecb1e8b21c9f0ca5e7ba7a98c732e,1
0xdc3ed2238350aacb484aa6b0d17c4fc3353f0046,0xf10410253f2b5621a11c6e929312126b045275aa,1
0xde14cf450d7b154cb6976ef033c59c6b4ca989bc,0x3fc20ab0b295bf84aac393ada0d9aa41019b9336,1
0xde14cf450d7b154cb6976ef033c59c6b4ca989bc,0x4a90e18f3e90074a820532a3da62b347ea86711b,1
0xde14cf450d7b154cb6976ef033c59c6b4ca989bc,0x51270b2b92d1080a27d05c6ebcdedec4824d5efb,1
0xe18a94a1e60903b1ec39d9104bed27d9a73ad9e2,0x07cc65ec4de72fdf7d2b6c39fd80c4ea4706215b,1
0xe18a94a1e60903b1ec39d9104bed27d9a73ad9e2,0x6d0267156f1c6ce44caa4bf129b76009d3d41830,1
0xe18a94a1e60903b1ec39d9104bed27d9a73ad9e2,0xaa621b960f22911462550c078df678493c22b2ae,1
0xe18a94a1e60903b1ec39d9104bed27d9a73ad9e2,0xb0166d8505b5cb790a3eb03ef5b12c35ee36fa21,1
0xe6b4cd8d3f0de86836f74c9e6ea24325219f2347,0xc310e760778ecbca4c65b6c559874757a4c4ece0,1
0xe7b938df1a3a334cf26060a8ac0398d7706c21c8,0x4a90e18f3e90074a820532a3da62b347ea86711b,1
0xe7b938df1a3a334cf26060a8ac0398d7706c21c8,0x5c239132825898bc0047ed8a6b347a8a4ee621eb,1
0xe7e9ea373f253e71d12f6896785777a6a55189f4,0xf50791538e9afc3d3af2953c313f2db96fd993ab,1
0xe7e9ea373f253e71d12f6896785777a6a55189f4,0xfc48426da0338735945badef273736ccff53a358,1
0xea1b49ac4a80ce9f2d15e3881a18ffb4bc7556b1,0x6b3b43ca15a482b5765337bfc9d746bbbe47609f,1
0xea1b49ac4a80ce9f2d15e3881a18ffb4bc7556b1,0xb32b4350c25141e779d392c1dbe857b62b60b4c9,1
0xea39c551834d07ee2ee87f1ceff843c308e089af,0x020ca66c30bec2c4fe3861a94e4db4a498a35872,1
0xea39c551834d07ee2ee87f1ceff843c308e089af,0x108a8b7200d044bbbe95bef6f671baec5473e05f,1
0xea39c551834d07ee2ee87f1ceff843c308e089af,0x3abe35eba716e436267384c637c65fc8585c50d6,1
0xea39c551834d07ee2ee87f1ceff843c308e089af,0x75c7bc106f8cfe800becc44242596057dd5894ee,1
0xea39c551834d07ee2ee87f1ceff843c308e089af,0x83c8f28c26bf6aaca652df1dbbe0e1b56f8baba2,1
0xea39c551834d07ee2ee87f1ceff843c308e089af,0x896463c65b70da9bbe267c2feb97ab59fc715506,1
0xea39c551834d07ee2ee87f1ceff843c308e089af,0x89688542873276cd7d9cea936b25f37778a593fd,1
0xea39c551834d07ee2ee87f1ceff843c308e089af,0xeb298223f82ecb1e8b21c9f0ca5e7ba7a98c732e,1
0xeb298223f82ecb1e8b21c9f0ca5e7ba7a98c732e,0xa09d7d2e825b40ba6fbffc2e116f1dcdb0f9570a,1
0xeb298223f82ecb1e8b21c9f0ca5e7ba7a98c732e,0xd760ef23c9a203bd3718e91fc08b412ed49c5846,1
0xecbe5f4d026ecdd8c90edcb4a7b68e3af5485cc4,0x563415679588e508c0c8f0a729c9bf898406e9b5,1
0xecbe5f4d026ecdd8c90edcb4a7b68e3af5485cc4,0xaa621b960f22911462550c078df678493c22b2ae,1
0xf10410253f2b5621a11c6e929312126b045275aa,0x896463c65b70da9bbe267c2feb97ab59fc715506,1
0xf10410253f2b5621a11c6e929312126b045275aa,0xaa621b960f22911462550c078df678493c22b2ae,1
0xf10410253f2b5621a11c6e929312126b045275aa,0xc310e760778ecbca4c65b6c559874757a4c4ece0,1
0xf10410253f2b5621a11c6e929312126b045275aa,0xe052113bd7d7700d623414a0a4585bcae754e9d5,1
0xf4fb9fa23edb32215e5284cf7dbfdb5607d51a5b,0xdc3ed2238350aacb484aa6b0d17c4fc3353f0046,1
0xf50791538e9afc3d3af2953c313f2db96fd993ab,0xc6d2f1134480c621d0f192a2234536eeca844e06,1
0xf96bc97752785cf6351b611f70e30a7ba0357f60,0x2c2ed4b3876c442fee80bee76ce0ee2ca2a512af,1
0xf96bc97752785cf6351b611f70e30a7ba0357f60,0x83c8f28c26bf6aaca652df1dbbe0e1b56f8baba2,1
0xfabbe64bc8779538dd4e1fb96e9691a8f0ff49b8,0x020ca66c30bec2c4fe3861a94e4db4a498a35872,1
0xfc48426da0338735945badef273736ccff53a358,0x46dca395d20e63cb0fe1edc9f0e6f012e77c0913,1
0xfdb759178407ed70db3210aa58ff46824db9a9cb,0x9e68a58209ae4b04755ccecd2e24a9dd0470755e,1
0xfdb759178407ed70db3210aa58ff46824db9a9cb,0xcafebabe86cbb8534134d96f746dccefcfe3babe,1
0xfe8d12bb904e686843e02f7ebc969651a80accde,0xe052113bd7d7700d623414a0a4585bcae754e9d5,1
