target,source,value
0xd3e401814d1faa8ca0419ecccbfee93ac7b15b31,0x6b52e83941eb10f9c613c395a834457559a80114,88
0x6b3bacba7a6da1d6660079f5fd49fdc167ec5783,0x6193ba2e8f5fb3260541e90b21a7cba5381702b9,60
0x61ab218a4206bb9b2767383aafae7291d58818d8,0xcf20d98033a4d633252c7de21f8cbfacc62c394e,45
0xb2e714bf6b0cdde7f27316132fb612315f3faf91,0xdefbb4e3ac96da6aaade47621ac5cb7dbb94af79,23
0x76f91dcf2aa8f542a5baf8ac9b06b074d80d4015,0xea39c551834d07ee2ee87f1ceff843c308e089af,22
0x2d1194e75b408c9395a8bbbedc0079322b62c0a4,0xc310e760778ecbca4c65b6c559874757a4c4ece0,19
0x18175162fe221f3730f587cf8026c7fafcab33d2,0x24aeebe6de78819f50e43d738222c62b19396729,17
0xe83ad21ed506f0e045728a734db65345470bcfab,0xb042f87cbad196658e617c8263765a1f0cea771f,17
0x4851512de5bd4d035a56eb95bb4709452091cac7,0x7a0365d8b94d620fe5dc2e4be14c88629e43a8f4,16
0x77acc06250552c8a96e9560670328974386d632f,0x18175162fe221f3730f587cf8026c7fafcab33d2,14
0x41ebaeb7025784a336020ce969710e252c1fc3ee,0xfbd351ea76d91457296eacbee248cb491ecff7d5,13
0x6193ba2e8f5fb3260541e90b21a7cba5381702b9,0xc310e760778ecbca4c65b6c559874757a4c4ece0,9
0x8ad52c3ab4233341f7a5b25dd0ebc4dcc26c53ee,0xb042f87cbad196658e617c8263765a1f0cea771f,9
0x1c24d52a9ba9fd36e70c7e3f9fae9e40cfe25d3b,0xc310e760778ecbca4c65b6c559874757a4c4ece0,8
0x88341d1a8f672d2780c8dc725902aae72f143b0c,0xbc78f0876c6bb2d1e82fdaa561df30db1372232d,7
0xbc78f0876c6bb2d1e82fdaa561df30db1372232d,0x88341d1a8f672d2780c8dc725902aae72f143b0c,7
0xbc78f0876c6bb2d1e82fdaa561df30db1372232d,0xc310e760778ecbca4c65b6c559874757a4c4ece0,7
0xdefbb4e3ac96da6aaade47621ac5cb7dbb94af79,0xc310e760778ecbca4c65b6c559874757a4c4ece0,7
0x0c9a83120e744533fc78c02aca5d25784ca3825d,0xc310e760778ecbca4c65b6c559874757a4c4ece0,6
0x89cbb15c7ab08a39328b0e3ddf8cffa8d7c50899,0x52e00bd807cbd4b599e597acde5ede69f1aaedc8,6
0xc310e760778ecbca4c65b6c559874757a4c4ece0,0x2d1194e75b408c9395a8bbbedc0079322b62c0a4,6
0xc310e760778ecbca4c65b6c559874757a4c4ece0,0x77acc06250552c8a96e9560670328974386d632f,6
0x1c24d52a9ba9fd36e70c7e3f9fae9e40cfe25d3b,0x88341d1a8f672d2780c8dc725902aae72f143b0c,5
0x88341d1a8f672d2780c8dc725902aae72f143b0c,0x1c24d52a9ba9fd36e70c7e3f9fae9e40cfe25d3b,5
0xc310e760778ecbca4c65b6c559874757a4c4ece0,0x1c24d52a9ba9fd36e70c7e3f9fae9e40cfe25d3b,5
0xc310e760778ecbca4c65b6c559874757a4c4ece0,0x99ed8013cf4d6122fe834913bfb8f363816b4eee,5
0x4851512de5bd4d035a56eb95bb4709452091cac7,0xc310e760778ecbca4c65b6c559874757a4c4ece0,4
0x6193ba2e8f5fb3260541e90b21a7cba5381702b9,0x4851512de5bd4d035a56eb95bb4709452091cac7,4
0x6b3bacba7a6da1d6660079f5fd49fdc167ec5783,0xc310e760778ecbca4c65b6c559874757a4c4ece0,4
0x8ad52c3ab4233341f7a5b25dd0ebc4dcc26c53ee,0xe83ad21ed506f0e045728a734db65345470bcfab,4
0xc310e760778ecbca4c65b6c559874757a4c4ece0,0xbc78f0876c6bb2d1e82fdaa561df30db1372232d,4
0xd2af803ad747ea12acf5ae468056703ae48785b5,0x39d0792ad8a277af90b91c32eabc2aef37f8c151,4
0x7dd711c04e7426bda145aea0635e79e8fbbd8fbc,0x32bafb37f86ff2c8b0f075959cb0938c6061d23c,3
0x83c8f28c26bf6aaca652df1dbbe0e1b56f8baba2,0xd4f072b18c7a31d50bbf1df729b68e9ace7bc0d9,3
0x8776934058c69f325c3c9c4c50bcf42151d2a5c7,0x8776934058c69f325c3c9c4c50bcf42151d2a5c7,3
0x89cbb15c7ab08a39328b0e3ddf8cffa8d7c50899,0xf293436e8b4f15715d1058d58d026fcb9121e558,3
0xb3ee5011a7965905cde351ea4905ff4725189a3b,0xd4f072b18c7a31d50bbf1df729b68e9ace7bc0d9,3
0xc310e760778ecbca4c65b6c559874757a4c4ece0,0x4851512de5bd4d035a56eb95bb4709452091cac7,3
0xc310e760778ecbca4c65b6c559874757a4c4ece0,0x6193ba2e8f5fb3260541e90b21a7cba5381702b9,3
0xc310e760778ecbca4c65b6c559874757a4c4ece0,0xdefbb4e3ac96da6aaade47621ac5cb7dbb94af79,3
0xfef077a226742d824eec997b1411c5aaf0ec6514,0xb229ecf127fa0b6819b0369a616aaefaf6c1c314,3
0x113d754ff2e6ca9fd6ab51932493e4f9dabdf596,0xc310e760778ecbca4c65b6c559874757a4c4ece0,2
0x2bbd1019414c04850adb29ffb4c6fff340171159,0xb229ecf127fa0b6819b0369a616aaefaf6c1c314,2
0x39d0792ad8a277af90b91c32eabc2aef37f8c151,0xe052113bd7d7700d623414a0a4585bcae754e9d5,2
0x6193ba2e8f5fb3260541e90b21a7cba5381702b9,0xed2572b5ee0e73619f2632e7ac95cd3606b2fcfc,2
0x6b3bacba7a6da1d6660079f5fd49fdc167ec5783,0x4851512de5bd4d035a56eb95bb4709452091cac7,2
0x6b3bacba7a6da1d6660079f5fd49fdc167ec5783,0xebeaa2cfda253b0df33a10eaf58a399d0d00a781,2
0x6dd7315ad42e8fde87e9efe217c4a92f69501f81,0x39d0792ad8a277af90b91c32eabc2aef37f8c151,2
0x6dd7315ad42e8fde87e9efe217c4a92f69501f81,0x89c5b18bcb7ae23eab3fd7ee0ad80c6837565a23,2
0x7a0365d8b94d620fe5dc2e4be14c88629e43a8f4,0xd4f072b18c7a31d50bbf1df729b68e9ace7bc0d9,2
0x7dd711c04e7426bda145aea0635e79e8fbbd8fbc,0x4df323b13f3d39183b6e40573600c10ea2f4ed57,2
0x8776934058c69f325c3c9c4c50bcf42151d2a5c7,0xfef077a226742d824eec997b1411c5aaf0ec6514,2
0xa6e2e910515e6cf485462eeb6e454df33c60cb0e,0x7bbeefd5b569dd55d9fba6aeb600dad0513e643a,2
0xb3ee5011a7965905cde351ea4905ff4725189a3b,0x113d754ff2e6ca9fd6ab51932493e4f9dabdf596,2
0xb3ee5011a7965905cde351ea4905ff4725189a3b,0x3046aba3bb5c2828f4e5396edf3211675fb53fe1,2
0xb3ee5011a7965905cde351ea4905ff4725189a3b,0x349eb07248bb533799516806f4a3b2594215ebc1,2
0xb3ee5011a7965905cde351ea4905ff4725189a3b,0x3e3e926c7f785398d1719bda7799d7299080f57b,2
0xb3ee5011a7965905cde351ea4905ff4725189a3b,0x61ab218a4206bb9b2767383aafae7291d58818d8,2
0xb3ee5011a7965905cde351ea4905ff4725189a3b,0x99ed8013cf4d6122fe834913bfb8f363816b4eee,2
0xc310e760778ecbca4c65b6c559874757a4c4ece0,0x0c9a83120e744533fc78c02aca5d25784ca3825d,2
0xcf20d98033a4d633252c7de21f8cbfacc62c394e,0xb88f61e6fbda83fbfffabe364112137480398018,2
0xd2af803ad747ea12acf5ae468056703ae48785b5,0xb229ecf127fa0b6819b0369a616aaefaf6c1c314,2
0xea39c551834d07ee2ee87f1ceff843c308e089af,0x83c8f28c26bf6aaca652df1dbbe0e1b56f8baba2,2
0xfef077a226742d824eec997b1411c5aaf0ec6514,0x2bbd1019414c04850adb29ffb4c6fff340171159,2
0xfef077a226742d824eec997b1411c5aaf0ec6514,0xf293436e8b4f15715d1058d58d026fcb9121e558,2
0x0a0be1f6f9cbf28b2b2380486fa9c8e532f8783b,0xb8adcc8e382a7c43bdfa2e1c47059a1afec10e06,1
0x0c9a83120e744533fc78c02aca5d25784ca3825d,0x0c9a83120e744533fc78c02aca5d25784ca3825d,1
0x113d754ff2e6ca9fd6ab51932493e4f9dabdf596,0x5ac7983a4faafbee0150a8bf8100960887f1b102,1
0x113d754ff2e6ca9fd6ab51932493e4f9dabdf596,0x735ed02655bca15ec46491c0de4946591135459b,1
0x126b9fffcceed88571c9e1a03961a8437ab25d16,0xea39c551834d07ee2ee87f1ceff843c308e089af,1
0x18175162fe221f3730f587cf8026c7fafcab33d2,0x77acc06250552c8a96e9560670328974386d632f,1
0x18a4489a739ac9835da14e006b35d65040e53a4a,0x25de83caa6a2c4a07f7b4718faf5aa06d880c0cf,1
0x18a4489a739ac9835da14e006b35d65040e53a4a,0x2913e0b55f2f2ca7331611d2b45c8b0feecf082a,1
0x18a4489a739ac9835da14e006b35d65040e53a4a,0x6dd7315ad42e8fde87e9efe217c4a92f69501f81,1
0x18a4489a739ac9835da14e006b35d65040e53a4a,0x99ed8013cf4d6122fe834913bfb8f363816b4eee,1
0x18a4489a739ac9835da14e006b35d65040e53a4a,0xf224837e13b1a745574ef68a73427b0063f266f1,1
0x20fba289cd27d7fb29caf370e5ce6beb97ef8277,0xf224837e13b1a745574ef68a73427b0063f266f1,1
0x21938a693771d5dbe7fce8d1ed6fe6a6efaf6435,0x3109c5265cdeb23a806a7db74e59f476d7e5fd77,1
0x21938a693771d5dbe7fce8d1ed6fe6a6efaf6435,0xf15eeb4704d710264ce8c1373c09ed30c79af355,1
0x21938a693771d5dbe7fce8d1ed6fe6a6efaf6435,0xfed0429321a587470b64b59c589a9060bdf01688,1
0x24aeebe6de78819f50e43d738222c62b19396729,0xd4f072b18c7a31d50bbf1df729b68e9ace7bc0d9,1
0x24d9be8c2589c9873bc636e24972cdb891cdbc25,0x32bafb37f86ff2c8b0f075959cb0938c6061d23c,1
0x24d9be8c2589c9873bc636e24972cdb891cdbc25,0xa88218ce58baf8074333ec4845d79383e9417d88,1
0x24d9be8c2589c9873bc636e24972cdb891cdbc25,0xd3e401814d1faa8ca0419ecccbfee93ac7b15b31,1
0x25de83caa6a2c4a07f7b4718faf5aa06d880c0cf,0x32bafb37f86ff2c8b0f075959cb0938c6061d23c,1
0x25de83caa6a2c4a07f7b4718faf5aa06d880c0cf,0x4851512de5bd4d035a56eb95bb4709452091cac7,1
0x25de83caa6a2c4a07f7b4718faf5aa06d880c0cf,0x5ac7983a4faafbee0150a8bf8100960887f1b102,1
0x25de83caa6a2c4a07f7b4718faf5aa06d880c0cf,0xea39c551834d07ee2ee87f1ceff843c308e089af,1
0x2913e0b55f2f2ca7331611d2b45c8b0feecf082a,0x18a4489a739ac9835da14e006b35d65040e53a4a,1
0x2913e0b55f2f2ca7331611d2b45c8b0feecf082a,0x2ab30c674828e92c7009be11d647b600f6d4851c,1
0x2913e0b55f2f2ca7331611d2b45c8b0feecf082a,0x7bbeefd5b569dd55d9fba6aeb600dad0513e643a,1
0x2bbd1019414c04850adb29ffb4c6fff340171159,0x32bafb37f86ff2c8b0f075959cb0938c6061d23c,1
0x2bbd1019414c04850adb29ffb4c6fff340171159,0x39d0792ad8a277af90b91c32eabc2aef37f8c151,1
0x2bbd1019414c04850adb29ffb4c6fff340171159,0xed2572b5ee0e73619f2632e7ac95cd3606b2fcfc,1
0x2d1194e75b408c9395a8bbbedc0079322b62c0a4,0x18a4489a739ac9835da14e006b35d65040e53a4a,1
0x2d1194e75b408c9395a8bbbedc0079322b62c0a4,0x2ab30c674828e92c7009be11d647b600f6d4851c,1
0x2d1194e75b408c9395a8bbbedc0079322b62c0a4,0x4d31253c555de623d7c2e7d08d0d9409ecebe4b9,1
0x2d1194e75b408c9395a8bbbedc0079322b62c0a4,0x4df323b13f3d39183b6e40573600c10ea2f4ed57,1
0x2d1194e75b408c9395a8bbbedc0079322b62c0a4,0x5ac7983a4faafbee0150a8bf8100960887f1b102,1
0x2d1194e75b408c9395a8bbbedc0079322b62c0a4,0x99ed8013cf4d6122fe834913bfb8f363816b4eee,1
0x2d1194e75b408c9395a8bbbedc0079322b62c0a4,0xd4f072b18c7a31d50bbf1df729b68e9ace7bc0d9,1
0x3046aba3bb5c2828f4e5396edf3211675fb53fe1,0x349eb07248bb533799516806f4a3b2594215ebc1,1
0x3046aba3bb5c2828f4e5396edf3211675fb53fe1,0x4851512de5bd4d035a56eb95bb4709452091cac7,1
0x3046aba3bb5c2828f4e5396edf3211675fb53fe1,0x61ab218a4206bb9b2767383aafae7291d58818d8,1
0x39d0792ad8a277af90b91c32eabc2aef37f8c151,0x6b3bacba7a6da1d6660079f5fd49fdc167ec5783,1
0x4290e3914d2b6e2334fdab39fe759fcd4b07dfe7,0xf224837e13b1a745574ef68a73427b0063f266f1,1
0x4851512de5bd4d035a56eb95bb4709452091cac7,0x1c24d52a9ba9fd36e70c7e3f9fae9e40cfe25d3b,1
0x4851512de5bd4d035a56eb95bb4709452091cac7,0x6193ba2e8f5fb3260541e90b21a7cba5381702b9,1
0x4851512de5bd4d035a56eb95bb4709452091cac7,0x6b3bacba7a6da1d6660079f5fd49fdc167ec5783,1
0x4851512de5bd4d035a56eb95bb4709452091cac7,0x83c8f28c26bf6aaca652df1dbbe0e1b56f8baba2,1
0x4b92a56323e961f56532e36134e1dc27abcb9d22,0xe18a94a1e60903b1ec39d9104bed27d9a73ad9e2,1
0x4c4a5490deefefa16f49a1a48c9acdc60f4117d0,0x3046aba3bb5c2828f4e5396edf3211675fb53fe1,1
0x4c4a5490deefefa16f49a1a48c9acdc60f4117d0,0x3e3e926c7f785398d1719bda7799d7299080f57b,1
0x4c4a5490deefefa16f49a1a48c9acdc60f4117d0,0x5ac7983a4faafbee0150a8bf8100960887f1b102,1
0x4c4a5490deefefa16f49a1a48c9acdc60f4117d0,0xebeaa2cfda253b0df33a10eaf58a399d0d00a781,1
0x4df323b13f3d39183b6e40573600c10ea2f4ed57,0xc310e760778ecbca4c65b6c559874757a4c4ece0,1
0x553ea23c17a9a472d6a853093af29bc185536ffa,0x4851512de5bd4d035a56eb95bb4709452091cac7,1
0x5b00f3d1644ff3106248b2c50505a67abf31efff,0x113d754ff2e6ca9fd6ab51932493e4f9dabdf596,1
0x5b00f3d1644ff3106248b2c50505a67abf31efff,0x349eb07248bb533799516806f4a3b2594215ebc1,1
0x5b00f3d1644ff3106248b2c50505a67abf31efff,0xb88f61e6fbda83fbfffabe364112137480398018,1
0x5b00f3d1644ff3106248b2c50505a67abf31efff,0xc310e760778ecbca4c65b6c559874757a4c4ece0,1
0x5b00f3d1644ff3106248b2c50505a67abf31efff,0xd4f072b18c7a31d50bbf1df729b68e9ace7bc0d9,1
0x5b00f3d1644ff3106248b2c50505a67abf31efff,0xebeaa2cfda253b0df33a10eaf58a399d0d00a781,1
0x6193ba2e8f5fb3260541e90b21a7cba5381702b9,0x113ee41d97416d0afb2915e9c4ed6d4a4e9c299b,1
0x6193ba2e8f5fb3260541e90b21a7cba5381702b9,0x21938a693771d5dbe7fce8d1ed6fe6a6efaf6435,1
0x6193ba2e8f5fb3260541e90b21a7cba5381702b9,0xebeaa2cfda253b0df33a10eaf58a399d0d00a781,1
0x64af0b826a315e88f2726c7f5a2291f2bd3a39e3,0xdef3d987131791b2712297f17654da42fd63f6b0,1
0x652c09da7cfc545ae2c7cbc36799cf90fc8c0bff,0x3046aba3bb5c2828f4e5396edf3211675fb53fe1,1
0x652c09da7cfc545ae2c7cbc36799cf90fc8c0bff,0x7dd711c04e7426bda145aea0635e79e8fbbd8fbc,1
0x652c09da7cfc545ae2c7cbc36799cf90fc8c0bff,0xca11b90e81a3da475fdbcfbf1ecab6e1362ed909,1
0x652c09da7cfc545ae2c7cbc36799cf90fc8c0bff,0xd4f072b18c7a31d50bbf1df729b68e9ace7bc0d9,1
0x689e9cace83136fbbd526f45bd6976ae33906f1b,0x113d754ff2e6ca9fd6ab51932493e4f9dabdf596,1
0x689e9cace83136fbbd526f45bd6976ae33906f1b,0x2913e0b55f2f2ca7331611d2b45c8b0feecf082a,1
0x689e9cace83136fbbd526f45bd6976ae33906f1b,0x2ab30c674828e92c7009be11d647b600f6d4851c,1
0x689e9cace83136fbbd526f45bd6976ae33906f1b,0xd2628fb21499c690f5015af5df410a6fc72df72f,1
0x689e9cace83136fbbd526f45bd6976ae33906f1b,0xfed0429321a587470b64b59c589a9060bdf01688,1
0x6b3bacba7a6da1d6660079f5fd49fdc167ec5783,0x1c24d52a9ba9fd36e70c7e3f9fae9e40cfe25d3b,1
0x6b3bacba7a6da1d6660079f5fd49fdc167ec5783,0x3109c5265cdeb23a806a7db74e59f476d7e5fd77,1
0x6b3bacba7a6da1d6660079f5fd49fdc167ec5783,0x4290e3914d2b6e2334fdab39fe759fcd4b07dfe7,1
0x6b3bacba7a6da1d6660079f5fd49fdc167ec5783,0x61ab218a4206bb9b2767383aafae7291d58818d8,1
0x6b3bacba7a6da1d6660079f5fd49fdc167ec5783,0x6dd7315ad42e8fde87e9efe217c4a92f69501f81,1
0x6b3bacba7a6da1d6660079f5fd49fdc167ec5783,0xb229ecf127fa0b6819b0369a616aaefaf6c1c314,1
0x6b3bacba7a6da1d6660079f5fd49fdc167ec5783,0xca11b90e81a3da475fdbcfbf1ecab6e1362ed909,1
0x6b3bacba7a6da1d6660079f5fd49fdc167ec5783,0xed2572b5ee0e73619f2632e7ac95cd3606b2fcfc,1
0x6b3bacba7a6da1d6660079f5fd49fdc167ec5783,0xf224837e13b1a745574ef68a73427b0063f266f1,1
0x6b3bacba7a6da1d6660079f5fd49fdc167ec5783,0xf293436e8b4f15715d1058d58d026fcb9121e558,1
0x6b3bacba7a6da1d6660079f5fd49fdc167ec5783,0xfef077a226742d824eec997b1411c5aaf0ec6514,1
0x6b3fa0efecd8bf4eed7c290c967659ed27858aa8,0x2ab30c674828e92c7009be11d647b600f6d4851c,1
0x6b3fa0efecd8bf4eed7c290c967659ed27858aa8,0x32bafb37f86ff2c8b0f075959cb0938c6061d23c,1
0x6b3fa0efecd8bf4eed7c290c967659ed27858aa8,0xb88f61e6fbda83fbfffabe364112137480398018,1
0x6b52e83941eb10f9c613c395a834457559a80114,0xebeaa2cfda253b0df33a10eaf58a399d0d00a781,1
0x6dd7315ad42e8fde87e9efe217c4a92f69501f81,0xe052113bd7d7700d623414a0a4585bcae754e9d5,1
0x735ed02655bca15ec46491c0de4946591135459b,0x3046aba3bb5c2828f4e5396edf3211675fb53fe1,1
0x735ed02655bca15ec46491c0de4946591135459b,0x64af0b826a315e88f2726c7f5a2291f2bd3a39e3,1
0x735ed02655bca15ec46491c0de4946591135459b,0x652c09da7cfc545ae2c7cbc36799cf90fc8c0bff,1
0x735ed02655bca15ec46491c0de4946591135459b,0xf224837e13b1a745574ef68a73427b0063f266f1,1
0x77acc06250552c8a96e9560670328974386d632f,0x24aeebe6de78819f50e43d738222c62b19396729,1
0x77acc06250552c8a96e9560670328974386d632f,0xc310e760778ecbca4c65b6c559874757a4c4ece0,1
0x7bbeefd5b569dd55d9fba6aeb600dad0513e643a,0x3109c5265cdeb23a806a7db74e59f476d7e5fd77,1
0x7bbeefd5b569dd55d9fba6aeb600dad0513e643a,0x4d31253c555de623d7c2e7d08d0d9409ecebe4b9,1
0x7bbeefd5b569dd55d9fba6aeb600dad0513e643a,0x6b3bacba7a6da1d6660079f5fd49fdc167ec5783,1
0x7bbeefd5b569dd55d9fba6aeb600dad0513e643a,0xe18a94a1e60903b1ec39d9104bed27d9a73ad9e2,1
0x7dd711c04e7426bda145aea0635e79e8fbbd8fbc,0x4851512de5bd4d035a56eb95bb4709452091cac7,1
0x7dd711c04e7426bda145aea0635e79e8fbbd8fbc,0x4d31253c555de623d7c2e7d08d0d9409ecebe4b9,1
0x7dd711c04e7426bda145aea0635e79e8fbbd8fbc,0x8ad52c3ab4233341f7a5b25dd0ebc4dcc26c53ee,1
0x7dd711c04e7426bda145aea0635e79e8fbbd8fbc,0x99ed8013cf4d6122fe834913bfb8f363816b4eee,1
0x7dd711c04e7426bda145aea0635e79e8fbbd8fbc,0xbc78f0876c6bb2d1e82fdaa561df30db1372232d,1
0x7dd711c04e7426bda145aea0635e79e8fbbd8fbc,0xe18a94a1e60903b1ec39d9104bed27d9a73ad9e2,1
0x8129d4010a676a660502a4770d8a97f8d1788e5f,0x61ab218a4206bb9b2767383aafae7291d58818d8,1
0x8129d4010a676a660502a4770d8a97f8d1788e5f,0xca11b90e81a3da475fdbcfbf1ecab6e1362ed909,1
0x8129d4010a676a660502a4770d8a97f8d1788e5f,0xebeaa2cfda253b0df33a10eaf58a399d0d00a781,1
0x8629396e39997886cf31fc77a2761c5a58247268,0x21938a693771d5dbe7fce8d1ed6fe6a6efaf6435,1
0x8629396e39997886cf31fc77a2761c5a58247268,0x3109c5265cdeb23a806a7db74e59f476d7e5fd77,1
0x8629396e39997886cf31fc77a2761c5a58247268,0x90b298f5ff8a52d15c2709087f327af698fe9729,1
0x8629396e39997886cf31fc77a2761c5a58247268,0x99ed8013cf4d6122fe834913bfb8f363816b4eee,1
0x8629396e39997886cf31fc77a2761c5a58247268,0xc310e760778ecbca4c65b6c559874757a4c4ece0,1
0x8629396e39997886cf31fc77a2761c5a58247268,0xe052113bd7d7700d623414a0a4585bcae754e9d5,1
0x8629396e39997886cf31fc77a2761c5a58247268,0xebeaa2cfda253b0df33a10eaf58a399d0d00a781,1
0x863d6ff91cde6ff9572b0ba1b046f4a4a8867503,0xa6e2e910515e6cf485462eeb6e454df33c60cb0e,1
0x8776934058c69f325c3c9c4c50bcf42151d2a5c7,0x6dd7315ad42e8fde87e9efe217c4a92f69501f81,1
0x89c5b18bcb7ae23eab3fd7ee0ad80c6837565a23,0x3046aba3bb5c2828f4e5396edf3211675fb53fe1,1
0x89c5b18bcb7ae23eab3fd7ee0ad80c6837565a23,0xc310e760778ecbca4c65b6c559874757a4c4ece0,1
0x89c5b18bcb7ae23eab3fd7ee0ad80c6837565a23,0xd4f072b18c7a31d50bbf1df729b68e9ace7bc0d9,1
0x89cbb15c7ab08a39328b0e3ddf8cffa8d7c50899,0x3046aba3bb5c2828f4e5396edf3211675fb53fe1,1
0x89cbb15c7ab08a39328b0e3ddf8cffa8d7c50899,0xb1e079854268985431935ce53aa54c8e1722fa0d,1
0x89cbb15c7ab08a39328b0e3ddf8cffa8d7c50899,0xb2e714bf6b0cdde7f27316132fb612315f3faf91,1
0x89cbb15c7ab08a39328b0e3ddf8cffa8d7c50899,0xfef077a226742d824eec997b1411c5aaf0ec6514,1
0x8da0a15786008f543a760701e2021f992e1c1cc5,0x863d6ff91cde6ff9572b0ba1b046f4a4a8867503,1
0x90b298f5ff8a52d15c2709087f327af698fe9729,0x113d754ff2e6ca9fd6ab51932493e4f9dabdf596,1
0x90b298f5ff8a52d15c2709087f327af698fe9729,0x3109c5265cdeb23a806a7db74e59f476d7e5fd77,1
0x90b298f5ff8a52d15c2709087f327af698fe9729,0x32bafb37f86ff2c8b0f075959cb0938c6061d23c,1
0x90b298f5ff8a52d15c2709087f327af698fe9729,0x41ebaeb7025784a336020ce969710e252c1fc3ee,1
0x90b298f5ff8a52d15c2709087f327af698fe9729,0x8629396e39997886cf31fc77a2761c5a58247268,1
0x90b298f5ff8a52d15c2709087f327af698fe9729,0xc310e760778ecbca4c65b6c559874757a4c4ece0,1
0x99ed8013cf4d6122fe834913bfb8f363816b4eee,0x2ab30c674828e92c7009be11d647b600f6d4851c,1
0x99ed8013cf4d6122fe834913bfb8f363816b4eee,0x5b00f3d1644ff3106248b2c50505a67abf31efff,1
0x99ed8013cf4d6122fe834913bfb8f363816b4eee,0xc310e760778ecbca4c65b6c559874757a4c4ece0,1
0xa5b17ef8bfbb9a1e9c55a5c21c52f50a9d9fee6a,0x113d754ff2e6ca9fd6ab51932493e4f9dabdf596,1
0xa5b17ef8bfbb9a1e9c55a5c21c52f50a9d9fee6a,0x39d0792ad8a277af90b91c32eabc2aef37f8c151,1
0xa5b17ef8bfbb9a1e9c55a5c21c52f50a9d9fee6a,0xb229ecf127fa0b6819b0369a616aaefaf6c1c314,1
0xa6e2e910515e6cf485462eeb6e454df33c60cb0e,0x113ee41d97416d0afb2915e9c4ed6d4a4e9c299b,1
0xa6e2e910515e6cf485462eeb6e454df33c60cb0e,0x2ab30c674828e92c7009be11d647b600f6d4851c,1
0xa6e2e910515e6cf485462eeb6e454df33c60cb0e,0x32bafb37f86ff2c8b0f075959cb0938c6061d23c,1
0xa6e2e910515e6cf485462eeb6e454df33c60cb0e,0x39d0792ad8a277af90b91c32eabc2aef37f8c151,1
0xa6e2e910515e6cf485462eeb6e454df33c60cb0e,0x4df323b13f3d39183b6e40573600c10ea2f4ed57,1
0xa6e2e910515e6cf485462eeb6e454df33c60cb0e,0x99ed8013cf4d6122fe834913bfb8f363816b4eee,1
0xa6e2e910515e6cf485462eeb6e454df33c60cb0e,0xb2e714bf6b0cdde7f27316132fb612315f3faf91,1
0xa6e2e910515e6cf485462eeb6e454df33c60cb0e,0xb3ee5011a7965905cde351ea4905ff4725189a3b,1
0xa6e2e910515e6cf485462eeb6e454df33c60cb0e,0xd2628fb21499c690f5015af5df410a6fc72df72f,1
0xa6e2e910515e6cf485462eeb6e454df33c60cb0e,0xe052113bd7d7700d623414a0a4585bcae754e9d5,1
0xa88218ce58baf8074333ec4845d79383e9417d88,0x2ab30c674828e92c7009be11d647b600f6d4851c,1
0xa88218ce58baf8074333ec4845d79383e9417d88,0x5ac7983a4faafbee0150a8bf8100960887f1b102,1
0xb1e079854268985431935ce53aa54c8e1722fa0d,0x2bbd1019414c04850adb29ffb4c6fff340171159,1
0xb229ecf127fa0b6819b0369a616aaefaf6c1c314,0x7dd711c04e7426bda145aea0635e79e8fbbd8fbc,1
0xb229ecf127fa0b6819b0369a616aaefaf6c1c314,0x83c8f28c26bf6aaca652df1dbbe0e1b56f8baba2,1
0xb229ecf127fa0b6819b0369a616aaefaf6c1c314,0xebeaa2cfda253b0df33a10eaf58a399d0d00a781,1
0xb229ecf127fa0b6819b0369a616aaefaf6c1c314,0xfef077a226742d824eec997b1411c5aaf0ec6514,1
0xb2e714bf6b0cdde7f27316132fb612315f3faf91,0x113d754ff2e6ca9fd6ab51932493e4f9dabdf596,1
0xb2e714bf6b0cdde7f27316132fb612315f3faf91,0x52e00bd807cbd4b599e597acde5ede69f1aaedc8,1
0xb3ee5011a7965905cde351ea4905ff4725189a3b,0x113ee41d97416d0afb2915e9c4ed6d4a4e9c299b,1
0xb3ee5011a7965905cde351ea4905ff4725189a3b,0x32bafb37f86ff2c8b0f075959cb0938c6061d23c,1
0xb3ee5011a7965905cde351ea4905ff4725189a3b,0x41ebaeb7025784a336020ce969710e252c1fc3ee,1
0xb3ee5011a7965905cde351ea4905ff4725189a3b,0x4851512de5bd4d035a56eb95bb4709452091cac7,1
0xb3ee5011a7965905cde351ea4905ff4725189a3b,0x8ad52c3ab4233341f7a5b25dd0ebc4dcc26c53ee,1
0xb3ee5011a7965905cde351ea4905ff4725189a3b,0xb229ecf127fa0b6819b0369a616aaefaf6c1c314,1
0xb3ee5011a7965905cde351ea4905ff4725189a3b,0xebeaa2cfda253b0df33a10eaf58a399d0d00a781,1
0xb3ee5011a7965905cde351ea4905ff4725189a3b,0xed2572b5ee0e73619f2632e7ac95cd3606b2fcfc,1
0xb3ee5011a7965905cde351ea4905ff4725189a3b,0xfef077a226742d824eec997b1411c5aaf0ec6514,1
0xb4b60c4c8678752363fc4d1a2c7f6fbcb19589c7,0x1c24d52a9ba9fd36e70c7e3f9fae9e40cfe25d3b,1
0xb94179f79664908b1c94518885b0e76cef4e0ca2,0x2913e0b55f2f2ca7331611d2b45c8b0feecf082a,1
0xb94179f79664908b1c94518885b0e76cef4e0ca2,0x4d31253c555de623d7c2e7d08d0d9409ecebe4b9,1
0xbc78f0876c6bb2d1e82fdaa561df30db1372232d,0x2bbd1019414c04850adb29ffb4c6fff340171159,1
0xbc78f0876c6bb2d1e82fdaa561df30db1372232d,0x4851512de5bd4d035a56eb95bb4709452091cac7,1
0xbd4333752aa05c240e55f3641ff3070cb1eb03af,0x3109c5265cdeb23a806a7db74e59f476d7e5fd77,1
0xbd4333752aa05c240e55f3641ff3070cb1eb03af,0x64af0b826a315e88f2726c7f5a2291f2bd3a39e3,1
0xbd4333752aa05c240e55f3641ff3070cb1eb03af,0xb2e714bf6b0cdde7f27316132fb612315f3faf91,1
0xc310e760778ecbca4c65b6c559874757a4c4ece0,0x32bafb37f86ff2c8b0f075959cb0938c6061d23c,1
0xc310e760778ecbca4c65b6c559874757a4c4ece0,0x6b3bacba7a6da1d6660079f5fd49fdc167ec5783,1
0xc310e760778ecbca4c65b6c559874757a4c4ece0,0x8629396e39997886cf31fc77a2761c5a58247268,1
0xc310e760778ecbca4c65b6c559874757a4c4ece0,0xb1e079854268985431935ce53aa54c8e1722fa0d,1
0xcf20d98033a4d633252c7de21f8cbfacc62c394e,0xc310e760778ecbca4c65b6c559874757a4c4ece0,1
0xcf20d98033a4d633252c7de21f8cbfacc62c394e,0xd4f072b18c7a31d50bbf1df729b68e9ace7bc0d9,1
0xd2af803ad747ea12acf5ae468056703ae48785b5,0x4290e3914d2b6e2334fdab39fe759fcd4b07dfe7,1
0xd2af803ad747ea12acf5ae468056703ae48785b5,0x4df323b13f3d39183b6e40573600c10ea2f4ed57,1
0xd2af803ad747ea12acf5ae468056703ae48785b5,0xebeaa2cfda253b0df33a10eaf58a399d0d00a781,1
0xdefbb4e3ac96da6aaade47621ac5cb7dbb94af79,0x113ee41d97416d0afb2915e9c4ed6d4a4e9c299b,1
0xdefbb4e3ac96da6aaade47621ac5cb7dbb94af79,0x652c09da7cfc545ae2c7cbc36799cf90fc8c0bff,1
0xdefbb4e3ac96da6aaade47621ac5cb7dbb94af79,0xebeaa2cfda253b0df33a10eaf58a399d0d00a781,1
0xe18a94a1e60903b1ec39d9104bed27d9a73ad9e2,0x7dd711c04e7426bda145aea0635e79e8fbbd8fbc,1
0xe18a94a1e60903b1ec39d9104bed27d9a73ad9e2,0x83c8f28c26bf6aaca652df1dbbe0e1b56f8baba2,1
0xea39c551834d07ee2ee87f1ceff843c308e089af,0x21938a693771d5dbe7fce8d1ed6fe6a6efaf6435,1
0xea39c551834d07ee2ee87f1ceff843c308e089af,0xc310e760778ecbca4c65b6c559874757a4c4ece0,1
0xea39c551834d07ee2ee87f1ceff843c308e089af,0xebeaa2cfda253b0df33a10eaf58a399d0d00a781,1
0xed2572b5ee0e73619f2632e7ac95cd3606b2fcfc,0x1254958bd5073c6b238e516298f0c48f6f60a78e,1
0xf224837e13b1a745574ef68a73427b0063f266f1,0x113d754ff2e6ca9fd6ab51932493e4f9dabdf596,1
0xf224837e13b1a745574ef68a73427b0063f266f1,0x113ee41d97416d0afb2915e9c4ed6d4a4e9c299b,1
0xf224837e13b1a745574ef68a73427b0063f266f1,0xfed0429321a587470b64b59c589a9060bdf01688,1
0xf23a873b5bc29d9269ad4a50f093477f4599c007,0x21938a693771d5dbe7fce8d1ed6fe6a6efaf6435,1
0xf23a873b5bc29d9269ad4a50f093477f4599c007,0x64af0b826a315e88f2726c7f5a2291f2bd3a39e3,1
0xf293436e8b4f15715d1058d58d026fcb9121e558,0x113d754ff2e6ca9fd6ab51932493e4f9dabdf596,1
0xf293436e8b4f15715d1058d58d026fcb9121e558,0x1c24d52a9ba9fd36e70c7e3f9fae9e40cfe25d3b,1
0xf293436e8b4f15715d1058d58d026fcb9121e558,0xa88218ce58baf8074333ec4845d79383e9417d88,1
0xfbd351ea76d91457296eacbee248cb491ecff7d5,0x21938a693771d5dbe7fce8d1ed6fe6a6efaf6435,1
0xfbd351ea76d91457296eacbee248cb491ecff7d5,0x7dd711c04e7426bda145aea0635e79e8fbbd8fbc,1
0xfed0429321a587470b64b59c589a9060bdf01688,0xc310e760778ecbca4c65b6c559874757a4c4ece0,1
0xfed0429321a587470b64b59c589a9060bdf01688,0xed2572b5ee0e73619f2632e7ac95cd3606b2fcfc,1
0xfef077a226742d824eec997b1411c5aaf0ec6514,0x2913e0b55f2f2ca7331611d2b45c8b0feecf082a,1
0xfef077a226742d824eec997b1411c5aaf0ec6514,0x3046aba3bb5c2828f4e5396edf3211675fb53fe1,1
0xfef077a226742d824eec997b1411c5aaf0ec6514,0x652c09da7cfc545ae2c7cbc36799cf90fc8c0bff,1
0xfef077a226742d824eec997b1411c5aaf0ec6514,0x8129d4010a676a660502a4770d8a97f8d1788e5f,1
0xfef077a226742d824eec997b1411c5aaf0ec6514,0xebeaa2cfda253b0df33a10eaf58a399d0d00a781,1
