target,source,value
0x5a019874f4fae314b0eaa4606be746366e661306,0xad097fdcd58535250c59807d6683e0a6b688d6cc,100
0xc35f3f92a9f27a157b309a9656cfea30e5c9cce3,0x620b70123fb810f6c653da7644b5dd0b6312e4d8,100
0x5a019874f4fae314b0eaa4606be746366e661306,0xc35f3f92a9f27a157b309a9656cfea30e5c9cce3,98
0x5a019874f4fae314b0eaa4606be746366e661306,0xc41a84d016b1391fa0f4048d37d3131988412360,86
0x620b70123fb810f6c653da7644b5dd0b6312e4d8,0xc35f3f92a9f27a157b309a9656cfea30e5c9cce3,75
0x28e9162fc10bb3a7f98f44e90fa7273698fce360,0x2f131c4dad4be81683abb966b4de05a549144443,54
0xfc840af78a496b52e378dfa94838402e1b7f71dd,0x073ff66ec93c4ddd98edafeaecd677a7ef61f000,44
0x620b70123fb810f6c653da7644b5dd0b6312e4d8,0x9b37bc499de5e675063695211618f3cd64a1b9fc,40
0x9b37bc499de5e675063695211618f3cd64a1b9fc,0x620b70123fb810f6c653da7644b5dd0b6312e4d8,40
0x4a7f84268a2f35d1d7131b38e32f348dd3b3ea96,0x3ba928f307537bf2592944c3e9fa1a22e3da8696,36
0xb630abd9a5367763b7cba316e870c4a54064cc9f,0xc665a60f22dda926b920deb8ffac0ef9d8a17460,33
0xdbf56f5870e84e8e59f2000bac44148723c47f8c,0x695589d2bc5a63db1e830b1da7a07de73e58c6a8,33
0x149fd340ca0df54228aacdad7755b05d0e2b23d9,0x620b70123fb810f6c653da7644b5dd0b6312e4d8,25
0x38a4d889a1979133fbc1d58f970f0953e3715c26,0x28e9162fc10bb3a7f98f44e90fa7273698fce360,25
0xee3766e4f996dc0e0f8c929954eaafef3441de87,0xc310e760778ecbca4c65b6c559874757a4c4ece0,24
0x052564eb0fd8b340803df55def89c25c432f43f4,0x620b70123fb810f6c653da7644b5dd0b6312e4d8,23
0x620b70123fb810f6c653da7644b5dd0b6312e4d8,0x052564eb0fd8b340803df55def89c25c432f43f4,23
0x64bbdee28c44a070cd85d4a6f8f7917456ca10c1,0x695589d2bc5a63db1e830b1da7a07de73e58c6a8,22
0x9a20cfcdc25eab32b8d21fbf8dab66f2658b791e,0x2f131c4dad4be81683abb966b4de05a549144443,20
0xc310e760778ecbca4c65b6c559874757a4c4ece0,0xe710592ac31387fcfc84666f8c108d7f38f29c2e,15
0xb697b9455eeee9574ec5c5350cb10c8a5b752a39,0x620b70123fb810f6c653da7644b5dd0b6312e4d8,14
0x747b4b9f59ba3ba85b4118044e1abde1ebce2de8,0x88341d1a8f672d2780c8dc725902aae72f143b0c,12
0x88341d1a8f672d2780c8dc725902aae72f143b0c,0x747b4b9f59ba3ba85b4118044e1abde1ebce2de8,12
0x2c2ed4b3876c442fee80bee76ce0ee2ca2a512af,0xc310e760778ecbca4c65b6c559874757a4c4ece0,11
0x8b5ba95f952844c5c66cb53fbfe1749c70327d70,0xc310e760778ecbca4c65b6c559874757a4c4ece0,11
0x620b70123fb810f6c653da7644b5dd0b6312e4d8,0xf5fddb64c566f2709b68378fd0d0092cf947d931,9
0xc310e760778ecbca4c65b6c559874757a4c4ece0,0xe947cf763ab06c2adecd7382877ee307559c06c9,9
0xe710592ac31387fcfc84666f8c108d7f38f29c2e,0xc310e760778ecbca4c65b6c559874757a4c4ece0,9
0xf5fddb64c566f2709b68378fd0d0092cf947d931,0x620b70123fb810f6c653da7644b5dd0b6312e4d8,9
0x16205a6048b6af17f1ac1a009bbf2ed9289e6921,0x620b70123fb810f6c653da7644b5dd0b6312e4d8,8
0x620b70123fb810f6c653da7644b5dd0b6312e4d8,0x16205a6048b6af17f1ac1a009bbf2ed9289e6921,8
0x9c8512ff7e7cdd8f797dfc0184890c62e5ca4693,0xc310e760778ecbca4c65b6c559874757a4c4ece0,8
0xc310e760778ecbca4c65b6c559874757a4c4ece0,0x8b5ba95f952844c5c66cb53fbfe1749c70327d70,8
0xe052113bd7d7700d623414a0a4585bcae754e9d5,0xf3741be4aa678e7828d7665be34c6b21bcaa3248,8
0x620b70123fb810f6c653da7644b5dd0b6312e4d8,0xd387a6e4e84a6c86bd90c158c6028a58cc8ac459,7
0xb5696e4057b9ba76616cecb5a537eaca7b3cdf54,0xc310e760778ecbca4c65b6c559874757a4c4ece0,7
0xb630abd9a5367763b7cba316e870c4a54064cc9f,0x28e9162fc10bb3a7f98f44e90fa7273698fce360,7
0xd387a6e4e84a6c86bd90c158c6028a58cc8ac459,0x620b70123fb810f6c653da7644b5dd0b6312e4d8,7
0x2f131c4dad4be81683abb966b4de05a549144443,0xb630abd9a5367763b7cba316e870c4a54064cc9f,6
0x620b70123fb810f6c653da7644b5dd0b6312e4d8,0xe947cf763ab06c2adecd7382877ee307559c06c9,6
0xa3818bc0ab0fc8273f308ba2793e49e10aa1f756,0x620b70123fb810f6c653da7644b5dd0b6312e4d8,6
0xe947cf763ab06c2adecd7382877ee307559c06c9,0x620b70123fb810f6c653da7644b5dd0b6312e4d8,6
0x86c63007df796479cf3623a4ca698392fb3aa3eb,0x620b70123fb810f6c653da7644b5dd0b6312e4d8,5
0xc310e760778ecbca4c65b6c559874757a4c4ece0,0x2c2ed4b3876c442fee80bee76ce0ee2ca2a512af,5
0xc310e760778ecbca4c65b6c559874757a4c4ece0,0xe22a36dc96688cab8b346118dbd90a96aa607a14,5
0xc35f3f92a9f27a157b309a9656cfea30e5c9cce3,0x88341d1a8f672d2780c8dc725902aae72f143b0c,5
0xe22a36dc96688cab8b346118dbd90a96aa607a14,0xc310e760778ecbca4c65b6c559874757a4c4ece0,5
0x1fa013b8a395e9bce62852b36bd63df31fe7a306,0x46e449a3f88d0e35b4520bc36e8dfda195c896b0,4
0x620b70123fb810f6c653da7644b5dd0b6312e4d8,0x747b4b9f59ba3ba85b4118044e1abde1ebce2de8,4
0x620b70123fb810f6c653da7644b5dd0b6312e4d8,0xfded90a3b1348425577688866f798f94d77a0d02,4
0x747b4b9f59ba3ba85b4118044e1abde1ebce2de8,0x620b70123fb810f6c653da7644b5dd0b6312e4d8,4
0xae545300740d789791e998c2e655fdafe6341690,0xd387a6e4e84a6c86bd90c158c6028a58cc8ac459,4
0xc310e760778ecbca4c65b6c559874757a4c4ece0,0xe765b86fe0566a947028fe639e1905a61dd6dc8c,4
0xe765b86fe0566a947028fe639e1905a61dd6dc8c,0xc310e760778ecbca4c65b6c559874757a4c4ece0,4
0x4b51b2e97ff1d85b449d84a6c87b37fb6cc299e7,0x620b70123fb810f6c653da7644b5dd0b6312e4d8,3
0x4e83c8f915b948453e026bdcf7cfe2e1781b5bfa,0x620b70123fb810f6c653da7644b5dd0b6312e4d8,3
0x5a019874f4fae314b0eaa4606be746366e661306,0x108b9595d1fa09a9a228e011d7768c55d8d989ad,3
0x5b9a65eabc2cbfc5eceec377afa4399f702eb3d4,0xe765b86fe0566a947028fe639e1905a61dd6dc8c,3
0x620b70123fb810f6c653da7644b5dd0b6312e4d8,0x4b51b2e97ff1d85b449d84a6c87b37fb6cc299e7,3
0x620b70123fb810f6c653da7644b5dd0b6312e4d8,0x4e83c8f915b948453e026bdcf7cfe2e1781b5bfa,3
0x620b70123fb810f6c653da7644b5dd0b6312e4d8,0xa8d04cd4e1951291740ef977d56336fdc7f394c5,3
0x620b70123fb810f6c653da7644b5dd0b6312e4d8,0xb697b9455eeee9574ec5c5350cb10c8a5b752a39,3
0x620b70123fb810f6c653da7644b5dd0b6312e4d8,0xe765b86fe0566a947028fe639e1905a61dd6dc8c,3
0x9d6c133b388c1fc9756ffa38c18e8e770e44dd93,0xe052113bd7d7700d623414a0a4585bcae754e9d5,3
0x9f14f09264723e81d7231551af40f745976d740b,0x69c488bcda156379b6661f08a35db627e5d467dd,3
0x9f14f09264723e81d7231551af40f745976d740b,0x904778b44bd12a1f7c3f1b95ff3381a952296cd1,3
0xa8d04cd4e1951291740ef977d56336fdc7f394c5,0x620b70123fb810f6c653da7644b5dd0b6312e4d8,3
0xad097fdcd58535250c59807d6683e0a6b688d6cc,0x620b70123fb810f6c653da7644b5dd0b6312e4d8,3
0xc310e760778ecbca4c65b6c559874757a4c4ece0,0x9c8512ff7e7cdd8f797dfc0184890c62e5ca4693,3
0xc310e760778ecbca4c65b6c559874757a4c4ece0,0xee3766e4f996dc0e0f8c929954eaafef3441de87,3
0xf3741be4aa678e7828d7665be34c6b21bcaa3248,0xc310e760778ecbca4c65b6c559874757a4c4ece0,3
0xfded90a3b1348425577688866f798f94d77a0d02,0x620b70123fb810f6c653da7644b5dd0b6312e4d8,3
0x12f37431468eb75c2a825e2cf8fde773ad94c8ea,0x620b70123fb810f6c653da7644b5dd0b6312e4d8,2
0x16205a6048b6af17f1ac1a009bbf2ed9289e6921,0xe052113bd7d7700d623414a0a4585bcae754e9d5,2
0x1fa013b8a395e9bce62852b36bd63df31fe7a306,0x0ad7906bec133a9c0b9b00e20cc9f692fad89919,2
0x2f131c4dad4be81683abb966b4de05a549144443,0xd711e8975f248216dba4730c06fc86b9aa765f92,2
0x2f131c4dad4be81683abb966b4de05a549144443,0xe947cf763ab06c2adecd7382877ee307559c06c9,2
0x3ba928f307537bf2592944c3e9fa1a22e3da8696,0xa3818bc0ab0fc8273f308ba2793e49e10aa1f756,2
0x4126ca4080fb0441876ccac8ff8b86f8d382bb6d,0xe052113bd7d7700d623414a0a4585bcae754e9d5,2
0x5a019874f4fae314b0eaa4606be746366e661306,0xa3818bc0ab0fc8273f308ba2793e49e10aa1f756,2
0x60b1e2f997306604de4050fa0d4095428b887b2a,0x4e83c8f915b948453e026bdcf7cfe2e1781b5bfa,2
0x620b70123fb810f6c653da7644b5dd0b6312e4d8,0x21ff21a28b4c8fd49d6097c3562d9797ac798092,2
0x620b70123fb810f6c653da7644b5dd0b6312e4d8,0x8b5ba95f952844c5c66cb53fbfe1749c70327d70,2
0x620b70123fb810f6c653da7644b5dd0b6312e4d8,0xe22a36dc96688cab8b346118dbd90a96aa607a14,2
0x620b70123fb810f6c653da7644b5dd0b6312e4d8,0xe710592ac31387fcfc84666f8c108d7f38f29c2e,2
0x8b5ba95f952844c5c66cb53fbfe1749c70327d70,0x620b70123fb810f6c653da7644b5dd0b6312e4d8,2
0x9854716bb75963c53c4f8cca97b74b94db848a71,0xd387a6e4e84a6c86bd90c158c6028a58cc8ac459,2
0x9f14f09264723e81d7231551af40f745976d740b,0x024bcbcaad82e67f721799e259ca60bc7d363419,2
0xb5696e4057b9ba76616cecb5a537eaca7b3cdf54,0x620b70123fb810f6c653da7644b5dd0b6312e4d8,2
0xb5696e4057b9ba76616cecb5a537eaca7b3cdf54,0xee3766e4f996dc0e0f8c929954eaafef3441de87,2
0xc310e760778ecbca4c65b6c559874757a4c4ece0,0xb5696e4057b9ba76616cecb5a537eaca7b3cdf54,2
0xc665a60f22dda926b920deb8ffac0ef9d8a17460,0x620b70123fb810f6c653da7644b5dd0b6312e4d8,2
0xe22a36dc96688cab8b346118dbd90a96aa607a14,0x620b70123fb810f6c653da7644b5dd0b6312e4d8,2
0xe947cf763ab06c2adecd7382877ee307559c06c9,0x2f131c4dad4be81683abb966b4de05a549144443,2
0x024bcbcaad82e67f721799e259ca60bc7d363419,0x620b70123fb810f6c653da7644b5dd0b6312e4d8,1
0x024bcbcaad82e67f721799e259ca60bc7d363419,0xe052113bd7d7700d623414a0a4585bcae754e9d5,1
0x0517091dc37811d6483c01c1d2adba540920a421,0x21ff21a28b4c8fd49d6097c3562d9797ac798092,1
0x108b9595d1fa09a9a228e011d7768c55d8d989ad,0x60b1e2f997306604de4050fa0d4095428b887b2a,1
0x12f37431468eb75c2a825e2cf8fde773ad94c8ea,0xc310e760778ecbca4c65b6c559874757a4c4ece0,1
0x16205a6048b6af17f1ac1a009bbf2ed9289e6921,0x904778b44bd12a1f7c3f1b95ff3381a952296cd1,1
0x1729f93e3c3c74b503b8130516984ced70bf47d9,0x4af60e76f51c36a3b424c2d94fd70a7d3b85953d,1
0x1729f93e3c3c74b503b8130516984ced70bf47d9,0x904778b44bd12a1f7c3f1b95ff3381a952296cd1,1
0x1729f93e3c3c74b503b8130516984ced70bf47d9,0x9854716bb75963c53c4f8cca97b74b94db848a71,1
0x1729f93e3c3c74b503b8130516984ced70bf47d9,0xd711e8975f248216dba4730c06fc86b9aa765f92,1
0x1729f93e3c3c74b503b8130516984ced70bf47d9,0xe052113bd7d7700d623414a0a4585bcae754e9d5,1
0x1fa013b8a395e9bce62852b36bd63df31fe7a306,0x12f37431468eb75c2a825e2cf8fde773ad94c8ea,1
0x1fa013b8a395e9bce62852b36bd63df31fe7a306,0x38a4d889a1979133fbc1d58f970f0953e3715c26,1
0x21ff21a28b4c8fd49d6097c3562d9797ac798092,0x88341d1a8f672d2780c8dc725902aae72f143b0c,1
0x21ff21a28b4c8fd49d6097c3562d9797ac798092,0xdbf56f5870e84e8e59f2000bac44148723c47f8c,1
0x2c2ed4b3876c442fee80bee76ce0ee2ca2a512af,0x0517091dc37811d6483c01c1d2adba540920a421,1
0x2c2ed4b3876c442fee80bee76ce0ee2ca2a512af,0xe052113bd7d7700d623414a0a4585bcae754e9d5,1
0x2c2ed4b3876c442fee80bee76ce0ee2ca2a512af,0xe765b86fe0566a947028fe639e1905a61dd6dc8c,1
0x2f131c4dad4be81683abb966b4de05a549144443,0xb5696e4057b9ba76616cecb5a537eaca7b3cdf54,1
0x31710513e04e66b729c7a5a98298c36d9d85b365,0x904778b44bd12a1f7c3f1b95ff3381a952296cd1,1
0x33e3c007d1d48e2b645c9ce22570267b0c82f578,0xd387a6e4e84a6c86bd90c158c6028a58cc8ac459,1
0x38a4d889a1979133fbc1d58f970f0953e3715c26,0x60b1e2f997306604de4050fa0d4095428b887b2a,1
0x38a4d889a1979133fbc1d58f970f0953e3715c26,0xb5696e4057b9ba76616cecb5a537eaca7b3cdf54,1
0x38a4d889a1979133fbc1d58f970f0953e3715c26,0xb630abd9a5367763b7cba316e870c4a54064cc9f,1
0x38a4d889a1979133fbc1d58f970f0953e3715c26,0xfc840af78a496b52e378dfa94838402e1b7f71dd,1
0x3abe35eba716e436267384c637c65fc8585c50d6,0x620b70123fb810f6c653da7644b5dd0b6312e4d8,1
0x3abe35eba716e436267384c637c65fc8585c50d6,0xb697b9455eeee9574ec5c5350cb10c8a5b752a39,1
0x3ba928f307537bf2592944c3e9fa1a22e3da8696,0x2c2ed4b3876c442fee80bee76ce0ee2ca2a512af,1
0x3c95158787b13b382e8736dded63958edfb5a05e,0xa3818bc0ab0fc8273f308ba2793e49e10aa1f756,1
0x3ecd6a57d7c4670046d71ddc9bc0f05e0659ffcb,0xdbf56f5870e84e8e59f2000bac44148723c47f8c,1
0x46e449a3f88d0e35b4520bc36e8dfda195c896b0,0x149fd340ca0df54228aacdad7755b05d0e2b23d9,1
0x46e449a3f88d0e35b4520bc36e8dfda195c896b0,0x33e3c007d1d48e2b645c9ce22570267b0c82f578,1
0x46e449a3f88d0e35b4520bc36e8dfda195c896b0,0x60b1e2f997306604de4050fa0d4095428b887b2a,1
0x46e449a3f88d0e35b4520bc36e8dfda195c896b0,0xb11b854d581ae7b737cd76459cb24ccf4433f4b6,1
0x46e449a3f88d0e35b4520bc36e8dfda195c896b0,0xe052113bd7d7700d623414a0a4585bcae754e9d5,1
0x4af60e76f51c36a3b424c2d94fd70a7d3b85953d,0x620b70123fb810f6c653da7644b5dd0b6312e4d8,1
0x4b51b2e97ff1d85b449d84a6c87b37fb6cc299e7,0x0ad7906bec133a9c0b9b00e20cc9f692fad89919,1
0x4b51b2e97ff1d85b449d84a6c87b37fb6cc299e7,0x149fd340ca0df54228aacdad7755b05d0e2b23d9,1
0x4b51b2e97ff1d85b449d84a6c87b37fb6cc299e7,0x9854716bb75963c53c4f8cca97b74b94db848a71,1
0x4e83c8f915b948453e026bdcf7cfe2e1781b5bfa,0xc310e760778ecbca4c65b6c559874757a4c4ece0,1
0x4e83c8f915b948453e026bdcf7cfe2e1781b5bfa,0xe052113bd7d7700d623414a0a4585bcae754e9d5,1
0x56a22e5f6483169658131224365b46317e9f2174,0x62b8cc7f15823ffae76b77b4523f948ef34ed3ac,1
0x56a22e5f6483169658131224365b46317e9f2174,0xfded90a3b1348425577688866f798f94d77a0d02,1
0x5a019874f4fae314b0eaa4606be746366e661306,0x5a019874f4fae314b0eaa4606be746366e661306,1
0x5a019874f4fae314b0eaa4606be746366e661306,0x747b4b9f59ba3ba85b4118044e1abde1ebce2de8,1
0x5b9a65eabc2cbfc5eceec377afa4399f702eb3d4,0x620b70123fb810f6c653da7644b5dd0b6312e4d8,1
0x5b9a65eabc2cbfc5eceec377afa4399f702eb3d4,0xc310e760778ecbca4c65b6c559874757a4c4ece0,1
0x5b9a65eabc2cbfc5eceec377afa4399f702eb3d4,0xee3766e4f996dc0e0f8c929954eaafef3441de87,1
0x5b9a65eabc2cbfc5eceec377afa4399f702eb3d4,0xf46c246c69f547bc3b864648bf13324c355e519b,1
0x5ed2f08d19c6c94cb26fbe806cbdcb1f9f2f234b,0xfcca6795934528041f9f8d09883b2f2fb6806b65,1
0x60b1e2f997306604de4050fa0d4095428b887b2a,0x8eea1d4c3c6d29c2e2b312fb0e7d4c81af87dfde,1
0x620b70123fb810f6c653da7644b5dd0b6312e4d8,0x3abe35eba716e436267384c637c65fc8585c50d6,1
0x620b70123fb810f6c653da7644b5dd0b6312e4d8,0x4af60e76f51c36a3b424c2d94fd70a7d3b85953d,1
0x620b70123fb810f6c653da7644b5dd0b6312e4d8,0x5b9a65eabc2cbfc5eceec377afa4399f702eb3d4,1
0x620b70123fb810f6c653da7644b5dd0b6312e4d8,0x915a6cb4520e16cbc75d97ae506356d9976ca2a4,1
0x620b70123fb810f6c653da7644b5dd0b6312e4d8,0xa3818bc0ab0fc8273f308ba2793e49e10aa1f756,1
0x620b70123fb810f6c653da7644b5dd0b6312e4d8,0xe47a7003e09eaa7d8ea888d5b042938894c613a6,1
0x620b70123fb810f6c653da7644b5dd0b6312e4d8,0xe6563194f9baa6e3064086a98bf73608fc17cbfd,1
0x620b70123fb810f6c653da7644b5dd0b6312e4d8,0xf3741be4aa678e7828d7665be34c6b21bcaa3248,1
0x620b70123fb810f6c653da7644b5dd0b6312e4d8,0xf98188ad7b9e0857d4371e779ddcc7a27452315d,1
0x62b8cc7f15823ffae76b77b4523f948ef34ed3ac,0x1729f93e3c3c74b503b8130516984ced70bf47d9,1
0x62b8cc7f15823ffae76b77b4523f948ef34ed3ac,0xed76912506d2f49bbac62b441121d34338864a89,1
0x62b8cc7f15823ffae76b77b4523f948ef34ed3ac,0xf46c246c69f547bc3b864648bf13324c355e519b,1
0x69c488bcda156379b6661f08a35db627e5d467dd,0xe947cf763ab06c2adecd7382877ee307559c06c9,1
0x720723842a049c8971624c1363b1e1ce312694ac,0x16205a6048b6af17f1ac1a009bbf2ed9289e6921,1
0x720723842a049c8971624c1363b1e1ce312694ac,0x4a7f84268a2f35d1d7131b38e32f348dd3b3ea96,1
0x720723842a049c8971624c1363b1e1ce312694ac,0x9f14f09264723e81d7231551af40f745976d740b,1
0x86c63007df796479cf3623a4ca698392fb3aa3eb,0xe052113bd7d7700d623414a0a4585bcae754e9d5,1
0x88341d1a8f672d2780c8dc725902aae72f143b0c,0x21ff21a28b4c8fd49d6097c3562d9797ac798092,1
0x8eea1d4c3c6d29c2e2b312fb0e7d4c81af87dfde,0x8b5ba95f952844c5c66cb53fbfe1749c70327d70,1
0x8eea1d4c3c6d29c2e2b312fb0e7d4c81af87dfde,0xa8d04cd4e1951291740ef977d56336fdc7f394c5,1
0x8eea1d4c3c6d29c2e2b312fb0e7d4c81af87dfde,0xc35f3f92a9f27a157b309a9656cfea30e5c9cce3,1
0x904778b44bd12a1f7c3f1b95ff3381a952296cd1,0x2d368d6a84b791d634e6f9f81908d884849fd43d,1
0x904778b44bd12a1f7c3f1b95ff3381a952296cd1,0xb5696e4057b9ba76616cecb5a537eaca7b3cdf54,1
0x904778b44bd12a1f7c3f1b95ff3381a952296cd1,0xe052113bd7d7700d623414a0a4585bcae754e9d5,1
0x904778b44bd12a1f7c3f1b95ff3381a952296cd1,0xfc840af78a496b52e378dfa94838402e1b7f71dd,1
0x915a6cb4520e16cbc75d97ae506356d9976ca2a4,0x620b70123fb810f6c653da7644b5dd0b6312e4d8,1
0x915a6cb4520e16cbc75d97ae506356d9976ca2a4,0xb697b9455eeee9574ec5c5350cb10c8a5b752a39,1
0x91d020e9da6493d4416bd673407828ff10dd289c,0xe052113bd7d7700d623414a0a4585bcae754e9d5,1
0x9854716bb75963c53c4f8cca97b74b94db848a71,0x91d020e9da6493d4416bd673407828ff10dd289c,1
0x9854716bb75963c53c4f8cca97b74b94db848a71,0xb5696e4057b9ba76616cecb5a537eaca7b3cdf54,1
0x9c8512ff7e7cdd8f797dfc0184890c62e5ca4693,0x4126ca4080fb0441876ccac8ff8b86f8d382bb6d,1
0x9c8512ff7e7cdd8f797dfc0184890c62e5ca4693,0xb5696e4057b9ba76616cecb5a537eaca7b3cdf54,1
0x9f14f09264723e81d7231551af40f745976d740b,0x695589d2bc5a63db1e830b1da7a07de73e58c6a8,1
0x9f14f09264723e81d7231551af40f745976d740b,0x8b5ba95f952844c5c66cb53fbfe1749c70327d70,1
0x9f14f09264723e81d7231551af40f745976d740b,0x91d020e9da6493d4416bd673407828ff10dd289c,1
0x9f14f09264723e81d7231551af40f745976d740b,0xd387a6e4e84a6c86bd90c158c6028a58cc8ac459,1
0x9f14f09264723e81d7231551af40f745976d740b,0xe6563194f9baa6e3064086a98bf73608fc17cbfd,1
0xa35a48a2a309f7bc519d40305c9d290cf4db37f2,0xb5696e4057b9ba76616cecb5a537eaca7b3cdf54,1
0xa3818bc0ab0fc8273f308ba2793e49e10aa1f756,0x904778b44bd12a1f7c3f1b95ff3381a952296cd1,1
0xa3818bc0ab0fc8273f308ba2793e49e10aa1f756,0xc310e760778ecbca4c65b6c559874757a4c4ece0,1
0xa8d04cd4e1951291740ef977d56336fdc7f394c5,0xf46c246c69f547bc3b864648bf13324c355e519b,1
0xad097fdcd58535250c59807d6683e0a6b688d6cc,0xc35f3f92a9f27a157b309a9656cfea30e5c9cce3,1
0xae545300740d789791e998c2e655fdafe6341690,0xb5696e4057b9ba76616cecb5a537eaca7b3cdf54,1
0xb11b854d581ae7b737cd76459cb24ccf4433f4b6,0xe22a36dc96688cab8b346118dbd90a96aa607a14,1
0xb2883c537c2db5dc0ef7ff912da2aa8f55845e2f,0xfded90a3b1348425577688866f798f94d77a0d02,1
0xb697b9455eeee9574ec5c5350cb10c8a5b752a39,0xc310e760778ecbca4c65b6c559874757a4c4ece0,1
0xb697b9455eeee9574ec5c5350cb10c8a5b752a39,0xd387a6e4e84a6c86bd90c158c6028a58cc8ac459,1
0xbdd95abe8a7694ccd77143376b0fbea183e6a740,0x4a7f84268a2f35d1d7131b38e32f348dd3b3ea96,1
0xbdd95abe8a7694ccd77143376b0fbea183e6a740,0xc16414ac1fedfdac4f8a09674d994e1bbb9d7113,1
0xc142995f05436c91bba172b7d17522a301323236,0x024bcbcaad82e67f721799e259ca60bc7d363419,1
0xc142995f05436c91bba172b7d17522a301323236,0x904778b44bd12a1f7c3f1b95ff3381a952296cd1,1
0xc142995f05436c91bba172b7d17522a301323236,0xe765b86fe0566a947028fe639e1905a61dd6dc8c,1
0xc16414ac1fedfdac4f8a09674d994e1bbb9d7113,0x9854716bb75963c53c4f8cca97b74b94db848a71,1
0xc16414ac1fedfdac4f8a09674d994e1bbb9d7113,0xb0b1ac282bdb139b5c5c1747977173faaa245b5a,1
0xc16414ac1fedfdac4f8a09674d994e1bbb9d7113,0xc35f3f92a9f27a157b309a9656cfea30e5c9cce3,1
0xc16414ac1fedfdac4f8a09674d994e1bbb9d7113,0xd387a6e4e84a6c86bd90c158c6028a58cc8ac459,1
0xc16414ac1fedfdac4f8a09674d994e1bbb9d7113,0xfded90a3b1348425577688866f798f94d77a0d02,1
0xc310e760778ecbca4c65b6c559874757a4c4ece0,0x12f37431468eb75c2a825e2cf8fde773ad94c8ea,1
0xc310e760778ecbca4c65b6c559874757a4c4ece0,0x33e3c007d1d48e2b645c9ce22570267b0c82f578,1
0xc310e760778ecbca4c65b6c559874757a4c4ece0,0x3ecd6a57d7c4670046d71ddc9bc0f05e0659ffcb,1
0xc310e760778ecbca4c65b6c559874757a4c4ece0,0x5b9a65eabc2cbfc5eceec377afa4399f702eb3d4,1
0xc310e760778ecbca4c65b6c559874757a4c4ece0,0x747b4b9f59ba3ba85b4118044e1abde1ebce2de8,1
0xc310e760778ecbca4c65b6c559874757a4c4ece0,0xfded90a3b1348425577688866f798f94d77a0d02,1
0xc41a84d016b1391fa0f4048d37d3131988412360,0xad097fdcd58535250c59807d6683e0a6b688d6cc,1
0xc665a60f22dda926b920deb8ffac0ef9d8a17460,0x16205a6048b6af17f1ac1a009bbf2ed9289e6921,1
0xc665a60f22dda926b920deb8ffac0ef9d8a17460,0x9854716bb75963c53c4f8cca97b74b94db848a71,1
0xc665a60f22dda926b920deb8ffac0ef9d8a17460,0xe052113bd7d7700d623414a0a4585bcae754e9d5,1
0xcc47f370d7b0892e5be50e3642d7815abb13c449,0x915a6cb4520e16cbc75d97ae506356d9976ca2a4,1
0xcc47f370d7b0892e5be50e3642d7815abb13c449,0x9854716bb75963c53c4f8cca97b74b94db848a71,1
0xcc47f370d7b0892e5be50e3642d7815abb13c449,0xf46c246c69f547bc3b864648bf13324c355e519b,1
0xd387a6e4e84a6c86bd90c158c6028a58cc8ac459,0xe710592ac31387fcfc84666f8c108d7f38f29c2e,1
0xd711e8975f248216dba4730c06fc86b9aa765f92,0x2d368d6a84b791d634e6f9f81908d884849fd43d,1
0xd711e8975f248216dba4730c06fc86b9aa765f92,0xb697b9455eeee9574ec5c5350cb10c8a5b752a39,1
0xd711e8975f248216dba4730c06fc86b9aa765f92,0xe052113bd7d7700d623414a0a4585bcae754e9d5,1
0xdbb643740ce08ad124dd5ca747845fe798f12624,0xe052113bd7d7700d623414a0a4585bcae754e9d5,1
0xe052113bd7d7700d623414a0a4585bcae754e9d5,0xa3818bc0ab0fc8273f308ba2793e49e10aa1f756,1
0xe052113bd7d7700d623414a0a4585bcae754e9d5,0xe47a7003e09eaa7d8ea888d5b042938894c613a6,1
0xe22a36dc96688cab8b346118dbd90a96aa607a14,0xb697b9455eeee9574ec5c5350cb10c8a5b752a39,1
0xe47a7003e09eaa7d8ea888d5b042938894c613a6,0x620b70123fb810f6c653da7644b5dd0b6312e4d8,1
0xe6563194f9baa6e3064086a98bf73608fc17cbfd,0x620b70123fb810f6c653da7644b5dd0b6312e4d8,1
0xe710592ac31387fcfc84666f8c108d7f38f29c2e,0x620b70123fb810f6c653da7644b5dd0b6312e4d8,1
0xe710592ac31387fcfc84666f8c108d7f38f29c2e,0xc35f3f92a9f27a157b309a9656cfea30e5c9cce3,1
0xe765b86fe0566a947028fe639e1905a61dd6dc8c,0x620b70123fb810f6c653da7644b5dd0b6312e4d8,1
0xe765b86fe0566a947028fe639e1905a61dd6dc8c,0x9c8512ff7e7cdd8f797dfc0184890c62e5ca4693,1
0xe947cf763ab06c2adecd7382877ee307559c06c9,0xc310e760778ecbca4c65b6c559874757a4c4ece0,1
0xee3766e4f996dc0e0f8c929954eaafef3441de87,0x8b5ba95f952844c5c66cb53fbfe1749c70327d70,1
0xee3766e4f996dc0e0f8c929954eaafef3441de87,0xb5696e4057b9ba76616cecb5a537eaca7b3cdf54,1
0xf3741be4aa678e7828d7665be34c6b21bcaa3248,0x620b70123fb810f6c653da7644b5dd0b6312e4d8,1
0xf3741be4aa678e7828d7665be34c6b21bcaa3248,0xcc47f370d7b0892e5be50e3642d7815abb13c449,1
0xf3d6912f569d195c4590c432975b538c147c1a9b,0x8eea1d4c3c6d29c2e2b312fb0e7d4c81af87dfde,1
0xf5fddb64c566f2709b68378fd0d0092cf947d931,0xa3818bc0ab0fc8273f308ba2793e49e10aa1f756,1
0xf98188ad7b9e0857d4371e779ddcc7a27452315d,0x620b70123fb810f6c653da7644b5dd0b6312e4d8,1
0xf98188ad7b9e0857d4371e779ddcc7a27452315d,0x62b8cc7f15823ffae76b77b4523f948ef34ed3ac,1
0xf98188ad7b9e0857d4371e779ddcc7a27452315d,0xb2883c537c2db5dc0ef7ff912da2aa8f55845e2f,1
0xf98188ad7b9e0857d4371e779ddcc7a27452315d,0xf46c246c69f547bc3b864648bf13324c355e519b,1
0xfcca6795934528041f9f8d09883b2f2fb6806b65,0xfcca6795934528041f9f8d09883b2f2fb6806b65,1
0xfded90a3b1348425577688866f798f94d77a0d02,0x21ff21a28b4c8fd49d6097c3562d9797ac798092,1
